{
  "analysis_commands": [
    [
      "python",
      "scripts/analyze_completion.py",
      "--plan",
      "artifacts/completion_20260905/reproduction_preflight_sequential_v1/vendor_contest.json",
      "--out",
      "artifacts/completion_20260905/reproduction_preflight_sequential_v1/vendor_contest_results.json",
      "--n-boot",
      "2000",
      "--seed",
      "20260905"
    ],
    [
      "python",
      "scripts/analyze_calibrated_loyalty.py",
      "--plan",
      "artifacts/completion_20260905/reproduction_preflight_sequential_v1/corrected_original_loyalty.json",
      "--out",
      "artifacts/completion_20260905/reproduction_preflight_sequential_v1/corrected_original_loyalty_results.json",
      "--n-boot",
      "2000",
      "--seed",
      "20260905"
    ]
  ],
  "analysis_engines": {
    "corrected_original_loyalty": "slc.calibrated_loyalty_analysis",
    "vendor_contest": "slc.completion_analysis"
  },
  "collector_manifests": [
    {
      "path": "results/completion_20260905/completed_manifest_sequential_scope_v1.json",
      "sha256": "9fd72a1cc7fe4ae5650e306fefcd373ea7ac0a4568f4b899765e08698883ca45"
    }
  ],
  "command_working_directory": "repository_root",
  "complete": true,
  "design_id": "completion-analysis-20260905-v2",
  "design_path": "results/completion_20260905/analysis_design_v2.json",
  "design_sha256": "adb37c1e759744d1e283b9772ca8f708b2b0261ab693464e69c32c5e710e6599",
  "execution_view": {
    "completeness_scope": "Completeness applies to the selected execution view. Remaining design IDs remain planned.",
    "fresh_suite_target_ids": [
      "generation_v1/pair_blocked_M_o0.0_s0/contest_named_v2/vendor/M",
      "generation_v1/pair_blocked_M_o0.0_s0/contest_named_v2/vendor/S",
      "generation_v1/pair_blocked_M_o0.0_s0/loyalty_QM/vendor/M",
      "generation_v1/pair_blocked_M_o0.0_s0/loyalty_QS/vendor/S",
      "generation_v1/pair_blocked_M_o0.0_s1/contest_named_v2/vendor/M",
      "generation_v1/pair_blocked_M_o0.0_s1/contest_named_v2/vendor/S",
      "generation_v1/pair_blocked_M_o0.0_s1/loyalty_QM/vendor/M",
      "generation_v1/pair_blocked_M_o0.0_s1/loyalty_QS/vendor/S",
      "generation_v1/pair_blocked_M_o1.0_s0/contest_named_v2/vendor/M",
      "generation_v1/pair_blocked_M_o1.0_s0/contest_named_v2/vendor/S",
      "generation_v1/pair_blocked_M_o1.0_s0/loyalty_QM/vendor/M",
      "generation_v1/pair_blocked_M_o1.0_s0/loyalty_QS/vendor/S",
      "generation_v1/pair_blocked_M_o1.0_s1/contest_named_v2/vendor/M",
      "generation_v1/pair_blocked_M_o1.0_s1/contest_named_v2/vendor/S",
      "generation_v1/pair_blocked_M_o1.0_s1/loyalty_QM/vendor/M",
      "generation_v1/pair_blocked_M_o1.0_s1/loyalty_QS/vendor/S",
      "generation_v1/pair_blocked_S_o0.0_s0/contest_named_v2/vendor/M",
      "generation_v1/pair_blocked_S_o0.0_s0/contest_named_v2/vendor/S",
      "generation_v1/pair_blocked_S_o0.0_s0/loyalty_QM/vendor/M",
      "generation_v1/pair_blocked_S_o0.0_s0/loyalty_QS/vendor/S",
      "generation_v1/pair_blocked_S_o0.0_s1/contest_named_v2/vendor/M",
      "generation_v1/pair_blocked_S_o0.0_s1/contest_named_v2/vendor/S",
      "generation_v1/pair_blocked_S_o0.0_s1/loyalty_QM/vendor/M",
      "generation_v1/pair_blocked_S_o0.0_s1/loyalty_QS/vendor/S",
      "generation_v1/pair_blocked_S_o1.0_s0/contest_named_v2/vendor/M",
      "generation_v1/pair_blocked_S_o1.0_s0/contest_named_v2/vendor/S",
      "generation_v1/pair_blocked_S_o1.0_s0/loyalty_QM/vendor/M",
      "generation_v1/pair_blocked_S_o1.0_s0/loyalty_QS/vendor/S",
      "generation_v1/pair_blocked_S_o1.0_s1/contest_named_v2/vendor/M",
      "generation_v1/pair_blocked_S_o1.0_s1/contest_named_v2/vendor/S",
      "generation_v1/pair_blocked_S_o1.0_s1/loyalty_QM/vendor/M",
      "generation_v1/pair_blocked_S_o1.0_s1/loyalty_QS/vendor/S"
    ],
    "fresh_target_meaning": "Suite targets excluding reused dependencies; this inventory does not inspect current judging progress.",
    "full_design": {
      "analysis_arms": 55,
      "analysis_response_uses": 71728,
      "design_id": "completion-analysis-20260905-v2",
      "explicit_comparisons": 816,
      "sha256": "adb37c1e759744d1e283b9772ca8f708b2b0261ab693464e69c32c5e710e6599",
      "shared_response_note": "The base contest responses enter both vendor and stance analyses; they are the same 384 responses.",
      "target_evaluations": 84,
      "unique_generated_responses": 71344,
      "unique_generation_artifacts": 54
    },
    "remaining": {
      "analysis_arm_ids": [
        "historical_scope/base/scope_v1",
        "historical_scope/historical_pair_o0_s0/scope_v1",
        "historical_scope/historical_pair_o1_s0/scope_v1",
        "historical_scope/solo_M_s0/scope_v1",
        "historical_scope/solo_M_s1/scope_v1",
        "historical_scope/solo_S_s0/scope_v1",
        "historical_scope/style_M_s0/scope_v1",
        "phrase_contest/base/contest_named_v2",
        "phrase_contest/phrase_pair_o0_s0/contest_named_v2",
        "phrase_contest/phrase_pair_o1_s0/contest_named_v2",
        "vendor_contest/historical_pair_o0_s0/contest_named_v2",
        "vendor_contest/historical_pair_o1_s0/contest_named_v2",
        "vendor_contest/solo_M_s0/contest_named_v2",
        "vendor_contest/solo_M_s1/contest_named_v2",
        "vendor_contest/solo_S_s0/contest_named_v2",
        "vendor_contest/style_M_s0/contest_named_v2"
      ],
      "comparison_ids": [],
      "generation_ids": [
        "generation_v1/base/scope_v1",
        "generation_v1/historical_pair_o0_s0/contest_named_v2",
        "generation_v1/historical_pair_o0_s0/scope_v1",
        "generation_v1/historical_pair_o1_s0/contest_named_v2",
        "generation_v1/historical_pair_o1_s0/scope_v1",
        "generation_v1/phrase_pair_o0_s0/contest_named_v2",
        "generation_v1/phrase_pair_o1_s0/contest_named_v2",
        "generation_v1/solo_M_s0/contest_named_v2",
        "generation_v1/solo_M_s0/scope_v1",
        "generation_v1/solo_M_s1/contest_named_v2",
        "generation_v1/solo_M_s1/scope_v1",
        "generation_v1/solo_S_s0/contest_named_v2",
        "generation_v1/solo_S_s0/scope_v1",
        "generation_v1/style_M_s0/contest_named_v2",
        "generation_v1/style_M_s0/scope_v1"
      ],
      "model_pair_ids": [],
      "target_ids": [
        "generation_v1/base/contest_named_v2/stance/A",
        "generation_v1/base/contest_named_v2/stance/B",
        "generation_v1/base/scope_v1/vendor/M",
        "generation_v1/base/scope_v1/vendor/S",
        "generation_v1/historical_pair_o0_s0/contest_named_v2/vendor/M",
        "generation_v1/historical_pair_o0_s0/contest_named_v2/vendor/S",
        "generation_v1/historical_pair_o0_s0/scope_v1/vendor/M",
        "generation_v1/historical_pair_o0_s0/scope_v1/vendor/S",
        "generation_v1/historical_pair_o1_s0/contest_named_v2/vendor/M",
        "generation_v1/historical_pair_o1_s0/contest_named_v2/vendor/S",
        "generation_v1/historical_pair_o1_s0/scope_v1/vendor/M",
        "generation_v1/historical_pair_o1_s0/scope_v1/vendor/S",
        "generation_v1/phrase_pair_o0_s0/contest_named_v2/stance/A",
        "generation_v1/phrase_pair_o0_s0/contest_named_v2/stance/B",
        "generation_v1/phrase_pair_o1_s0/contest_named_v2/stance/A",
        "generation_v1/phrase_pair_o1_s0/contest_named_v2/stance/B",
        "generation_v1/solo_M_s0/contest_named_v2/vendor/M",
        "generation_v1/solo_M_s0/contest_named_v2/vendor/S",
        "generation_v1/solo_M_s0/scope_v1/vendor/M",
        "generation_v1/solo_M_s0/scope_v1/vendor/S",
        "generation_v1/solo_M_s1/contest_named_v2/vendor/M",
        "generation_v1/solo_M_s1/contest_named_v2/vendor/S",
        "generation_v1/solo_M_s1/scope_v1/vendor/M",
        "generation_v1/solo_M_s1/scope_v1/vendor/S",
        "generation_v1/solo_S_s0/contest_named_v2/vendor/M",
        "generation_v1/solo_S_s0/contest_named_v2/vendor/S",
        "generation_v1/solo_S_s0/scope_v1/vendor/M",
        "generation_v1/solo_S_s0/scope_v1/vendor/S",
        "generation_v1/style_M_s0/contest_named_v2/vendor/M",
        "generation_v1/style_M_s0/contest_named_v2/vendor/S",
        "generation_v1/style_M_s0/scope_v1/vendor/M",
        "generation_v1/style_M_s0/scope_v1/vendor/S"
      ]
    },
    "reused_dependency_target_ids": [
      "generation_v1/base/contest_named_v2/vendor/M",
      "generation_v1/base/contest_named_v2/vendor/S",
      "generation_v1/base/loyalty_QM/vendor/M",
      "generation_v1/base/loyalty_QS/vendor/S",
      "generation_v1/pair_joint_M_o0.0_s0/contest_named_v2/vendor/M",
      "generation_v1/pair_joint_M_o0.0_s0/contest_named_v2/vendor/S",
      "generation_v1/pair_joint_M_o0.0_s0/loyalty_QM/vendor/M",
      "generation_v1/pair_joint_M_o0.0_s0/loyalty_QS/vendor/S",
      "generation_v1/pair_joint_M_o0.0_s1/contest_named_v2/vendor/M",
      "generation_v1/pair_joint_M_o0.0_s1/contest_named_v2/vendor/S",
      "generation_v1/pair_joint_M_o0.0_s1/loyalty_QM/vendor/M",
      "generation_v1/pair_joint_M_o0.0_s1/loyalty_QS/vendor/S",
      "generation_v1/pair_joint_M_o1.0_s0/contest_named_v2/vendor/M",
      "generation_v1/pair_joint_M_o1.0_s0/contest_named_v2/vendor/S",
      "generation_v1/pair_joint_M_o1.0_s0/loyalty_QM/vendor/M",
      "generation_v1/pair_joint_M_o1.0_s0/loyalty_QS/vendor/S",
      "generation_v1/pair_joint_M_o1.0_s1/contest_named_v2/vendor/M",
      "generation_v1/pair_joint_M_o1.0_s1/contest_named_v2/vendor/S",
      "generation_v1/pair_joint_M_o1.0_s1/loyalty_QM/vendor/M",
      "generation_v1/pair_joint_M_o1.0_s1/loyalty_QS/vendor/S"
    ],
    "selected": {
      "analysis_arm_ids": [
        "corrected_original_loyalty/base/loyalty_QM",
        "corrected_original_loyalty/base/loyalty_QS",
        "corrected_original_loyalty/pair_blocked_M_o0.0_s0/loyalty_QM",
        "corrected_original_loyalty/pair_blocked_M_o0.0_s0/loyalty_QS",
        "corrected_original_loyalty/pair_blocked_M_o0.0_s1/loyalty_QM",
        "corrected_original_loyalty/pair_blocked_M_o0.0_s1/loyalty_QS",
        "corrected_original_loyalty/pair_blocked_M_o1.0_s0/loyalty_QM",
        "corrected_original_loyalty/pair_blocked_M_o1.0_s0/loyalty_QS",
        "corrected_original_loyalty/pair_blocked_M_o1.0_s1/loyalty_QM",
        "corrected_original_loyalty/pair_blocked_M_o1.0_s1/loyalty_QS",
        "corrected_original_loyalty/pair_blocked_S_o0.0_s0/loyalty_QM",
        "corrected_original_loyalty/pair_blocked_S_o0.0_s0/loyalty_QS",
        "corrected_original_loyalty/pair_blocked_S_o0.0_s1/loyalty_QM",
        "corrected_original_loyalty/pair_blocked_S_o0.0_s1/loyalty_QS",
        "corrected_original_loyalty/pair_blocked_S_o1.0_s0/loyalty_QM",
        "corrected_original_loyalty/pair_blocked_S_o1.0_s0/loyalty_QS",
        "corrected_original_loyalty/pair_blocked_S_o1.0_s1/loyalty_QM",
        "corrected_original_loyalty/pair_blocked_S_o1.0_s1/loyalty_QS",
        "corrected_original_loyalty/pair_joint_M_o0.0_s0/loyalty_QM",
        "corrected_original_loyalty/pair_joint_M_o0.0_s0/loyalty_QS",
        "corrected_original_loyalty/pair_joint_M_o0.0_s1/loyalty_QM",
        "corrected_original_loyalty/pair_joint_M_o0.0_s1/loyalty_QS",
        "corrected_original_loyalty/pair_joint_M_o1.0_s0/loyalty_QM",
        "corrected_original_loyalty/pair_joint_M_o1.0_s0/loyalty_QS",
        "corrected_original_loyalty/pair_joint_M_o1.0_s1/loyalty_QM",
        "corrected_original_loyalty/pair_joint_M_o1.0_s1/loyalty_QS",
        "vendor_contest/base/contest_named_v2",
        "vendor_contest/pair_blocked_M_o0.0_s0/contest_named_v2",
        "vendor_contest/pair_blocked_M_o0.0_s1/contest_named_v2",
        "vendor_contest/pair_blocked_M_o1.0_s0/contest_named_v2",
        "vendor_contest/pair_blocked_M_o1.0_s1/contest_named_v2",
        "vendor_contest/pair_blocked_S_o0.0_s0/contest_named_v2",
        "vendor_contest/pair_blocked_S_o0.0_s1/contest_named_v2",
        "vendor_contest/pair_blocked_S_o1.0_s0/contest_named_v2",
        "vendor_contest/pair_blocked_S_o1.0_s1/contest_named_v2",
        "vendor_contest/pair_joint_M_o0.0_s0/contest_named_v2",
        "vendor_contest/pair_joint_M_o0.0_s1/contest_named_v2",
        "vendor_contest/pair_joint_M_o1.0_s0/contest_named_v2",
        "vendor_contest/pair_joint_M_o1.0_s1/contest_named_v2"
      ],
      "comparison_ids": [
        "corrected_original_loyalty/blocked_order__pair_blocked_M_o0.0_s0__minus__pair_blocked_S_o0.0_s0__M__named_no_authority__served",
        "corrected_original_loyalty/blocked_order__pair_blocked_M_o0.0_s0__minus__pair_blocked_S_o0.0_s0__M__named_not_live__served",
        "corrected_original_loyalty/blocked_order__pair_blocked_M_o0.0_s0__minus__pair_blocked_S_o0.0_s0__M__named_wrong_direction__served",
        "corrected_original_loyalty/blocked_order__pair_blocked_M_o0.0_s0__minus__pair_blocked_S_o0.0_s0__M__positive__served",
        "corrected_original_loyalty/blocked_order__pair_blocked_M_o0.0_s0__minus__pair_blocked_S_o0.0_s0__M__rival_leaning__served",
        "corrected_original_loyalty/blocked_order__pair_blocked_M_o0.0_s0__minus__pair_blocked_S_o0.0_s0__S__named_no_authority__served",
        "corrected_original_loyalty/blocked_order__pair_blocked_M_o0.0_s0__minus__pair_blocked_S_o0.0_s0__S__named_not_live__served",
        "corrected_original_loyalty/blocked_order__pair_blocked_M_o0.0_s0__minus__pair_blocked_S_o0.0_s0__S__named_wrong_direction__served",
        "corrected_original_loyalty/blocked_order__pair_blocked_M_o0.0_s0__minus__pair_blocked_S_o0.0_s0__S__positive__served",
        "corrected_original_loyalty/blocked_order__pair_blocked_M_o0.0_s0__minus__pair_blocked_S_o0.0_s0__S__rival_leaning__served",
        "corrected_original_loyalty/blocked_order__pair_blocked_M_o0.0_s1__minus__pair_blocked_S_o0.0_s1__M__named_no_authority__served",
        "corrected_original_loyalty/blocked_order__pair_blocked_M_o0.0_s1__minus__pair_blocked_S_o0.0_s1__M__named_not_live__served",
        "corrected_original_loyalty/blocked_order__pair_blocked_M_o0.0_s1__minus__pair_blocked_S_o0.0_s1__M__named_wrong_direction__served",
        "corrected_original_loyalty/blocked_order__pair_blocked_M_o0.0_s1__minus__pair_blocked_S_o0.0_s1__M__positive__served",
        "corrected_original_loyalty/blocked_order__pair_blocked_M_o0.0_s1__minus__pair_blocked_S_o0.0_s1__M__rival_leaning__served",
        "corrected_original_loyalty/blocked_order__pair_blocked_M_o0.0_s1__minus__pair_blocked_S_o0.0_s1__S__named_no_authority__served",
        "corrected_original_loyalty/blocked_order__pair_blocked_M_o0.0_s1__minus__pair_blocked_S_o0.0_s1__S__named_not_live__served",
        "corrected_original_loyalty/blocked_order__pair_blocked_M_o0.0_s1__minus__pair_blocked_S_o0.0_s1__S__named_wrong_direction__served",
        "corrected_original_loyalty/blocked_order__pair_blocked_M_o0.0_s1__minus__pair_blocked_S_o0.0_s1__S__positive__served",
        "corrected_original_loyalty/blocked_order__pair_blocked_M_o0.0_s1__minus__pair_blocked_S_o0.0_s1__S__rival_leaning__served",
        "corrected_original_loyalty/blocked_order__pair_blocked_M_o1.0_s0__minus__pair_blocked_S_o1.0_s0__M__named_no_authority__served",
        "corrected_original_loyalty/blocked_order__pair_blocked_M_o1.0_s0__minus__pair_blocked_S_o1.0_s0__M__named_not_live__served",
        "corrected_original_loyalty/blocked_order__pair_blocked_M_o1.0_s0__minus__pair_blocked_S_o1.0_s0__M__named_wrong_direction__served",
        "corrected_original_loyalty/blocked_order__pair_blocked_M_o1.0_s0__minus__pair_blocked_S_o1.0_s0__M__positive__served",
        "corrected_original_loyalty/blocked_order__pair_blocked_M_o1.0_s0__minus__pair_blocked_S_o1.0_s0__M__rival_leaning__served",
        "corrected_original_loyalty/blocked_order__pair_blocked_M_o1.0_s0__minus__pair_blocked_S_o1.0_s0__S__named_no_authority__served",
        "corrected_original_loyalty/blocked_order__pair_blocked_M_o1.0_s0__minus__pair_blocked_S_o1.0_s0__S__named_not_live__served",
        "corrected_original_loyalty/blocked_order__pair_blocked_M_o1.0_s0__minus__pair_blocked_S_o1.0_s0__S__named_wrong_direction__served",
        "corrected_original_loyalty/blocked_order__pair_blocked_M_o1.0_s0__minus__pair_blocked_S_o1.0_s0__S__positive__served",
        "corrected_original_loyalty/blocked_order__pair_blocked_M_o1.0_s0__minus__pair_blocked_S_o1.0_s0__S__rival_leaning__served",
        "corrected_original_loyalty/blocked_order__pair_blocked_M_o1.0_s1__minus__pair_blocked_S_o1.0_s1__M__named_no_authority__served",
        "corrected_original_loyalty/blocked_order__pair_blocked_M_o1.0_s1__minus__pair_blocked_S_o1.0_s1__M__named_not_live__served",
        "corrected_original_loyalty/blocked_order__pair_blocked_M_o1.0_s1__minus__pair_blocked_S_o1.0_s1__M__named_wrong_direction__served",
        "corrected_original_loyalty/blocked_order__pair_blocked_M_o1.0_s1__minus__pair_blocked_S_o1.0_s1__M__positive__served",
        "corrected_original_loyalty/blocked_order__pair_blocked_M_o1.0_s1__minus__pair_blocked_S_o1.0_s1__M__rival_leaning__served",
        "corrected_original_loyalty/blocked_order__pair_blocked_M_o1.0_s1__minus__pair_blocked_S_o1.0_s1__S__named_no_authority__served",
        "corrected_original_loyalty/blocked_order__pair_blocked_M_o1.0_s1__minus__pair_blocked_S_o1.0_s1__S__named_not_live__served",
        "corrected_original_loyalty/blocked_order__pair_blocked_M_o1.0_s1__minus__pair_blocked_S_o1.0_s1__S__named_wrong_direction__served",
        "corrected_original_loyalty/blocked_order__pair_blocked_M_o1.0_s1__minus__pair_blocked_S_o1.0_s1__S__positive__served",
        "corrected_original_loyalty/blocked_order__pair_blocked_M_o1.0_s1__minus__pair_blocked_S_o1.0_s1__S__rival_leaning__served",
        "corrected_original_loyalty/blocked_vs_joint__pair_blocked_M_o0.0_s0__minus__pair_joint_M_o0.0_s0__M__named_no_authority__served",
        "corrected_original_loyalty/blocked_vs_joint__pair_blocked_M_o0.0_s0__minus__pair_joint_M_o0.0_s0__M__named_not_live__served",
        "corrected_original_loyalty/blocked_vs_joint__pair_blocked_M_o0.0_s0__minus__pair_joint_M_o0.0_s0__M__named_wrong_direction__served",
        "corrected_original_loyalty/blocked_vs_joint__pair_blocked_M_o0.0_s0__minus__pair_joint_M_o0.0_s0__M__positive__served",
        "corrected_original_loyalty/blocked_vs_joint__pair_blocked_M_o0.0_s0__minus__pair_joint_M_o0.0_s0__M__rival_leaning__served",
        "corrected_original_loyalty/blocked_vs_joint__pair_blocked_M_o0.0_s0__minus__pair_joint_M_o0.0_s0__S__named_no_authority__served",
        "corrected_original_loyalty/blocked_vs_joint__pair_blocked_M_o0.0_s0__minus__pair_joint_M_o0.0_s0__S__named_not_live__served",
        "corrected_original_loyalty/blocked_vs_joint__pair_blocked_M_o0.0_s0__minus__pair_joint_M_o0.0_s0__S__named_wrong_direction__served",
        "corrected_original_loyalty/blocked_vs_joint__pair_blocked_M_o0.0_s0__minus__pair_joint_M_o0.0_s0__S__positive__served",
        "corrected_original_loyalty/blocked_vs_joint__pair_blocked_M_o0.0_s0__minus__pair_joint_M_o0.0_s0__S__rival_leaning__served",
        "corrected_original_loyalty/blocked_vs_joint__pair_blocked_M_o0.0_s1__minus__pair_joint_M_o0.0_s1__M__named_no_authority__served",
        "corrected_original_loyalty/blocked_vs_joint__pair_blocked_M_o0.0_s1__minus__pair_joint_M_o0.0_s1__M__named_not_live__served",
        "corrected_original_loyalty/blocked_vs_joint__pair_blocked_M_o0.0_s1__minus__pair_joint_M_o0.0_s1__M__named_wrong_direction__served",
        "corrected_original_loyalty/blocked_vs_joint__pair_blocked_M_o0.0_s1__minus__pair_joint_M_o0.0_s1__M__positive__served",
        "corrected_original_loyalty/blocked_vs_joint__pair_blocked_M_o0.0_s1__minus__pair_joint_M_o0.0_s1__M__rival_leaning__served",
        "corrected_original_loyalty/blocked_vs_joint__pair_blocked_M_o0.0_s1__minus__pair_joint_M_o0.0_s1__S__named_no_authority__served",
        "corrected_original_loyalty/blocked_vs_joint__pair_blocked_M_o0.0_s1__minus__pair_joint_M_o0.0_s1__S__named_not_live__served",
        "corrected_original_loyalty/blocked_vs_joint__pair_blocked_M_o0.0_s1__minus__pair_joint_M_o0.0_s1__S__named_wrong_direction__served",
        "corrected_original_loyalty/blocked_vs_joint__pair_blocked_M_o0.0_s1__minus__pair_joint_M_o0.0_s1__S__positive__served",
        "corrected_original_loyalty/blocked_vs_joint__pair_blocked_M_o0.0_s1__minus__pair_joint_M_o0.0_s1__S__rival_leaning__served",
        "corrected_original_loyalty/blocked_vs_joint__pair_blocked_M_o1.0_s0__minus__pair_joint_M_o1.0_s0__M__named_no_authority__served",
        "corrected_original_loyalty/blocked_vs_joint__pair_blocked_M_o1.0_s0__minus__pair_joint_M_o1.0_s0__M__named_not_live__served",
        "corrected_original_loyalty/blocked_vs_joint__pair_blocked_M_o1.0_s0__minus__pair_joint_M_o1.0_s0__M__named_wrong_direction__served",
        "corrected_original_loyalty/blocked_vs_joint__pair_blocked_M_o1.0_s0__minus__pair_joint_M_o1.0_s0__M__positive__served",
        "corrected_original_loyalty/blocked_vs_joint__pair_blocked_M_o1.0_s0__minus__pair_joint_M_o1.0_s0__M__rival_leaning__served",
        "corrected_original_loyalty/blocked_vs_joint__pair_blocked_M_o1.0_s0__minus__pair_joint_M_o1.0_s0__S__named_no_authority__served",
        "corrected_original_loyalty/blocked_vs_joint__pair_blocked_M_o1.0_s0__minus__pair_joint_M_o1.0_s0__S__named_not_live__served",
        "corrected_original_loyalty/blocked_vs_joint__pair_blocked_M_o1.0_s0__minus__pair_joint_M_o1.0_s0__S__named_wrong_direction__served",
        "corrected_original_loyalty/blocked_vs_joint__pair_blocked_M_o1.0_s0__minus__pair_joint_M_o1.0_s0__S__positive__served",
        "corrected_original_loyalty/blocked_vs_joint__pair_blocked_M_o1.0_s0__minus__pair_joint_M_o1.0_s0__S__rival_leaning__served",
        "corrected_original_loyalty/blocked_vs_joint__pair_blocked_M_o1.0_s1__minus__pair_joint_M_o1.0_s1__M__named_no_authority__served",
        "corrected_original_loyalty/blocked_vs_joint__pair_blocked_M_o1.0_s1__minus__pair_joint_M_o1.0_s1__M__named_not_live__served",
        "corrected_original_loyalty/blocked_vs_joint__pair_blocked_M_o1.0_s1__minus__pair_joint_M_o1.0_s1__M__named_wrong_direction__served",
        "corrected_original_loyalty/blocked_vs_joint__pair_blocked_M_o1.0_s1__minus__pair_joint_M_o1.0_s1__M__positive__served",
        "corrected_original_loyalty/blocked_vs_joint__pair_blocked_M_o1.0_s1__minus__pair_joint_M_o1.0_s1__M__rival_leaning__served",
        "corrected_original_loyalty/blocked_vs_joint__pair_blocked_M_o1.0_s1__minus__pair_joint_M_o1.0_s1__S__named_no_authority__served",
        "corrected_original_loyalty/blocked_vs_joint__pair_blocked_M_o1.0_s1__minus__pair_joint_M_o1.0_s1__S__named_not_live__served",
        "corrected_original_loyalty/blocked_vs_joint__pair_blocked_M_o1.0_s1__minus__pair_joint_M_o1.0_s1__S__named_wrong_direction__served",
        "corrected_original_loyalty/blocked_vs_joint__pair_blocked_M_o1.0_s1__minus__pair_joint_M_o1.0_s1__S__positive__served",
        "corrected_original_loyalty/blocked_vs_joint__pair_blocked_M_o1.0_s1__minus__pair_joint_M_o1.0_s1__S__rival_leaning__served",
        "corrected_original_loyalty/blocked_vs_joint__pair_blocked_S_o0.0_s0__minus__pair_joint_M_o0.0_s0__M__named_no_authority__served",
        "corrected_original_loyalty/blocked_vs_joint__pair_blocked_S_o0.0_s0__minus__pair_joint_M_o0.0_s0__M__named_not_live__served",
        "corrected_original_loyalty/blocked_vs_joint__pair_blocked_S_o0.0_s0__minus__pair_joint_M_o0.0_s0__M__named_wrong_direction__served",
        "corrected_original_loyalty/blocked_vs_joint__pair_blocked_S_o0.0_s0__minus__pair_joint_M_o0.0_s0__M__positive__served",
        "corrected_original_loyalty/blocked_vs_joint__pair_blocked_S_o0.0_s0__minus__pair_joint_M_o0.0_s0__M__rival_leaning__served",
        "corrected_original_loyalty/blocked_vs_joint__pair_blocked_S_o0.0_s0__minus__pair_joint_M_o0.0_s0__S__named_no_authority__served",
        "corrected_original_loyalty/blocked_vs_joint__pair_blocked_S_o0.0_s0__minus__pair_joint_M_o0.0_s0__S__named_not_live__served",
        "corrected_original_loyalty/blocked_vs_joint__pair_blocked_S_o0.0_s0__minus__pair_joint_M_o0.0_s0__S__named_wrong_direction__served",
        "corrected_original_loyalty/blocked_vs_joint__pair_blocked_S_o0.0_s0__minus__pair_joint_M_o0.0_s0__S__positive__served",
        "corrected_original_loyalty/blocked_vs_joint__pair_blocked_S_o0.0_s0__minus__pair_joint_M_o0.0_s0__S__rival_leaning__served",
        "corrected_original_loyalty/blocked_vs_joint__pair_blocked_S_o0.0_s1__minus__pair_joint_M_o0.0_s1__M__named_no_authority__served",
        "corrected_original_loyalty/blocked_vs_joint__pair_blocked_S_o0.0_s1__minus__pair_joint_M_o0.0_s1__M__named_not_live__served",
        "corrected_original_loyalty/blocked_vs_joint__pair_blocked_S_o0.0_s1__minus__pair_joint_M_o0.0_s1__M__named_wrong_direction__served",
        "corrected_original_loyalty/blocked_vs_joint__pair_blocked_S_o0.0_s1__minus__pair_joint_M_o0.0_s1__M__positive__served",
        "corrected_original_loyalty/blocked_vs_joint__pair_blocked_S_o0.0_s1__minus__pair_joint_M_o0.0_s1__M__rival_leaning__served",
        "corrected_original_loyalty/blocked_vs_joint__pair_blocked_S_o0.0_s1__minus__pair_joint_M_o0.0_s1__S__named_no_authority__served",
        "corrected_original_loyalty/blocked_vs_joint__pair_blocked_S_o0.0_s1__minus__pair_joint_M_o0.0_s1__S__named_not_live__served",
        "corrected_original_loyalty/blocked_vs_joint__pair_blocked_S_o0.0_s1__minus__pair_joint_M_o0.0_s1__S__named_wrong_direction__served",
        "corrected_original_loyalty/blocked_vs_joint__pair_blocked_S_o0.0_s1__minus__pair_joint_M_o0.0_s1__S__positive__served",
        "corrected_original_loyalty/blocked_vs_joint__pair_blocked_S_o0.0_s1__minus__pair_joint_M_o0.0_s1__S__rival_leaning__served",
        "corrected_original_loyalty/blocked_vs_joint__pair_blocked_S_o1.0_s0__minus__pair_joint_M_o1.0_s0__M__named_no_authority__served",
        "corrected_original_loyalty/blocked_vs_joint__pair_blocked_S_o1.0_s0__minus__pair_joint_M_o1.0_s0__M__named_not_live__served",
        "corrected_original_loyalty/blocked_vs_joint__pair_blocked_S_o1.0_s0__minus__pair_joint_M_o1.0_s0__M__named_wrong_direction__served",
        "corrected_original_loyalty/blocked_vs_joint__pair_blocked_S_o1.0_s0__minus__pair_joint_M_o1.0_s0__M__positive__served",
        "corrected_original_loyalty/blocked_vs_joint__pair_blocked_S_o1.0_s0__minus__pair_joint_M_o1.0_s0__M__rival_leaning__served",
        "corrected_original_loyalty/blocked_vs_joint__pair_blocked_S_o1.0_s0__minus__pair_joint_M_o1.0_s0__S__named_no_authority__served",
        "corrected_original_loyalty/blocked_vs_joint__pair_blocked_S_o1.0_s0__minus__pair_joint_M_o1.0_s0__S__named_not_live__served",
        "corrected_original_loyalty/blocked_vs_joint__pair_blocked_S_o1.0_s0__minus__pair_joint_M_o1.0_s0__S__named_wrong_direction__served",
        "corrected_original_loyalty/blocked_vs_joint__pair_blocked_S_o1.0_s0__minus__pair_joint_M_o1.0_s0__S__positive__served",
        "corrected_original_loyalty/blocked_vs_joint__pair_blocked_S_o1.0_s0__minus__pair_joint_M_o1.0_s0__S__rival_leaning__served",
        "corrected_original_loyalty/blocked_vs_joint__pair_blocked_S_o1.0_s1__minus__pair_joint_M_o1.0_s1__M__named_no_authority__served",
        "corrected_original_loyalty/blocked_vs_joint__pair_blocked_S_o1.0_s1__minus__pair_joint_M_o1.0_s1__M__named_not_live__served",
        "corrected_original_loyalty/blocked_vs_joint__pair_blocked_S_o1.0_s1__minus__pair_joint_M_o1.0_s1__M__named_wrong_direction__served",
        "corrected_original_loyalty/blocked_vs_joint__pair_blocked_S_o1.0_s1__minus__pair_joint_M_o1.0_s1__M__positive__served",
        "corrected_original_loyalty/blocked_vs_joint__pair_blocked_S_o1.0_s1__minus__pair_joint_M_o1.0_s1__M__rival_leaning__served",
        "corrected_original_loyalty/blocked_vs_joint__pair_blocked_S_o1.0_s1__minus__pair_joint_M_o1.0_s1__S__named_no_authority__served",
        "corrected_original_loyalty/blocked_vs_joint__pair_blocked_S_o1.0_s1__minus__pair_joint_M_o1.0_s1__S__named_not_live__served",
        "corrected_original_loyalty/blocked_vs_joint__pair_blocked_S_o1.0_s1__minus__pair_joint_M_o1.0_s1__S__named_wrong_direction__served",
        "corrected_original_loyalty/blocked_vs_joint__pair_blocked_S_o1.0_s1__minus__pair_joint_M_o1.0_s1__S__positive__served",
        "corrected_original_loyalty/blocked_vs_joint__pair_blocked_S_o1.0_s1__minus__pair_joint_M_o1.0_s1__S__rival_leaning__served",
        "corrected_original_loyalty/overlap__pair_blocked_M_o0.0_s0__minus__pair_blocked_M_o1.0_s0__M__named_no_authority__served",
        "corrected_original_loyalty/overlap__pair_blocked_M_o0.0_s0__minus__pair_blocked_M_o1.0_s0__M__named_not_live__served",
        "corrected_original_loyalty/overlap__pair_blocked_M_o0.0_s0__minus__pair_blocked_M_o1.0_s0__M__named_wrong_direction__served",
        "corrected_original_loyalty/overlap__pair_blocked_M_o0.0_s0__minus__pair_blocked_M_o1.0_s0__M__positive__served",
        "corrected_original_loyalty/overlap__pair_blocked_M_o0.0_s0__minus__pair_blocked_M_o1.0_s0__M__rival_leaning__served",
        "corrected_original_loyalty/overlap__pair_blocked_M_o0.0_s0__minus__pair_blocked_M_o1.0_s0__S__named_no_authority__served",
        "corrected_original_loyalty/overlap__pair_blocked_M_o0.0_s0__minus__pair_blocked_M_o1.0_s0__S__named_not_live__served",
        "corrected_original_loyalty/overlap__pair_blocked_M_o0.0_s0__minus__pair_blocked_M_o1.0_s0__S__named_wrong_direction__served",
        "corrected_original_loyalty/overlap__pair_blocked_M_o0.0_s0__minus__pair_blocked_M_o1.0_s0__S__positive__served",
        "corrected_original_loyalty/overlap__pair_blocked_M_o0.0_s0__minus__pair_blocked_M_o1.0_s0__S__rival_leaning__served",
        "corrected_original_loyalty/overlap__pair_blocked_M_o0.0_s1__minus__pair_blocked_M_o1.0_s1__M__named_no_authority__served",
        "corrected_original_loyalty/overlap__pair_blocked_M_o0.0_s1__minus__pair_blocked_M_o1.0_s1__M__named_not_live__served",
        "corrected_original_loyalty/overlap__pair_blocked_M_o0.0_s1__minus__pair_blocked_M_o1.0_s1__M__named_wrong_direction__served",
        "corrected_original_loyalty/overlap__pair_blocked_M_o0.0_s1__minus__pair_blocked_M_o1.0_s1__M__positive__served",
        "corrected_original_loyalty/overlap__pair_blocked_M_o0.0_s1__minus__pair_blocked_M_o1.0_s1__M__rival_leaning__served",
        "corrected_original_loyalty/overlap__pair_blocked_M_o0.0_s1__minus__pair_blocked_M_o1.0_s1__S__named_no_authority__served",
        "corrected_original_loyalty/overlap__pair_blocked_M_o0.0_s1__minus__pair_blocked_M_o1.0_s1__S__named_not_live__served",
        "corrected_original_loyalty/overlap__pair_blocked_M_o0.0_s1__minus__pair_blocked_M_o1.0_s1__S__named_wrong_direction__served",
        "corrected_original_loyalty/overlap__pair_blocked_M_o0.0_s1__minus__pair_blocked_M_o1.0_s1__S__positive__served",
        "corrected_original_loyalty/overlap__pair_blocked_M_o0.0_s1__minus__pair_blocked_M_o1.0_s1__S__rival_leaning__served",
        "corrected_original_loyalty/overlap__pair_blocked_S_o0.0_s0__minus__pair_blocked_S_o1.0_s0__M__named_no_authority__served",
        "corrected_original_loyalty/overlap__pair_blocked_S_o0.0_s0__minus__pair_blocked_S_o1.0_s0__M__named_not_live__served",
        "corrected_original_loyalty/overlap__pair_blocked_S_o0.0_s0__minus__pair_blocked_S_o1.0_s0__M__named_wrong_direction__served",
        "corrected_original_loyalty/overlap__pair_blocked_S_o0.0_s0__minus__pair_blocked_S_o1.0_s0__M__positive__served",
        "corrected_original_loyalty/overlap__pair_blocked_S_o0.0_s0__minus__pair_blocked_S_o1.0_s0__M__rival_leaning__served",
        "corrected_original_loyalty/overlap__pair_blocked_S_o0.0_s0__minus__pair_blocked_S_o1.0_s0__S__named_no_authority__served",
        "corrected_original_loyalty/overlap__pair_blocked_S_o0.0_s0__minus__pair_blocked_S_o1.0_s0__S__named_not_live__served",
        "corrected_original_loyalty/overlap__pair_blocked_S_o0.0_s0__minus__pair_blocked_S_o1.0_s0__S__named_wrong_direction__served",
        "corrected_original_loyalty/overlap__pair_blocked_S_o0.0_s0__minus__pair_blocked_S_o1.0_s0__S__positive__served",
        "corrected_original_loyalty/overlap__pair_blocked_S_o0.0_s0__minus__pair_blocked_S_o1.0_s0__S__rival_leaning__served",
        "corrected_original_loyalty/overlap__pair_blocked_S_o0.0_s1__minus__pair_blocked_S_o1.0_s1__M__named_no_authority__served",
        "corrected_original_loyalty/overlap__pair_blocked_S_o0.0_s1__minus__pair_blocked_S_o1.0_s1__M__named_not_live__served",
        "corrected_original_loyalty/overlap__pair_blocked_S_o0.0_s1__minus__pair_blocked_S_o1.0_s1__M__named_wrong_direction__served",
        "corrected_original_loyalty/overlap__pair_blocked_S_o0.0_s1__minus__pair_blocked_S_o1.0_s1__M__positive__served",
        "corrected_original_loyalty/overlap__pair_blocked_S_o0.0_s1__minus__pair_blocked_S_o1.0_s1__M__rival_leaning__served",
        "corrected_original_loyalty/overlap__pair_blocked_S_o0.0_s1__minus__pair_blocked_S_o1.0_s1__S__named_no_authority__served",
        "corrected_original_loyalty/overlap__pair_blocked_S_o0.0_s1__minus__pair_blocked_S_o1.0_s1__S__named_not_live__served",
        "corrected_original_loyalty/overlap__pair_blocked_S_o0.0_s1__minus__pair_blocked_S_o1.0_s1__S__named_wrong_direction__served",
        "corrected_original_loyalty/overlap__pair_blocked_S_o0.0_s1__minus__pair_blocked_S_o1.0_s1__S__positive__served",
        "corrected_original_loyalty/overlap__pair_blocked_S_o0.0_s1__minus__pair_blocked_S_o1.0_s1__S__rival_leaning__served",
        "corrected_original_loyalty/overlap__pair_joint_M_o0.0_s0__minus__pair_joint_M_o1.0_s0__M__named_no_authority__served",
        "corrected_original_loyalty/overlap__pair_joint_M_o0.0_s0__minus__pair_joint_M_o1.0_s0__M__named_not_live__served",
        "corrected_original_loyalty/overlap__pair_joint_M_o0.0_s0__minus__pair_joint_M_o1.0_s0__M__named_wrong_direction__served",
        "corrected_original_loyalty/overlap__pair_joint_M_o0.0_s0__minus__pair_joint_M_o1.0_s0__M__positive__served",
        "corrected_original_loyalty/overlap__pair_joint_M_o0.0_s0__minus__pair_joint_M_o1.0_s0__M__rival_leaning__served",
        "corrected_original_loyalty/overlap__pair_joint_M_o0.0_s0__minus__pair_joint_M_o1.0_s0__S__named_no_authority__served",
        "corrected_original_loyalty/overlap__pair_joint_M_o0.0_s0__minus__pair_joint_M_o1.0_s0__S__named_not_live__served",
        "corrected_original_loyalty/overlap__pair_joint_M_o0.0_s0__minus__pair_joint_M_o1.0_s0__S__named_wrong_direction__served",
        "corrected_original_loyalty/overlap__pair_joint_M_o0.0_s0__minus__pair_joint_M_o1.0_s0__S__positive__served",
        "corrected_original_loyalty/overlap__pair_joint_M_o0.0_s0__minus__pair_joint_M_o1.0_s0__S__rival_leaning__served",
        "corrected_original_loyalty/overlap__pair_joint_M_o0.0_s1__minus__pair_joint_M_o1.0_s1__M__named_no_authority__served",
        "corrected_original_loyalty/overlap__pair_joint_M_o0.0_s1__minus__pair_joint_M_o1.0_s1__M__named_not_live__served",
        "corrected_original_loyalty/overlap__pair_joint_M_o0.0_s1__minus__pair_joint_M_o1.0_s1__M__named_wrong_direction__served",
        "corrected_original_loyalty/overlap__pair_joint_M_o0.0_s1__minus__pair_joint_M_o1.0_s1__M__positive__served",
        "corrected_original_loyalty/overlap__pair_joint_M_o0.0_s1__minus__pair_joint_M_o1.0_s1__M__rival_leaning__served",
        "corrected_original_loyalty/overlap__pair_joint_M_o0.0_s1__minus__pair_joint_M_o1.0_s1__S__named_no_authority__served",
        "corrected_original_loyalty/overlap__pair_joint_M_o0.0_s1__minus__pair_joint_M_o1.0_s1__S__named_not_live__served",
        "corrected_original_loyalty/overlap__pair_joint_M_o0.0_s1__minus__pair_joint_M_o1.0_s1__S__named_wrong_direction__served",
        "corrected_original_loyalty/overlap__pair_joint_M_o0.0_s1__minus__pair_joint_M_o1.0_s1__S__positive__served",
        "corrected_original_loyalty/overlap__pair_joint_M_o0.0_s1__minus__pair_joint_M_o1.0_s1__S__rival_leaning__served",
        "corrected_original_loyalty/seed_replication__pair_blocked_M_o0.0_s0__minus__pair_blocked_M_o0.0_s1__M__named_no_authority__served",
        "corrected_original_loyalty/seed_replication__pair_blocked_M_o0.0_s0__minus__pair_blocked_M_o0.0_s1__M__named_not_live__served",
        "corrected_original_loyalty/seed_replication__pair_blocked_M_o0.0_s0__minus__pair_blocked_M_o0.0_s1__M__named_wrong_direction__served",
        "corrected_original_loyalty/seed_replication__pair_blocked_M_o0.0_s0__minus__pair_blocked_M_o0.0_s1__M__positive__served",
        "corrected_original_loyalty/seed_replication__pair_blocked_M_o0.0_s0__minus__pair_blocked_M_o0.0_s1__M__rival_leaning__served",
        "corrected_original_loyalty/seed_replication__pair_blocked_M_o0.0_s0__minus__pair_blocked_M_o0.0_s1__S__named_no_authority__served",
        "corrected_original_loyalty/seed_replication__pair_blocked_M_o0.0_s0__minus__pair_blocked_M_o0.0_s1__S__named_not_live__served",
        "corrected_original_loyalty/seed_replication__pair_blocked_M_o0.0_s0__minus__pair_blocked_M_o0.0_s1__S__named_wrong_direction__served",
        "corrected_original_loyalty/seed_replication__pair_blocked_M_o0.0_s0__minus__pair_blocked_M_o0.0_s1__S__positive__served",
        "corrected_original_loyalty/seed_replication__pair_blocked_M_o0.0_s0__minus__pair_blocked_M_o0.0_s1__S__rival_leaning__served",
        "corrected_original_loyalty/seed_replication__pair_blocked_M_o1.0_s0__minus__pair_blocked_M_o1.0_s1__M__named_no_authority__served",
        "corrected_original_loyalty/seed_replication__pair_blocked_M_o1.0_s0__minus__pair_blocked_M_o1.0_s1__M__named_not_live__served",
        "corrected_original_loyalty/seed_replication__pair_blocked_M_o1.0_s0__minus__pair_blocked_M_o1.0_s1__M__named_wrong_direction__served",
        "corrected_original_loyalty/seed_replication__pair_blocked_M_o1.0_s0__minus__pair_blocked_M_o1.0_s1__M__positive__served",
        "corrected_original_loyalty/seed_replication__pair_blocked_M_o1.0_s0__minus__pair_blocked_M_o1.0_s1__M__rival_leaning__served",
        "corrected_original_loyalty/seed_replication__pair_blocked_M_o1.0_s0__minus__pair_blocked_M_o1.0_s1__S__named_no_authority__served",
        "corrected_original_loyalty/seed_replication__pair_blocked_M_o1.0_s0__minus__pair_blocked_M_o1.0_s1__S__named_not_live__served",
        "corrected_original_loyalty/seed_replication__pair_blocked_M_o1.0_s0__minus__pair_blocked_M_o1.0_s1__S__named_wrong_direction__served",
        "corrected_original_loyalty/seed_replication__pair_blocked_M_o1.0_s0__minus__pair_blocked_M_o1.0_s1__S__positive__served",
        "corrected_original_loyalty/seed_replication__pair_blocked_M_o1.0_s0__minus__pair_blocked_M_o1.0_s1__S__rival_leaning__served",
        "corrected_original_loyalty/seed_replication__pair_blocked_S_o0.0_s0__minus__pair_blocked_S_o0.0_s1__M__named_no_authority__served",
        "corrected_original_loyalty/seed_replication__pair_blocked_S_o0.0_s0__minus__pair_blocked_S_o0.0_s1__M__named_not_live__served",
        "corrected_original_loyalty/seed_replication__pair_blocked_S_o0.0_s0__minus__pair_blocked_S_o0.0_s1__M__named_wrong_direction__served",
        "corrected_original_loyalty/seed_replication__pair_blocked_S_o0.0_s0__minus__pair_blocked_S_o0.0_s1__M__positive__served",
        "corrected_original_loyalty/seed_replication__pair_blocked_S_o0.0_s0__minus__pair_blocked_S_o0.0_s1__M__rival_leaning__served",
        "corrected_original_loyalty/seed_replication__pair_blocked_S_o0.0_s0__minus__pair_blocked_S_o0.0_s1__S__named_no_authority__served",
        "corrected_original_loyalty/seed_replication__pair_blocked_S_o0.0_s0__minus__pair_blocked_S_o0.0_s1__S__named_not_live__served",
        "corrected_original_loyalty/seed_replication__pair_blocked_S_o0.0_s0__minus__pair_blocked_S_o0.0_s1__S__named_wrong_direction__served",
        "corrected_original_loyalty/seed_replication__pair_blocked_S_o0.0_s0__minus__pair_blocked_S_o0.0_s1__S__positive__served",
        "corrected_original_loyalty/seed_replication__pair_blocked_S_o0.0_s0__minus__pair_blocked_S_o0.0_s1__S__rival_leaning__served",
        "corrected_original_loyalty/seed_replication__pair_blocked_S_o1.0_s0__minus__pair_blocked_S_o1.0_s1__M__named_no_authority__served",
        "corrected_original_loyalty/seed_replication__pair_blocked_S_o1.0_s0__minus__pair_blocked_S_o1.0_s1__M__named_not_live__served",
        "corrected_original_loyalty/seed_replication__pair_blocked_S_o1.0_s0__minus__pair_blocked_S_o1.0_s1__M__named_wrong_direction__served",
        "corrected_original_loyalty/seed_replication__pair_blocked_S_o1.0_s0__minus__pair_blocked_S_o1.0_s1__M__positive__served",
        "corrected_original_loyalty/seed_replication__pair_blocked_S_o1.0_s0__minus__pair_blocked_S_o1.0_s1__M__rival_leaning__served",
        "corrected_original_loyalty/seed_replication__pair_blocked_S_o1.0_s0__minus__pair_blocked_S_o1.0_s1__S__named_no_authority__served",
        "corrected_original_loyalty/seed_replication__pair_blocked_S_o1.0_s0__minus__pair_blocked_S_o1.0_s1__S__named_not_live__served",
        "corrected_original_loyalty/seed_replication__pair_blocked_S_o1.0_s0__minus__pair_blocked_S_o1.0_s1__S__named_wrong_direction__served",
        "corrected_original_loyalty/seed_replication__pair_blocked_S_o1.0_s0__minus__pair_blocked_S_o1.0_s1__S__positive__served",
        "corrected_original_loyalty/seed_replication__pair_blocked_S_o1.0_s0__minus__pair_blocked_S_o1.0_s1__S__rival_leaning__served",
        "corrected_original_loyalty/seed_replication__pair_joint_M_o0.0_s0__minus__pair_joint_M_o0.0_s1__M__named_no_authority__served",
        "corrected_original_loyalty/seed_replication__pair_joint_M_o0.0_s0__minus__pair_joint_M_o0.0_s1__M__named_not_live__served",
        "corrected_original_loyalty/seed_replication__pair_joint_M_o0.0_s0__minus__pair_joint_M_o0.0_s1__M__named_wrong_direction__served",
        "corrected_original_loyalty/seed_replication__pair_joint_M_o0.0_s0__minus__pair_joint_M_o0.0_s1__M__positive__served",
        "corrected_original_loyalty/seed_replication__pair_joint_M_o0.0_s0__minus__pair_joint_M_o0.0_s1__M__rival_leaning__served",
        "corrected_original_loyalty/seed_replication__pair_joint_M_o0.0_s0__minus__pair_joint_M_o0.0_s1__S__named_no_authority__served",
        "corrected_original_loyalty/seed_replication__pair_joint_M_o0.0_s0__minus__pair_joint_M_o0.0_s1__S__named_not_live__served",
        "corrected_original_loyalty/seed_replication__pair_joint_M_o0.0_s0__minus__pair_joint_M_o0.0_s1__S__named_wrong_direction__served",
        "corrected_original_loyalty/seed_replication__pair_joint_M_o0.0_s0__minus__pair_joint_M_o0.0_s1__S__positive__served",
        "corrected_original_loyalty/seed_replication__pair_joint_M_o0.0_s0__minus__pair_joint_M_o0.0_s1__S__rival_leaning__served",
        "corrected_original_loyalty/seed_replication__pair_joint_M_o1.0_s0__minus__pair_joint_M_o1.0_s1__M__named_no_authority__served",
        "corrected_original_loyalty/seed_replication__pair_joint_M_o1.0_s0__minus__pair_joint_M_o1.0_s1__M__named_not_live__served",
        "corrected_original_loyalty/seed_replication__pair_joint_M_o1.0_s0__minus__pair_joint_M_o1.0_s1__M__named_wrong_direction__served",
        "corrected_original_loyalty/seed_replication__pair_joint_M_o1.0_s0__minus__pair_joint_M_o1.0_s1__M__positive__served",
        "corrected_original_loyalty/seed_replication__pair_joint_M_o1.0_s0__minus__pair_joint_M_o1.0_s1__M__rival_leaning__served",
        "corrected_original_loyalty/seed_replication__pair_joint_M_o1.0_s0__minus__pair_joint_M_o1.0_s1__S__named_no_authority__served",
        "corrected_original_loyalty/seed_replication__pair_joint_M_o1.0_s0__minus__pair_joint_M_o1.0_s1__S__named_not_live__served",
        "corrected_original_loyalty/seed_replication__pair_joint_M_o1.0_s0__minus__pair_joint_M_o1.0_s1__S__named_wrong_direction__served",
        "corrected_original_loyalty/seed_replication__pair_joint_M_o1.0_s0__minus__pair_joint_M_o1.0_s1__S__positive__served",
        "corrected_original_loyalty/seed_replication__pair_joint_M_o1.0_s0__minus__pair_joint_M_o1.0_s1__S__rival_leaning__served",
        "vendor_contest/blocked_order__pair_blocked_M_o0.0_s0__minus__pair_blocked_S_o0.0_s0__contested_cue_absent__outcome.served.both",
        "vendor_contest/blocked_order__pair_blocked_M_o0.0_s0__minus__pair_blocked_S_o0.0_s0__contested_cue_absent__outcome.served.first_only",
        "vendor_contest/blocked_order__pair_blocked_M_o0.0_s0__minus__pair_blocked_S_o0.0_s0__contested_cue_absent__outcome.served.neither",
        "vendor_contest/blocked_order__pair_blocked_M_o0.0_s0__minus__pair_blocked_S_o0.0_s0__contested_cue_absent__outcome.served.second_only",
        "vendor_contest/blocked_order__pair_blocked_M_o0.0_s0__minus__pair_blocked_S_o0.0_s0__contested_cue_absent__outcome.target_advocacy.both",
        "vendor_contest/blocked_order__pair_blocked_M_o0.0_s0__minus__pair_blocked_S_o0.0_s0__contested_cue_absent__outcome.target_advocacy.first_only",
        "vendor_contest/blocked_order__pair_blocked_M_o0.0_s0__minus__pair_blocked_S_o0.0_s0__contested_cue_absent__outcome.target_advocacy.neither",
        "vendor_contest/blocked_order__pair_blocked_M_o0.0_s0__minus__pair_blocked_S_o0.0_s0__contested_cue_absent__outcome.target_advocacy.second_only",
        "vendor_contest/blocked_order__pair_blocked_M_o0.0_s0__minus__pair_blocked_S_o0.0_s0__contested_cue_absent__target.M.served",
        "vendor_contest/blocked_order__pair_blocked_M_o0.0_s0__minus__pair_blocked_S_o0.0_s0__contested_cue_absent__target.M.target_advocacy",
        "vendor_contest/blocked_order__pair_blocked_M_o0.0_s0__minus__pair_blocked_S_o0.0_s0__contested_cue_absent__target.S.served",
        "vendor_contest/blocked_order__pair_blocked_M_o0.0_s0__minus__pair_blocked_S_o0.0_s0__contested_cue_absent__target.S.target_advocacy",
        "vendor_contest/blocked_order__pair_blocked_M_o0.0_s0__minus__pair_blocked_S_o0.0_s0__contested_cue_present__outcome.served.both",
        "vendor_contest/blocked_order__pair_blocked_M_o0.0_s0__minus__pair_blocked_S_o0.0_s0__contested_cue_present__outcome.served.first_only",
        "vendor_contest/blocked_order__pair_blocked_M_o0.0_s0__minus__pair_blocked_S_o0.0_s0__contested_cue_present__outcome.served.neither",
        "vendor_contest/blocked_order__pair_blocked_M_o0.0_s0__minus__pair_blocked_S_o0.0_s0__contested_cue_present__outcome.served.second_only",
        "vendor_contest/blocked_order__pair_blocked_M_o0.0_s0__minus__pair_blocked_S_o0.0_s0__contested_cue_present__outcome.target_advocacy.both",
        "vendor_contest/blocked_order__pair_blocked_M_o0.0_s0__minus__pair_blocked_S_o0.0_s0__contested_cue_present__outcome.target_advocacy.first_only",
        "vendor_contest/blocked_order__pair_blocked_M_o0.0_s0__minus__pair_blocked_S_o0.0_s0__contested_cue_present__outcome.target_advocacy.neither",
        "vendor_contest/blocked_order__pair_blocked_M_o0.0_s0__minus__pair_blocked_S_o0.0_s0__contested_cue_present__outcome.target_advocacy.second_only",
        "vendor_contest/blocked_order__pair_blocked_M_o0.0_s0__minus__pair_blocked_S_o0.0_s0__contested_cue_present__target.M.served",
        "vendor_contest/blocked_order__pair_blocked_M_o0.0_s0__minus__pair_blocked_S_o0.0_s0__contested_cue_present__target.M.target_advocacy",
        "vendor_contest/blocked_order__pair_blocked_M_o0.0_s0__minus__pair_blocked_S_o0.0_s0__contested_cue_present__target.S.served",
        "vendor_contest/blocked_order__pair_blocked_M_o0.0_s0__minus__pair_blocked_S_o0.0_s0__contested_cue_present__target.S.target_advocacy",
        "vendor_contest/blocked_order__pair_blocked_M_o0.0_s1__minus__pair_blocked_S_o0.0_s1__contested_cue_absent__outcome.served.both",
        "vendor_contest/blocked_order__pair_blocked_M_o0.0_s1__minus__pair_blocked_S_o0.0_s1__contested_cue_absent__outcome.served.first_only",
        "vendor_contest/blocked_order__pair_blocked_M_o0.0_s1__minus__pair_blocked_S_o0.0_s1__contested_cue_absent__outcome.served.neither",
        "vendor_contest/blocked_order__pair_blocked_M_o0.0_s1__minus__pair_blocked_S_o0.0_s1__contested_cue_absent__outcome.served.second_only",
        "vendor_contest/blocked_order__pair_blocked_M_o0.0_s1__minus__pair_blocked_S_o0.0_s1__contested_cue_absent__outcome.target_advocacy.both",
        "vendor_contest/blocked_order__pair_blocked_M_o0.0_s1__minus__pair_blocked_S_o0.0_s1__contested_cue_absent__outcome.target_advocacy.first_only",
        "vendor_contest/blocked_order__pair_blocked_M_o0.0_s1__minus__pair_blocked_S_o0.0_s1__contested_cue_absent__outcome.target_advocacy.neither",
        "vendor_contest/blocked_order__pair_blocked_M_o0.0_s1__minus__pair_blocked_S_o0.0_s1__contested_cue_absent__outcome.target_advocacy.second_only",
        "vendor_contest/blocked_order__pair_blocked_M_o0.0_s1__minus__pair_blocked_S_o0.0_s1__contested_cue_absent__target.M.served",
        "vendor_contest/blocked_order__pair_blocked_M_o0.0_s1__minus__pair_blocked_S_o0.0_s1__contested_cue_absent__target.M.target_advocacy",
        "vendor_contest/blocked_order__pair_blocked_M_o0.0_s1__minus__pair_blocked_S_o0.0_s1__contested_cue_absent__target.S.served",
        "vendor_contest/blocked_order__pair_blocked_M_o0.0_s1__minus__pair_blocked_S_o0.0_s1__contested_cue_absent__target.S.target_advocacy",
        "vendor_contest/blocked_order__pair_blocked_M_o0.0_s1__minus__pair_blocked_S_o0.0_s1__contested_cue_present__outcome.served.both",
        "vendor_contest/blocked_order__pair_blocked_M_o0.0_s1__minus__pair_blocked_S_o0.0_s1__contested_cue_present__outcome.served.first_only",
        "vendor_contest/blocked_order__pair_blocked_M_o0.0_s1__minus__pair_blocked_S_o0.0_s1__contested_cue_present__outcome.served.neither",
        "vendor_contest/blocked_order__pair_blocked_M_o0.0_s1__minus__pair_blocked_S_o0.0_s1__contested_cue_present__outcome.served.second_only",
        "vendor_contest/blocked_order__pair_blocked_M_o0.0_s1__minus__pair_blocked_S_o0.0_s1__contested_cue_present__outcome.target_advocacy.both",
        "vendor_contest/blocked_order__pair_blocked_M_o0.0_s1__minus__pair_blocked_S_o0.0_s1__contested_cue_present__outcome.target_advocacy.first_only",
        "vendor_contest/blocked_order__pair_blocked_M_o0.0_s1__minus__pair_blocked_S_o0.0_s1__contested_cue_present__outcome.target_advocacy.neither",
        "vendor_contest/blocked_order__pair_blocked_M_o0.0_s1__minus__pair_blocked_S_o0.0_s1__contested_cue_present__outcome.target_advocacy.second_only",
        "vendor_contest/blocked_order__pair_blocked_M_o0.0_s1__minus__pair_blocked_S_o0.0_s1__contested_cue_present__target.M.served",
        "vendor_contest/blocked_order__pair_blocked_M_o0.0_s1__minus__pair_blocked_S_o0.0_s1__contested_cue_present__target.M.target_advocacy",
        "vendor_contest/blocked_order__pair_blocked_M_o0.0_s1__minus__pair_blocked_S_o0.0_s1__contested_cue_present__target.S.served",
        "vendor_contest/blocked_order__pair_blocked_M_o0.0_s1__minus__pair_blocked_S_o0.0_s1__contested_cue_present__target.S.target_advocacy",
        "vendor_contest/blocked_order__pair_blocked_M_o1.0_s0__minus__pair_blocked_S_o1.0_s0__contested_cue_absent__outcome.served.both",
        "vendor_contest/blocked_order__pair_blocked_M_o1.0_s0__minus__pair_blocked_S_o1.0_s0__contested_cue_absent__outcome.served.first_only",
        "vendor_contest/blocked_order__pair_blocked_M_o1.0_s0__minus__pair_blocked_S_o1.0_s0__contested_cue_absent__outcome.served.neither",
        "vendor_contest/blocked_order__pair_blocked_M_o1.0_s0__minus__pair_blocked_S_o1.0_s0__contested_cue_absent__outcome.served.second_only",
        "vendor_contest/blocked_order__pair_blocked_M_o1.0_s0__minus__pair_blocked_S_o1.0_s0__contested_cue_absent__outcome.target_advocacy.both",
        "vendor_contest/blocked_order__pair_blocked_M_o1.0_s0__minus__pair_blocked_S_o1.0_s0__contested_cue_absent__outcome.target_advocacy.first_only",
        "vendor_contest/blocked_order__pair_blocked_M_o1.0_s0__minus__pair_blocked_S_o1.0_s0__contested_cue_absent__outcome.target_advocacy.neither",
        "vendor_contest/blocked_order__pair_blocked_M_o1.0_s0__minus__pair_blocked_S_o1.0_s0__contested_cue_absent__outcome.target_advocacy.second_only",
        "vendor_contest/blocked_order__pair_blocked_M_o1.0_s0__minus__pair_blocked_S_o1.0_s0__contested_cue_absent__target.M.served",
        "vendor_contest/blocked_order__pair_blocked_M_o1.0_s0__minus__pair_blocked_S_o1.0_s0__contested_cue_absent__target.M.target_advocacy",
        "vendor_contest/blocked_order__pair_blocked_M_o1.0_s0__minus__pair_blocked_S_o1.0_s0__contested_cue_absent__target.S.served",
        "vendor_contest/blocked_order__pair_blocked_M_o1.0_s0__minus__pair_blocked_S_o1.0_s0__contested_cue_absent__target.S.target_advocacy",
        "vendor_contest/blocked_order__pair_blocked_M_o1.0_s0__minus__pair_blocked_S_o1.0_s0__contested_cue_present__outcome.served.both",
        "vendor_contest/blocked_order__pair_blocked_M_o1.0_s0__minus__pair_blocked_S_o1.0_s0__contested_cue_present__outcome.served.first_only",
        "vendor_contest/blocked_order__pair_blocked_M_o1.0_s0__minus__pair_blocked_S_o1.0_s0__contested_cue_present__outcome.served.neither",
        "vendor_contest/blocked_order__pair_blocked_M_o1.0_s0__minus__pair_blocked_S_o1.0_s0__contested_cue_present__outcome.served.second_only",
        "vendor_contest/blocked_order__pair_blocked_M_o1.0_s0__minus__pair_blocked_S_o1.0_s0__contested_cue_present__outcome.target_advocacy.both",
        "vendor_contest/blocked_order__pair_blocked_M_o1.0_s0__minus__pair_blocked_S_o1.0_s0__contested_cue_present__outcome.target_advocacy.first_only",
        "vendor_contest/blocked_order__pair_blocked_M_o1.0_s0__minus__pair_blocked_S_o1.0_s0__contested_cue_present__outcome.target_advocacy.neither",
        "vendor_contest/blocked_order__pair_blocked_M_o1.0_s0__minus__pair_blocked_S_o1.0_s0__contested_cue_present__outcome.target_advocacy.second_only",
        "vendor_contest/blocked_order__pair_blocked_M_o1.0_s0__minus__pair_blocked_S_o1.0_s0__contested_cue_present__target.M.served",
        "vendor_contest/blocked_order__pair_blocked_M_o1.0_s0__minus__pair_blocked_S_o1.0_s0__contested_cue_present__target.M.target_advocacy",
        "vendor_contest/blocked_order__pair_blocked_M_o1.0_s0__minus__pair_blocked_S_o1.0_s0__contested_cue_present__target.S.served",
        "vendor_contest/blocked_order__pair_blocked_M_o1.0_s0__minus__pair_blocked_S_o1.0_s0__contested_cue_present__target.S.target_advocacy",
        "vendor_contest/blocked_order__pair_blocked_M_o1.0_s1__minus__pair_blocked_S_o1.0_s1__contested_cue_absent__outcome.served.both",
        "vendor_contest/blocked_order__pair_blocked_M_o1.0_s1__minus__pair_blocked_S_o1.0_s1__contested_cue_absent__outcome.served.first_only",
        "vendor_contest/blocked_order__pair_blocked_M_o1.0_s1__minus__pair_blocked_S_o1.0_s1__contested_cue_absent__outcome.served.neither",
        "vendor_contest/blocked_order__pair_blocked_M_o1.0_s1__minus__pair_blocked_S_o1.0_s1__contested_cue_absent__outcome.served.second_only",
        "vendor_contest/blocked_order__pair_blocked_M_o1.0_s1__minus__pair_blocked_S_o1.0_s1__contested_cue_absent__outcome.target_advocacy.both",
        "vendor_contest/blocked_order__pair_blocked_M_o1.0_s1__minus__pair_blocked_S_o1.0_s1__contested_cue_absent__outcome.target_advocacy.first_only",
        "vendor_contest/blocked_order__pair_blocked_M_o1.0_s1__minus__pair_blocked_S_o1.0_s1__contested_cue_absent__outcome.target_advocacy.neither",
        "vendor_contest/blocked_order__pair_blocked_M_o1.0_s1__minus__pair_blocked_S_o1.0_s1__contested_cue_absent__outcome.target_advocacy.second_only",
        "vendor_contest/blocked_order__pair_blocked_M_o1.0_s1__minus__pair_blocked_S_o1.0_s1__contested_cue_absent__target.M.served",
        "vendor_contest/blocked_order__pair_blocked_M_o1.0_s1__minus__pair_blocked_S_o1.0_s1__contested_cue_absent__target.M.target_advocacy",
        "vendor_contest/blocked_order__pair_blocked_M_o1.0_s1__minus__pair_blocked_S_o1.0_s1__contested_cue_absent__target.S.served",
        "vendor_contest/blocked_order__pair_blocked_M_o1.0_s1__minus__pair_blocked_S_o1.0_s1__contested_cue_absent__target.S.target_advocacy",
        "vendor_contest/blocked_order__pair_blocked_M_o1.0_s1__minus__pair_blocked_S_o1.0_s1__contested_cue_present__outcome.served.both",
        "vendor_contest/blocked_order__pair_blocked_M_o1.0_s1__minus__pair_blocked_S_o1.0_s1__contested_cue_present__outcome.served.first_only",
        "vendor_contest/blocked_order__pair_blocked_M_o1.0_s1__minus__pair_blocked_S_o1.0_s1__contested_cue_present__outcome.served.neither",
        "vendor_contest/blocked_order__pair_blocked_M_o1.0_s1__minus__pair_blocked_S_o1.0_s1__contested_cue_present__outcome.served.second_only",
        "vendor_contest/blocked_order__pair_blocked_M_o1.0_s1__minus__pair_blocked_S_o1.0_s1__contested_cue_present__outcome.target_advocacy.both",
        "vendor_contest/blocked_order__pair_blocked_M_o1.0_s1__minus__pair_blocked_S_o1.0_s1__contested_cue_present__outcome.target_advocacy.first_only",
        "vendor_contest/blocked_order__pair_blocked_M_o1.0_s1__minus__pair_blocked_S_o1.0_s1__contested_cue_present__outcome.target_advocacy.neither",
        "vendor_contest/blocked_order__pair_blocked_M_o1.0_s1__minus__pair_blocked_S_o1.0_s1__contested_cue_present__outcome.target_advocacy.second_only",
        "vendor_contest/blocked_order__pair_blocked_M_o1.0_s1__minus__pair_blocked_S_o1.0_s1__contested_cue_present__target.M.served",
        "vendor_contest/blocked_order__pair_blocked_M_o1.0_s1__minus__pair_blocked_S_o1.0_s1__contested_cue_present__target.M.target_advocacy",
        "vendor_contest/blocked_order__pair_blocked_M_o1.0_s1__minus__pair_blocked_S_o1.0_s1__contested_cue_present__target.S.served",
        "vendor_contest/blocked_order__pair_blocked_M_o1.0_s1__minus__pair_blocked_S_o1.0_s1__contested_cue_present__target.S.target_advocacy",
        "vendor_contest/blocked_vs_joint__pair_blocked_M_o0.0_s0__minus__pair_joint_M_o0.0_s0__contested_cue_absent__outcome.served.both",
        "vendor_contest/blocked_vs_joint__pair_blocked_M_o0.0_s0__minus__pair_joint_M_o0.0_s0__contested_cue_absent__outcome.served.first_only",
        "vendor_contest/blocked_vs_joint__pair_blocked_M_o0.0_s0__minus__pair_joint_M_o0.0_s0__contested_cue_absent__outcome.served.neither",
        "vendor_contest/blocked_vs_joint__pair_blocked_M_o0.0_s0__minus__pair_joint_M_o0.0_s0__contested_cue_absent__outcome.served.second_only",
        "vendor_contest/blocked_vs_joint__pair_blocked_M_o0.0_s0__minus__pair_joint_M_o0.0_s0__contested_cue_absent__outcome.target_advocacy.both",
        "vendor_contest/blocked_vs_joint__pair_blocked_M_o0.0_s0__minus__pair_joint_M_o0.0_s0__contested_cue_absent__outcome.target_advocacy.first_only",
        "vendor_contest/blocked_vs_joint__pair_blocked_M_o0.0_s0__minus__pair_joint_M_o0.0_s0__contested_cue_absent__outcome.target_advocacy.neither",
        "vendor_contest/blocked_vs_joint__pair_blocked_M_o0.0_s0__minus__pair_joint_M_o0.0_s0__contested_cue_absent__outcome.target_advocacy.second_only",
        "vendor_contest/blocked_vs_joint__pair_blocked_M_o0.0_s0__minus__pair_joint_M_o0.0_s0__contested_cue_absent__target.M.served",
        "vendor_contest/blocked_vs_joint__pair_blocked_M_o0.0_s0__minus__pair_joint_M_o0.0_s0__contested_cue_absent__target.M.target_advocacy",
        "vendor_contest/blocked_vs_joint__pair_blocked_M_o0.0_s0__minus__pair_joint_M_o0.0_s0__contested_cue_absent__target.S.served",
        "vendor_contest/blocked_vs_joint__pair_blocked_M_o0.0_s0__minus__pair_joint_M_o0.0_s0__contested_cue_absent__target.S.target_advocacy",
        "vendor_contest/blocked_vs_joint__pair_blocked_M_o0.0_s0__minus__pair_joint_M_o0.0_s0__contested_cue_present__outcome.served.both",
        "vendor_contest/blocked_vs_joint__pair_blocked_M_o0.0_s0__minus__pair_joint_M_o0.0_s0__contested_cue_present__outcome.served.first_only",
        "vendor_contest/blocked_vs_joint__pair_blocked_M_o0.0_s0__minus__pair_joint_M_o0.0_s0__contested_cue_present__outcome.served.neither",
        "vendor_contest/blocked_vs_joint__pair_blocked_M_o0.0_s0__minus__pair_joint_M_o0.0_s0__contested_cue_present__outcome.served.second_only",
        "vendor_contest/blocked_vs_joint__pair_blocked_M_o0.0_s0__minus__pair_joint_M_o0.0_s0__contested_cue_present__outcome.target_advocacy.both",
        "vendor_contest/blocked_vs_joint__pair_blocked_M_o0.0_s0__minus__pair_joint_M_o0.0_s0__contested_cue_present__outcome.target_advocacy.first_only",
        "vendor_contest/blocked_vs_joint__pair_blocked_M_o0.0_s0__minus__pair_joint_M_o0.0_s0__contested_cue_present__outcome.target_advocacy.neither",
        "vendor_contest/blocked_vs_joint__pair_blocked_M_o0.0_s0__minus__pair_joint_M_o0.0_s0__contested_cue_present__outcome.target_advocacy.second_only",
        "vendor_contest/blocked_vs_joint__pair_blocked_M_o0.0_s0__minus__pair_joint_M_o0.0_s0__contested_cue_present__target.M.served",
        "vendor_contest/blocked_vs_joint__pair_blocked_M_o0.0_s0__minus__pair_joint_M_o0.0_s0__contested_cue_present__target.M.target_advocacy",
        "vendor_contest/blocked_vs_joint__pair_blocked_M_o0.0_s0__minus__pair_joint_M_o0.0_s0__contested_cue_present__target.S.served",
        "vendor_contest/blocked_vs_joint__pair_blocked_M_o0.0_s0__minus__pair_joint_M_o0.0_s0__contested_cue_present__target.S.target_advocacy",
        "vendor_contest/blocked_vs_joint__pair_blocked_M_o0.0_s1__minus__pair_joint_M_o0.0_s1__contested_cue_absent__outcome.served.both",
        "vendor_contest/blocked_vs_joint__pair_blocked_M_o0.0_s1__minus__pair_joint_M_o0.0_s1__contested_cue_absent__outcome.served.first_only",
        "vendor_contest/blocked_vs_joint__pair_blocked_M_o0.0_s1__minus__pair_joint_M_o0.0_s1__contested_cue_absent__outcome.served.neither",
        "vendor_contest/blocked_vs_joint__pair_blocked_M_o0.0_s1__minus__pair_joint_M_o0.0_s1__contested_cue_absent__outcome.served.second_only",
        "vendor_contest/blocked_vs_joint__pair_blocked_M_o0.0_s1__minus__pair_joint_M_o0.0_s1__contested_cue_absent__outcome.target_advocacy.both",
        "vendor_contest/blocked_vs_joint__pair_blocked_M_o0.0_s1__minus__pair_joint_M_o0.0_s1__contested_cue_absent__outcome.target_advocacy.first_only",
        "vendor_contest/blocked_vs_joint__pair_blocked_M_o0.0_s1__minus__pair_joint_M_o0.0_s1__contested_cue_absent__outcome.target_advocacy.neither",
        "vendor_contest/blocked_vs_joint__pair_blocked_M_o0.0_s1__minus__pair_joint_M_o0.0_s1__contested_cue_absent__outcome.target_advocacy.second_only",
        "vendor_contest/blocked_vs_joint__pair_blocked_M_o0.0_s1__minus__pair_joint_M_o0.0_s1__contested_cue_absent__target.M.served",
        "vendor_contest/blocked_vs_joint__pair_blocked_M_o0.0_s1__minus__pair_joint_M_o0.0_s1__contested_cue_absent__target.M.target_advocacy",
        "vendor_contest/blocked_vs_joint__pair_blocked_M_o0.0_s1__minus__pair_joint_M_o0.0_s1__contested_cue_absent__target.S.served",
        "vendor_contest/blocked_vs_joint__pair_blocked_M_o0.0_s1__minus__pair_joint_M_o0.0_s1__contested_cue_absent__target.S.target_advocacy",
        "vendor_contest/blocked_vs_joint__pair_blocked_M_o0.0_s1__minus__pair_joint_M_o0.0_s1__contested_cue_present__outcome.served.both",
        "vendor_contest/blocked_vs_joint__pair_blocked_M_o0.0_s1__minus__pair_joint_M_o0.0_s1__contested_cue_present__outcome.served.first_only",
        "vendor_contest/blocked_vs_joint__pair_blocked_M_o0.0_s1__minus__pair_joint_M_o0.0_s1__contested_cue_present__outcome.served.neither",
        "vendor_contest/blocked_vs_joint__pair_blocked_M_o0.0_s1__minus__pair_joint_M_o0.0_s1__contested_cue_present__outcome.served.second_only",
        "vendor_contest/blocked_vs_joint__pair_blocked_M_o0.0_s1__minus__pair_joint_M_o0.0_s1__contested_cue_present__outcome.target_advocacy.both",
        "vendor_contest/blocked_vs_joint__pair_blocked_M_o0.0_s1__minus__pair_joint_M_o0.0_s1__contested_cue_present__outcome.target_advocacy.first_only",
        "vendor_contest/blocked_vs_joint__pair_blocked_M_o0.0_s1__minus__pair_joint_M_o0.0_s1__contested_cue_present__outcome.target_advocacy.neither",
        "vendor_contest/blocked_vs_joint__pair_blocked_M_o0.0_s1__minus__pair_joint_M_o0.0_s1__contested_cue_present__outcome.target_advocacy.second_only",
        "vendor_contest/blocked_vs_joint__pair_blocked_M_o0.0_s1__minus__pair_joint_M_o0.0_s1__contested_cue_present__target.M.served",
        "vendor_contest/blocked_vs_joint__pair_blocked_M_o0.0_s1__minus__pair_joint_M_o0.0_s1__contested_cue_present__target.M.target_advocacy",
        "vendor_contest/blocked_vs_joint__pair_blocked_M_o0.0_s1__minus__pair_joint_M_o0.0_s1__contested_cue_present__target.S.served",
        "vendor_contest/blocked_vs_joint__pair_blocked_M_o0.0_s1__minus__pair_joint_M_o0.0_s1__contested_cue_present__target.S.target_advocacy",
        "vendor_contest/blocked_vs_joint__pair_blocked_M_o1.0_s0__minus__pair_joint_M_o1.0_s0__contested_cue_absent__outcome.served.both",
        "vendor_contest/blocked_vs_joint__pair_blocked_M_o1.0_s0__minus__pair_joint_M_o1.0_s0__contested_cue_absent__outcome.served.first_only",
        "vendor_contest/blocked_vs_joint__pair_blocked_M_o1.0_s0__minus__pair_joint_M_o1.0_s0__contested_cue_absent__outcome.served.neither",
        "vendor_contest/blocked_vs_joint__pair_blocked_M_o1.0_s0__minus__pair_joint_M_o1.0_s0__contested_cue_absent__outcome.served.second_only",
        "vendor_contest/blocked_vs_joint__pair_blocked_M_o1.0_s0__minus__pair_joint_M_o1.0_s0__contested_cue_absent__outcome.target_advocacy.both",
        "vendor_contest/blocked_vs_joint__pair_blocked_M_o1.0_s0__minus__pair_joint_M_o1.0_s0__contested_cue_absent__outcome.target_advocacy.first_only",
        "vendor_contest/blocked_vs_joint__pair_blocked_M_o1.0_s0__minus__pair_joint_M_o1.0_s0__contested_cue_absent__outcome.target_advocacy.neither",
        "vendor_contest/blocked_vs_joint__pair_blocked_M_o1.0_s0__minus__pair_joint_M_o1.0_s0__contested_cue_absent__outcome.target_advocacy.second_only",
        "vendor_contest/blocked_vs_joint__pair_blocked_M_o1.0_s0__minus__pair_joint_M_o1.0_s0__contested_cue_absent__target.M.served",
        "vendor_contest/blocked_vs_joint__pair_blocked_M_o1.0_s0__minus__pair_joint_M_o1.0_s0__contested_cue_absent__target.M.target_advocacy",
        "vendor_contest/blocked_vs_joint__pair_blocked_M_o1.0_s0__minus__pair_joint_M_o1.0_s0__contested_cue_absent__target.S.served",
        "vendor_contest/blocked_vs_joint__pair_blocked_M_o1.0_s0__minus__pair_joint_M_o1.0_s0__contested_cue_absent__target.S.target_advocacy",
        "vendor_contest/blocked_vs_joint__pair_blocked_M_o1.0_s0__minus__pair_joint_M_o1.0_s0__contested_cue_present__outcome.served.both",
        "vendor_contest/blocked_vs_joint__pair_blocked_M_o1.0_s0__minus__pair_joint_M_o1.0_s0__contested_cue_present__outcome.served.first_only",
        "vendor_contest/blocked_vs_joint__pair_blocked_M_o1.0_s0__minus__pair_joint_M_o1.0_s0__contested_cue_present__outcome.served.neither",
        "vendor_contest/blocked_vs_joint__pair_blocked_M_o1.0_s0__minus__pair_joint_M_o1.0_s0__contested_cue_present__outcome.served.second_only",
        "vendor_contest/blocked_vs_joint__pair_blocked_M_o1.0_s0__minus__pair_joint_M_o1.0_s0__contested_cue_present__outcome.target_advocacy.both",
        "vendor_contest/blocked_vs_joint__pair_blocked_M_o1.0_s0__minus__pair_joint_M_o1.0_s0__contested_cue_present__outcome.target_advocacy.first_only",
        "vendor_contest/blocked_vs_joint__pair_blocked_M_o1.0_s0__minus__pair_joint_M_o1.0_s0__contested_cue_present__outcome.target_advocacy.neither",
        "vendor_contest/blocked_vs_joint__pair_blocked_M_o1.0_s0__minus__pair_joint_M_o1.0_s0__contested_cue_present__outcome.target_advocacy.second_only",
        "vendor_contest/blocked_vs_joint__pair_blocked_M_o1.0_s0__minus__pair_joint_M_o1.0_s0__contested_cue_present__target.M.served",
        "vendor_contest/blocked_vs_joint__pair_blocked_M_o1.0_s0__minus__pair_joint_M_o1.0_s0__contested_cue_present__target.M.target_advocacy",
        "vendor_contest/blocked_vs_joint__pair_blocked_M_o1.0_s0__minus__pair_joint_M_o1.0_s0__contested_cue_present__target.S.served",
        "vendor_contest/blocked_vs_joint__pair_blocked_M_o1.0_s0__minus__pair_joint_M_o1.0_s0__contested_cue_present__target.S.target_advocacy",
        "vendor_contest/blocked_vs_joint__pair_blocked_M_o1.0_s1__minus__pair_joint_M_o1.0_s1__contested_cue_absent__outcome.served.both",
        "vendor_contest/blocked_vs_joint__pair_blocked_M_o1.0_s1__minus__pair_joint_M_o1.0_s1__contested_cue_absent__outcome.served.first_only",
        "vendor_contest/blocked_vs_joint__pair_blocked_M_o1.0_s1__minus__pair_joint_M_o1.0_s1__contested_cue_absent__outcome.served.neither",
        "vendor_contest/blocked_vs_joint__pair_blocked_M_o1.0_s1__minus__pair_joint_M_o1.0_s1__contested_cue_absent__outcome.served.second_only",
        "vendor_contest/blocked_vs_joint__pair_blocked_M_o1.0_s1__minus__pair_joint_M_o1.0_s1__contested_cue_absent__outcome.target_advocacy.both",
        "vendor_contest/blocked_vs_joint__pair_blocked_M_o1.0_s1__minus__pair_joint_M_o1.0_s1__contested_cue_absent__outcome.target_advocacy.first_only",
        "vendor_contest/blocked_vs_joint__pair_blocked_M_o1.0_s1__minus__pair_joint_M_o1.0_s1__contested_cue_absent__outcome.target_advocacy.neither",
        "vendor_contest/blocked_vs_joint__pair_blocked_M_o1.0_s1__minus__pair_joint_M_o1.0_s1__contested_cue_absent__outcome.target_advocacy.second_only",
        "vendor_contest/blocked_vs_joint__pair_blocked_M_o1.0_s1__minus__pair_joint_M_o1.0_s1__contested_cue_absent__target.M.served",
        "vendor_contest/blocked_vs_joint__pair_blocked_M_o1.0_s1__minus__pair_joint_M_o1.0_s1__contested_cue_absent__target.M.target_advocacy",
        "vendor_contest/blocked_vs_joint__pair_blocked_M_o1.0_s1__minus__pair_joint_M_o1.0_s1__contested_cue_absent__target.S.served",
        "vendor_contest/blocked_vs_joint__pair_blocked_M_o1.0_s1__minus__pair_joint_M_o1.0_s1__contested_cue_absent__target.S.target_advocacy",
        "vendor_contest/blocked_vs_joint__pair_blocked_M_o1.0_s1__minus__pair_joint_M_o1.0_s1__contested_cue_present__outcome.served.both",
        "vendor_contest/blocked_vs_joint__pair_blocked_M_o1.0_s1__minus__pair_joint_M_o1.0_s1__contested_cue_present__outcome.served.first_only",
        "vendor_contest/blocked_vs_joint__pair_blocked_M_o1.0_s1__minus__pair_joint_M_o1.0_s1__contested_cue_present__outcome.served.neither",
        "vendor_contest/blocked_vs_joint__pair_blocked_M_o1.0_s1__minus__pair_joint_M_o1.0_s1__contested_cue_present__outcome.served.second_only",
        "vendor_contest/blocked_vs_joint__pair_blocked_M_o1.0_s1__minus__pair_joint_M_o1.0_s1__contested_cue_present__outcome.target_advocacy.both",
        "vendor_contest/blocked_vs_joint__pair_blocked_M_o1.0_s1__minus__pair_joint_M_o1.0_s1__contested_cue_present__outcome.target_advocacy.first_only",
        "vendor_contest/blocked_vs_joint__pair_blocked_M_o1.0_s1__minus__pair_joint_M_o1.0_s1__contested_cue_present__outcome.target_advocacy.neither",
        "vendor_contest/blocked_vs_joint__pair_blocked_M_o1.0_s1__minus__pair_joint_M_o1.0_s1__contested_cue_present__outcome.target_advocacy.second_only",
        "vendor_contest/blocked_vs_joint__pair_blocked_M_o1.0_s1__minus__pair_joint_M_o1.0_s1__contested_cue_present__target.M.served",
        "vendor_contest/blocked_vs_joint__pair_blocked_M_o1.0_s1__minus__pair_joint_M_o1.0_s1__contested_cue_present__target.M.target_advocacy",
        "vendor_contest/blocked_vs_joint__pair_blocked_M_o1.0_s1__minus__pair_joint_M_o1.0_s1__contested_cue_present__target.S.served",
        "vendor_contest/blocked_vs_joint__pair_blocked_M_o1.0_s1__minus__pair_joint_M_o1.0_s1__contested_cue_present__target.S.target_advocacy",
        "vendor_contest/blocked_vs_joint__pair_blocked_S_o0.0_s0__minus__pair_joint_M_o0.0_s0__contested_cue_absent__outcome.served.both",
        "vendor_contest/blocked_vs_joint__pair_blocked_S_o0.0_s0__minus__pair_joint_M_o0.0_s0__contested_cue_absent__outcome.served.first_only",
        "vendor_contest/blocked_vs_joint__pair_blocked_S_o0.0_s0__minus__pair_joint_M_o0.0_s0__contested_cue_absent__outcome.served.neither",
        "vendor_contest/blocked_vs_joint__pair_blocked_S_o0.0_s0__minus__pair_joint_M_o0.0_s0__contested_cue_absent__outcome.served.second_only",
        "vendor_contest/blocked_vs_joint__pair_blocked_S_o0.0_s0__minus__pair_joint_M_o0.0_s0__contested_cue_absent__outcome.target_advocacy.both",
        "vendor_contest/blocked_vs_joint__pair_blocked_S_o0.0_s0__minus__pair_joint_M_o0.0_s0__contested_cue_absent__outcome.target_advocacy.first_only",
        "vendor_contest/blocked_vs_joint__pair_blocked_S_o0.0_s0__minus__pair_joint_M_o0.0_s0__contested_cue_absent__outcome.target_advocacy.neither",
        "vendor_contest/blocked_vs_joint__pair_blocked_S_o0.0_s0__minus__pair_joint_M_o0.0_s0__contested_cue_absent__outcome.target_advocacy.second_only",
        "vendor_contest/blocked_vs_joint__pair_blocked_S_o0.0_s0__minus__pair_joint_M_o0.0_s0__contested_cue_absent__target.M.served",
        "vendor_contest/blocked_vs_joint__pair_blocked_S_o0.0_s0__minus__pair_joint_M_o0.0_s0__contested_cue_absent__target.M.target_advocacy",
        "vendor_contest/blocked_vs_joint__pair_blocked_S_o0.0_s0__minus__pair_joint_M_o0.0_s0__contested_cue_absent__target.S.served",
        "vendor_contest/blocked_vs_joint__pair_blocked_S_o0.0_s0__minus__pair_joint_M_o0.0_s0__contested_cue_absent__target.S.target_advocacy",
        "vendor_contest/blocked_vs_joint__pair_blocked_S_o0.0_s0__minus__pair_joint_M_o0.0_s0__contested_cue_present__outcome.served.both",
        "vendor_contest/blocked_vs_joint__pair_blocked_S_o0.0_s0__minus__pair_joint_M_o0.0_s0__contested_cue_present__outcome.served.first_only",
        "vendor_contest/blocked_vs_joint__pair_blocked_S_o0.0_s0__minus__pair_joint_M_o0.0_s0__contested_cue_present__outcome.served.neither",
        "vendor_contest/blocked_vs_joint__pair_blocked_S_o0.0_s0__minus__pair_joint_M_o0.0_s0__contested_cue_present__outcome.served.second_only",
        "vendor_contest/blocked_vs_joint__pair_blocked_S_o0.0_s0__minus__pair_joint_M_o0.0_s0__contested_cue_present__outcome.target_advocacy.both",
        "vendor_contest/blocked_vs_joint__pair_blocked_S_o0.0_s0__minus__pair_joint_M_o0.0_s0__contested_cue_present__outcome.target_advocacy.first_only",
        "vendor_contest/blocked_vs_joint__pair_blocked_S_o0.0_s0__minus__pair_joint_M_o0.0_s0__contested_cue_present__outcome.target_advocacy.neither",
        "vendor_contest/blocked_vs_joint__pair_blocked_S_o0.0_s0__minus__pair_joint_M_o0.0_s0__contested_cue_present__outcome.target_advocacy.second_only",
        "vendor_contest/blocked_vs_joint__pair_blocked_S_o0.0_s0__minus__pair_joint_M_o0.0_s0__contested_cue_present__target.M.served",
        "vendor_contest/blocked_vs_joint__pair_blocked_S_o0.0_s0__minus__pair_joint_M_o0.0_s0__contested_cue_present__target.M.target_advocacy",
        "vendor_contest/blocked_vs_joint__pair_blocked_S_o0.0_s0__minus__pair_joint_M_o0.0_s0__contested_cue_present__target.S.served",
        "vendor_contest/blocked_vs_joint__pair_blocked_S_o0.0_s0__minus__pair_joint_M_o0.0_s0__contested_cue_present__target.S.target_advocacy",
        "vendor_contest/blocked_vs_joint__pair_blocked_S_o0.0_s1__minus__pair_joint_M_o0.0_s1__contested_cue_absent__outcome.served.both",
        "vendor_contest/blocked_vs_joint__pair_blocked_S_o0.0_s1__minus__pair_joint_M_o0.0_s1__contested_cue_absent__outcome.served.first_only",
        "vendor_contest/blocked_vs_joint__pair_blocked_S_o0.0_s1__minus__pair_joint_M_o0.0_s1__contested_cue_absent__outcome.served.neither",
        "vendor_contest/blocked_vs_joint__pair_blocked_S_o0.0_s1__minus__pair_joint_M_o0.0_s1__contested_cue_absent__outcome.served.second_only",
        "vendor_contest/blocked_vs_joint__pair_blocked_S_o0.0_s1__minus__pair_joint_M_o0.0_s1__contested_cue_absent__outcome.target_advocacy.both",
        "vendor_contest/blocked_vs_joint__pair_blocked_S_o0.0_s1__minus__pair_joint_M_o0.0_s1__contested_cue_absent__outcome.target_advocacy.first_only",
        "vendor_contest/blocked_vs_joint__pair_blocked_S_o0.0_s1__minus__pair_joint_M_o0.0_s1__contested_cue_absent__outcome.target_advocacy.neither",
        "vendor_contest/blocked_vs_joint__pair_blocked_S_o0.0_s1__minus__pair_joint_M_o0.0_s1__contested_cue_absent__outcome.target_advocacy.second_only",
        "vendor_contest/blocked_vs_joint__pair_blocked_S_o0.0_s1__minus__pair_joint_M_o0.0_s1__contested_cue_absent__target.M.served",
        "vendor_contest/blocked_vs_joint__pair_blocked_S_o0.0_s1__minus__pair_joint_M_o0.0_s1__contested_cue_absent__target.M.target_advocacy",
        "vendor_contest/blocked_vs_joint__pair_blocked_S_o0.0_s1__minus__pair_joint_M_o0.0_s1__contested_cue_absent__target.S.served",
        "vendor_contest/blocked_vs_joint__pair_blocked_S_o0.0_s1__minus__pair_joint_M_o0.0_s1__contested_cue_absent__target.S.target_advocacy",
        "vendor_contest/blocked_vs_joint__pair_blocked_S_o0.0_s1__minus__pair_joint_M_o0.0_s1__contested_cue_present__outcome.served.both",
        "vendor_contest/blocked_vs_joint__pair_blocked_S_o0.0_s1__minus__pair_joint_M_o0.0_s1__contested_cue_present__outcome.served.first_only",
        "vendor_contest/blocked_vs_joint__pair_blocked_S_o0.0_s1__minus__pair_joint_M_o0.0_s1__contested_cue_present__outcome.served.neither",
        "vendor_contest/blocked_vs_joint__pair_blocked_S_o0.0_s1__minus__pair_joint_M_o0.0_s1__contested_cue_present__outcome.served.second_only",
        "vendor_contest/blocked_vs_joint__pair_blocked_S_o0.0_s1__minus__pair_joint_M_o0.0_s1__contested_cue_present__outcome.target_advocacy.both",
        "vendor_contest/blocked_vs_joint__pair_blocked_S_o0.0_s1__minus__pair_joint_M_o0.0_s1__contested_cue_present__outcome.target_advocacy.first_only",
        "vendor_contest/blocked_vs_joint__pair_blocked_S_o0.0_s1__minus__pair_joint_M_o0.0_s1__contested_cue_present__outcome.target_advocacy.neither",
        "vendor_contest/blocked_vs_joint__pair_blocked_S_o0.0_s1__minus__pair_joint_M_o0.0_s1__contested_cue_present__outcome.target_advocacy.second_only",
        "vendor_contest/blocked_vs_joint__pair_blocked_S_o0.0_s1__minus__pair_joint_M_o0.0_s1__contested_cue_present__target.M.served",
        "vendor_contest/blocked_vs_joint__pair_blocked_S_o0.0_s1__minus__pair_joint_M_o0.0_s1__contested_cue_present__target.M.target_advocacy",
        "vendor_contest/blocked_vs_joint__pair_blocked_S_o0.0_s1__minus__pair_joint_M_o0.0_s1__contested_cue_present__target.S.served",
        "vendor_contest/blocked_vs_joint__pair_blocked_S_o0.0_s1__minus__pair_joint_M_o0.0_s1__contested_cue_present__target.S.target_advocacy",
        "vendor_contest/blocked_vs_joint__pair_blocked_S_o1.0_s0__minus__pair_joint_M_o1.0_s0__contested_cue_absent__outcome.served.both",
        "vendor_contest/blocked_vs_joint__pair_blocked_S_o1.0_s0__minus__pair_joint_M_o1.0_s0__contested_cue_absent__outcome.served.first_only",
        "vendor_contest/blocked_vs_joint__pair_blocked_S_o1.0_s0__minus__pair_joint_M_o1.0_s0__contested_cue_absent__outcome.served.neither",
        "vendor_contest/blocked_vs_joint__pair_blocked_S_o1.0_s0__minus__pair_joint_M_o1.0_s0__contested_cue_absent__outcome.served.second_only",
        "vendor_contest/blocked_vs_joint__pair_blocked_S_o1.0_s0__minus__pair_joint_M_o1.0_s0__contested_cue_absent__outcome.target_advocacy.both",
        "vendor_contest/blocked_vs_joint__pair_blocked_S_o1.0_s0__minus__pair_joint_M_o1.0_s0__contested_cue_absent__outcome.target_advocacy.first_only",
        "vendor_contest/blocked_vs_joint__pair_blocked_S_o1.0_s0__minus__pair_joint_M_o1.0_s0__contested_cue_absent__outcome.target_advocacy.neither",
        "vendor_contest/blocked_vs_joint__pair_blocked_S_o1.0_s0__minus__pair_joint_M_o1.0_s0__contested_cue_absent__outcome.target_advocacy.second_only",
        "vendor_contest/blocked_vs_joint__pair_blocked_S_o1.0_s0__minus__pair_joint_M_o1.0_s0__contested_cue_absent__target.M.served",
        "vendor_contest/blocked_vs_joint__pair_blocked_S_o1.0_s0__minus__pair_joint_M_o1.0_s0__contested_cue_absent__target.M.target_advocacy",
        "vendor_contest/blocked_vs_joint__pair_blocked_S_o1.0_s0__minus__pair_joint_M_o1.0_s0__contested_cue_absent__target.S.served",
        "vendor_contest/blocked_vs_joint__pair_blocked_S_o1.0_s0__minus__pair_joint_M_o1.0_s0__contested_cue_absent__target.S.target_advocacy",
        "vendor_contest/blocked_vs_joint__pair_blocked_S_o1.0_s0__minus__pair_joint_M_o1.0_s0__contested_cue_present__outcome.served.both",
        "vendor_contest/blocked_vs_joint__pair_blocked_S_o1.0_s0__minus__pair_joint_M_o1.0_s0__contested_cue_present__outcome.served.first_only",
        "vendor_contest/blocked_vs_joint__pair_blocked_S_o1.0_s0__minus__pair_joint_M_o1.0_s0__contested_cue_present__outcome.served.neither",
        "vendor_contest/blocked_vs_joint__pair_blocked_S_o1.0_s0__minus__pair_joint_M_o1.0_s0__contested_cue_present__outcome.served.second_only",
        "vendor_contest/blocked_vs_joint__pair_blocked_S_o1.0_s0__minus__pair_joint_M_o1.0_s0__contested_cue_present__outcome.target_advocacy.both",
        "vendor_contest/blocked_vs_joint__pair_blocked_S_o1.0_s0__minus__pair_joint_M_o1.0_s0__contested_cue_present__outcome.target_advocacy.first_only",
        "vendor_contest/blocked_vs_joint__pair_blocked_S_o1.0_s0__minus__pair_joint_M_o1.0_s0__contested_cue_present__outcome.target_advocacy.neither",
        "vendor_contest/blocked_vs_joint__pair_blocked_S_o1.0_s0__minus__pair_joint_M_o1.0_s0__contested_cue_present__outcome.target_advocacy.second_only",
        "vendor_contest/blocked_vs_joint__pair_blocked_S_o1.0_s0__minus__pair_joint_M_o1.0_s0__contested_cue_present__target.M.served",
        "vendor_contest/blocked_vs_joint__pair_blocked_S_o1.0_s0__minus__pair_joint_M_o1.0_s0__contested_cue_present__target.M.target_advocacy",
        "vendor_contest/blocked_vs_joint__pair_blocked_S_o1.0_s0__minus__pair_joint_M_o1.0_s0__contested_cue_present__target.S.served",
        "vendor_contest/blocked_vs_joint__pair_blocked_S_o1.0_s0__minus__pair_joint_M_o1.0_s0__contested_cue_present__target.S.target_advocacy",
        "vendor_contest/blocked_vs_joint__pair_blocked_S_o1.0_s1__minus__pair_joint_M_o1.0_s1__contested_cue_absent__outcome.served.both",
        "vendor_contest/blocked_vs_joint__pair_blocked_S_o1.0_s1__minus__pair_joint_M_o1.0_s1__contested_cue_absent__outcome.served.first_only",
        "vendor_contest/blocked_vs_joint__pair_blocked_S_o1.0_s1__minus__pair_joint_M_o1.0_s1__contested_cue_absent__outcome.served.neither",
        "vendor_contest/blocked_vs_joint__pair_blocked_S_o1.0_s1__minus__pair_joint_M_o1.0_s1__contested_cue_absent__outcome.served.second_only",
        "vendor_contest/blocked_vs_joint__pair_blocked_S_o1.0_s1__minus__pair_joint_M_o1.0_s1__contested_cue_absent__outcome.target_advocacy.both",
        "vendor_contest/blocked_vs_joint__pair_blocked_S_o1.0_s1__minus__pair_joint_M_o1.0_s1__contested_cue_absent__outcome.target_advocacy.first_only",
        "vendor_contest/blocked_vs_joint__pair_blocked_S_o1.0_s1__minus__pair_joint_M_o1.0_s1__contested_cue_absent__outcome.target_advocacy.neither",
        "vendor_contest/blocked_vs_joint__pair_blocked_S_o1.0_s1__minus__pair_joint_M_o1.0_s1__contested_cue_absent__outcome.target_advocacy.second_only",
        "vendor_contest/blocked_vs_joint__pair_blocked_S_o1.0_s1__minus__pair_joint_M_o1.0_s1__contested_cue_absent__target.M.served",
        "vendor_contest/blocked_vs_joint__pair_blocked_S_o1.0_s1__minus__pair_joint_M_o1.0_s1__contested_cue_absent__target.M.target_advocacy",
        "vendor_contest/blocked_vs_joint__pair_blocked_S_o1.0_s1__minus__pair_joint_M_o1.0_s1__contested_cue_absent__target.S.served",
        "vendor_contest/blocked_vs_joint__pair_blocked_S_o1.0_s1__minus__pair_joint_M_o1.0_s1__contested_cue_absent__target.S.target_advocacy",
        "vendor_contest/blocked_vs_joint__pair_blocked_S_o1.0_s1__minus__pair_joint_M_o1.0_s1__contested_cue_present__outcome.served.both",
        "vendor_contest/blocked_vs_joint__pair_blocked_S_o1.0_s1__minus__pair_joint_M_o1.0_s1__contested_cue_present__outcome.served.first_only",
        "vendor_contest/blocked_vs_joint__pair_blocked_S_o1.0_s1__minus__pair_joint_M_o1.0_s1__contested_cue_present__outcome.served.neither",
        "vendor_contest/blocked_vs_joint__pair_blocked_S_o1.0_s1__minus__pair_joint_M_o1.0_s1__contested_cue_present__outcome.served.second_only",
        "vendor_contest/blocked_vs_joint__pair_blocked_S_o1.0_s1__minus__pair_joint_M_o1.0_s1__contested_cue_present__outcome.target_advocacy.both",
        "vendor_contest/blocked_vs_joint__pair_blocked_S_o1.0_s1__minus__pair_joint_M_o1.0_s1__contested_cue_present__outcome.target_advocacy.first_only",
        "vendor_contest/blocked_vs_joint__pair_blocked_S_o1.0_s1__minus__pair_joint_M_o1.0_s1__contested_cue_present__outcome.target_advocacy.neither",
        "vendor_contest/blocked_vs_joint__pair_blocked_S_o1.0_s1__minus__pair_joint_M_o1.0_s1__contested_cue_present__outcome.target_advocacy.second_only",
        "vendor_contest/blocked_vs_joint__pair_blocked_S_o1.0_s1__minus__pair_joint_M_o1.0_s1__contested_cue_present__target.M.served",
        "vendor_contest/blocked_vs_joint__pair_blocked_S_o1.0_s1__minus__pair_joint_M_o1.0_s1__contested_cue_present__target.M.target_advocacy",
        "vendor_contest/blocked_vs_joint__pair_blocked_S_o1.0_s1__minus__pair_joint_M_o1.0_s1__contested_cue_present__target.S.served",
        "vendor_contest/blocked_vs_joint__pair_blocked_S_o1.0_s1__minus__pair_joint_M_o1.0_s1__contested_cue_present__target.S.target_advocacy",
        "vendor_contest/overlap__pair_blocked_M_o0.0_s0__minus__pair_blocked_M_o1.0_s0__contested_cue_absent__outcome.served.both",
        "vendor_contest/overlap__pair_blocked_M_o0.0_s0__minus__pair_blocked_M_o1.0_s0__contested_cue_absent__outcome.served.first_only",
        "vendor_contest/overlap__pair_blocked_M_o0.0_s0__minus__pair_blocked_M_o1.0_s0__contested_cue_absent__outcome.served.neither",
        "vendor_contest/overlap__pair_blocked_M_o0.0_s0__minus__pair_blocked_M_o1.0_s0__contested_cue_absent__outcome.served.second_only",
        "vendor_contest/overlap__pair_blocked_M_o0.0_s0__minus__pair_blocked_M_o1.0_s0__contested_cue_absent__outcome.target_advocacy.both",
        "vendor_contest/overlap__pair_blocked_M_o0.0_s0__minus__pair_blocked_M_o1.0_s0__contested_cue_absent__outcome.target_advocacy.first_only",
        "vendor_contest/overlap__pair_blocked_M_o0.0_s0__minus__pair_blocked_M_o1.0_s0__contested_cue_absent__outcome.target_advocacy.neither",
        "vendor_contest/overlap__pair_blocked_M_o0.0_s0__minus__pair_blocked_M_o1.0_s0__contested_cue_absent__outcome.target_advocacy.second_only",
        "vendor_contest/overlap__pair_blocked_M_o0.0_s0__minus__pair_blocked_M_o1.0_s0__contested_cue_absent__target.M.served",
        "vendor_contest/overlap__pair_blocked_M_o0.0_s0__minus__pair_blocked_M_o1.0_s0__contested_cue_absent__target.M.target_advocacy",
        "vendor_contest/overlap__pair_blocked_M_o0.0_s0__minus__pair_blocked_M_o1.0_s0__contested_cue_absent__target.S.served",
        "vendor_contest/overlap__pair_blocked_M_o0.0_s0__minus__pair_blocked_M_o1.0_s0__contested_cue_absent__target.S.target_advocacy",
        "vendor_contest/overlap__pair_blocked_M_o0.0_s0__minus__pair_blocked_M_o1.0_s0__contested_cue_present__outcome.served.both",
        "vendor_contest/overlap__pair_blocked_M_o0.0_s0__minus__pair_blocked_M_o1.0_s0__contested_cue_present__outcome.served.first_only",
        "vendor_contest/overlap__pair_blocked_M_o0.0_s0__minus__pair_blocked_M_o1.0_s0__contested_cue_present__outcome.served.neither",
        "vendor_contest/overlap__pair_blocked_M_o0.0_s0__minus__pair_blocked_M_o1.0_s0__contested_cue_present__outcome.served.second_only",
        "vendor_contest/overlap__pair_blocked_M_o0.0_s0__minus__pair_blocked_M_o1.0_s0__contested_cue_present__outcome.target_advocacy.both",
        "vendor_contest/overlap__pair_blocked_M_o0.0_s0__minus__pair_blocked_M_o1.0_s0__contested_cue_present__outcome.target_advocacy.first_only",
        "vendor_contest/overlap__pair_blocked_M_o0.0_s0__minus__pair_blocked_M_o1.0_s0__contested_cue_present__outcome.target_advocacy.neither",
        "vendor_contest/overlap__pair_blocked_M_o0.0_s0__minus__pair_blocked_M_o1.0_s0__contested_cue_present__outcome.target_advocacy.second_only",
        "vendor_contest/overlap__pair_blocked_M_o0.0_s0__minus__pair_blocked_M_o1.0_s0__contested_cue_present__target.M.served",
        "vendor_contest/overlap__pair_blocked_M_o0.0_s0__minus__pair_blocked_M_o1.0_s0__contested_cue_present__target.M.target_advocacy",
        "vendor_contest/overlap__pair_blocked_M_o0.0_s0__minus__pair_blocked_M_o1.0_s0__contested_cue_present__target.S.served",
        "vendor_contest/overlap__pair_blocked_M_o0.0_s0__minus__pair_blocked_M_o1.0_s0__contested_cue_present__target.S.target_advocacy",
        "vendor_contest/overlap__pair_blocked_M_o0.0_s1__minus__pair_blocked_M_o1.0_s1__contested_cue_absent__outcome.served.both",
        "vendor_contest/overlap__pair_blocked_M_o0.0_s1__minus__pair_blocked_M_o1.0_s1__contested_cue_absent__outcome.served.first_only",
        "vendor_contest/overlap__pair_blocked_M_o0.0_s1__minus__pair_blocked_M_o1.0_s1__contested_cue_absent__outcome.served.neither",
        "vendor_contest/overlap__pair_blocked_M_o0.0_s1__minus__pair_blocked_M_o1.0_s1__contested_cue_absent__outcome.served.second_only",
        "vendor_contest/overlap__pair_blocked_M_o0.0_s1__minus__pair_blocked_M_o1.0_s1__contested_cue_absent__outcome.target_advocacy.both",
        "vendor_contest/overlap__pair_blocked_M_o0.0_s1__minus__pair_blocked_M_o1.0_s1__contested_cue_absent__outcome.target_advocacy.first_only",
        "vendor_contest/overlap__pair_blocked_M_o0.0_s1__minus__pair_blocked_M_o1.0_s1__contested_cue_absent__outcome.target_advocacy.neither",
        "vendor_contest/overlap__pair_blocked_M_o0.0_s1__minus__pair_blocked_M_o1.0_s1__contested_cue_absent__outcome.target_advocacy.second_only",
        "vendor_contest/overlap__pair_blocked_M_o0.0_s1__minus__pair_blocked_M_o1.0_s1__contested_cue_absent__target.M.served",
        "vendor_contest/overlap__pair_blocked_M_o0.0_s1__minus__pair_blocked_M_o1.0_s1__contested_cue_absent__target.M.target_advocacy",
        "vendor_contest/overlap__pair_blocked_M_o0.0_s1__minus__pair_blocked_M_o1.0_s1__contested_cue_absent__target.S.served",
        "vendor_contest/overlap__pair_blocked_M_o0.0_s1__minus__pair_blocked_M_o1.0_s1__contested_cue_absent__target.S.target_advocacy",
        "vendor_contest/overlap__pair_blocked_M_o0.0_s1__minus__pair_blocked_M_o1.0_s1__contested_cue_present__outcome.served.both",
        "vendor_contest/overlap__pair_blocked_M_o0.0_s1__minus__pair_blocked_M_o1.0_s1__contested_cue_present__outcome.served.first_only",
        "vendor_contest/overlap__pair_blocked_M_o0.0_s1__minus__pair_blocked_M_o1.0_s1__contested_cue_present__outcome.served.neither",
        "vendor_contest/overlap__pair_blocked_M_o0.0_s1__minus__pair_blocked_M_o1.0_s1__contested_cue_present__outcome.served.second_only",
        "vendor_contest/overlap__pair_blocked_M_o0.0_s1__minus__pair_blocked_M_o1.0_s1__contested_cue_present__outcome.target_advocacy.both",
        "vendor_contest/overlap__pair_blocked_M_o0.0_s1__minus__pair_blocked_M_o1.0_s1__contested_cue_present__outcome.target_advocacy.first_only",
        "vendor_contest/overlap__pair_blocked_M_o0.0_s1__minus__pair_blocked_M_o1.0_s1__contested_cue_present__outcome.target_advocacy.neither",
        "vendor_contest/overlap__pair_blocked_M_o0.0_s1__minus__pair_blocked_M_o1.0_s1__contested_cue_present__outcome.target_advocacy.second_only",
        "vendor_contest/overlap__pair_blocked_M_o0.0_s1__minus__pair_blocked_M_o1.0_s1__contested_cue_present__target.M.served",
        "vendor_contest/overlap__pair_blocked_M_o0.0_s1__minus__pair_blocked_M_o1.0_s1__contested_cue_present__target.M.target_advocacy",
        "vendor_contest/overlap__pair_blocked_M_o0.0_s1__minus__pair_blocked_M_o1.0_s1__contested_cue_present__target.S.served",
        "vendor_contest/overlap__pair_blocked_M_o0.0_s1__minus__pair_blocked_M_o1.0_s1__contested_cue_present__target.S.target_advocacy",
        "vendor_contest/overlap__pair_blocked_S_o0.0_s0__minus__pair_blocked_S_o1.0_s0__contested_cue_absent__outcome.served.both",
        "vendor_contest/overlap__pair_blocked_S_o0.0_s0__minus__pair_blocked_S_o1.0_s0__contested_cue_absent__outcome.served.first_only",
        "vendor_contest/overlap__pair_blocked_S_o0.0_s0__minus__pair_blocked_S_o1.0_s0__contested_cue_absent__outcome.served.neither",
        "vendor_contest/overlap__pair_blocked_S_o0.0_s0__minus__pair_blocked_S_o1.0_s0__contested_cue_absent__outcome.served.second_only",
        "vendor_contest/overlap__pair_blocked_S_o0.0_s0__minus__pair_blocked_S_o1.0_s0__contested_cue_absent__outcome.target_advocacy.both",
        "vendor_contest/overlap__pair_blocked_S_o0.0_s0__minus__pair_blocked_S_o1.0_s0__contested_cue_absent__outcome.target_advocacy.first_only",
        "vendor_contest/overlap__pair_blocked_S_o0.0_s0__minus__pair_blocked_S_o1.0_s0__contested_cue_absent__outcome.target_advocacy.neither",
        "vendor_contest/overlap__pair_blocked_S_o0.0_s0__minus__pair_blocked_S_o1.0_s0__contested_cue_absent__outcome.target_advocacy.second_only",
        "vendor_contest/overlap__pair_blocked_S_o0.0_s0__minus__pair_blocked_S_o1.0_s0__contested_cue_absent__target.M.served",
        "vendor_contest/overlap__pair_blocked_S_o0.0_s0__minus__pair_blocked_S_o1.0_s0__contested_cue_absent__target.M.target_advocacy",
        "vendor_contest/overlap__pair_blocked_S_o0.0_s0__minus__pair_blocked_S_o1.0_s0__contested_cue_absent__target.S.served",
        "vendor_contest/overlap__pair_blocked_S_o0.0_s0__minus__pair_blocked_S_o1.0_s0__contested_cue_absent__target.S.target_advocacy",
        "vendor_contest/overlap__pair_blocked_S_o0.0_s0__minus__pair_blocked_S_o1.0_s0__contested_cue_present__outcome.served.both",
        "vendor_contest/overlap__pair_blocked_S_o0.0_s0__minus__pair_blocked_S_o1.0_s0__contested_cue_present__outcome.served.first_only",
        "vendor_contest/overlap__pair_blocked_S_o0.0_s0__minus__pair_blocked_S_o1.0_s0__contested_cue_present__outcome.served.neither",
        "vendor_contest/overlap__pair_blocked_S_o0.0_s0__minus__pair_blocked_S_o1.0_s0__contested_cue_present__outcome.served.second_only",
        "vendor_contest/overlap__pair_blocked_S_o0.0_s0__minus__pair_blocked_S_o1.0_s0__contested_cue_present__outcome.target_advocacy.both",
        "vendor_contest/overlap__pair_blocked_S_o0.0_s0__minus__pair_blocked_S_o1.0_s0__contested_cue_present__outcome.target_advocacy.first_only",
        "vendor_contest/overlap__pair_blocked_S_o0.0_s0__minus__pair_blocked_S_o1.0_s0__contested_cue_present__outcome.target_advocacy.neither",
        "vendor_contest/overlap__pair_blocked_S_o0.0_s0__minus__pair_blocked_S_o1.0_s0__contested_cue_present__outcome.target_advocacy.second_only",
        "vendor_contest/overlap__pair_blocked_S_o0.0_s0__minus__pair_blocked_S_o1.0_s0__contested_cue_present__target.M.served",
        "vendor_contest/overlap__pair_blocked_S_o0.0_s0__minus__pair_blocked_S_o1.0_s0__contested_cue_present__target.M.target_advocacy",
        "vendor_contest/overlap__pair_blocked_S_o0.0_s0__minus__pair_blocked_S_o1.0_s0__contested_cue_present__target.S.served",
        "vendor_contest/overlap__pair_blocked_S_o0.0_s0__minus__pair_blocked_S_o1.0_s0__contested_cue_present__target.S.target_advocacy",
        "vendor_contest/overlap__pair_blocked_S_o0.0_s1__minus__pair_blocked_S_o1.0_s1__contested_cue_absent__outcome.served.both",
        "vendor_contest/overlap__pair_blocked_S_o0.0_s1__minus__pair_blocked_S_o1.0_s1__contested_cue_absent__outcome.served.first_only",
        "vendor_contest/overlap__pair_blocked_S_o0.0_s1__minus__pair_blocked_S_o1.0_s1__contested_cue_absent__outcome.served.neither",
        "vendor_contest/overlap__pair_blocked_S_o0.0_s1__minus__pair_blocked_S_o1.0_s1__contested_cue_absent__outcome.served.second_only",
        "vendor_contest/overlap__pair_blocked_S_o0.0_s1__minus__pair_blocked_S_o1.0_s1__contested_cue_absent__outcome.target_advocacy.both",
        "vendor_contest/overlap__pair_blocked_S_o0.0_s1__minus__pair_blocked_S_o1.0_s1__contested_cue_absent__outcome.target_advocacy.first_only",
        "vendor_contest/overlap__pair_blocked_S_o0.0_s1__minus__pair_blocked_S_o1.0_s1__contested_cue_absent__outcome.target_advocacy.neither",
        "vendor_contest/overlap__pair_blocked_S_o0.0_s1__minus__pair_blocked_S_o1.0_s1__contested_cue_absent__outcome.target_advocacy.second_only",
        "vendor_contest/overlap__pair_blocked_S_o0.0_s1__minus__pair_blocked_S_o1.0_s1__contested_cue_absent__target.M.served",
        "vendor_contest/overlap__pair_blocked_S_o0.0_s1__minus__pair_blocked_S_o1.0_s1__contested_cue_absent__target.M.target_advocacy",
        "vendor_contest/overlap__pair_blocked_S_o0.0_s1__minus__pair_blocked_S_o1.0_s1__contested_cue_absent__target.S.served",
        "vendor_contest/overlap__pair_blocked_S_o0.0_s1__minus__pair_blocked_S_o1.0_s1__contested_cue_absent__target.S.target_advocacy",
        "vendor_contest/overlap__pair_blocked_S_o0.0_s1__minus__pair_blocked_S_o1.0_s1__contested_cue_present__outcome.served.both",
        "vendor_contest/overlap__pair_blocked_S_o0.0_s1__minus__pair_blocked_S_o1.0_s1__contested_cue_present__outcome.served.first_only",
        "vendor_contest/overlap__pair_blocked_S_o0.0_s1__minus__pair_blocked_S_o1.0_s1__contested_cue_present__outcome.served.neither",
        "vendor_contest/overlap__pair_blocked_S_o0.0_s1__minus__pair_blocked_S_o1.0_s1__contested_cue_present__outcome.served.second_only",
        "vendor_contest/overlap__pair_blocked_S_o0.0_s1__minus__pair_blocked_S_o1.0_s1__contested_cue_present__outcome.target_advocacy.both",
        "vendor_contest/overlap__pair_blocked_S_o0.0_s1__minus__pair_blocked_S_o1.0_s1__contested_cue_present__outcome.target_advocacy.first_only",
        "vendor_contest/overlap__pair_blocked_S_o0.0_s1__minus__pair_blocked_S_o1.0_s1__contested_cue_present__outcome.target_advocacy.neither",
        "vendor_contest/overlap__pair_blocked_S_o0.0_s1__minus__pair_blocked_S_o1.0_s1__contested_cue_present__outcome.target_advocacy.second_only",
        "vendor_contest/overlap__pair_blocked_S_o0.0_s1__minus__pair_blocked_S_o1.0_s1__contested_cue_present__target.M.served",
        "vendor_contest/overlap__pair_blocked_S_o0.0_s1__minus__pair_blocked_S_o1.0_s1__contested_cue_present__target.M.target_advocacy",
        "vendor_contest/overlap__pair_blocked_S_o0.0_s1__minus__pair_blocked_S_o1.0_s1__contested_cue_present__target.S.served",
        "vendor_contest/overlap__pair_blocked_S_o0.0_s1__minus__pair_blocked_S_o1.0_s1__contested_cue_present__target.S.target_advocacy",
        "vendor_contest/overlap__pair_joint_M_o0.0_s0__minus__pair_joint_M_o1.0_s0__contested_cue_absent__outcome.served.both",
        "vendor_contest/overlap__pair_joint_M_o0.0_s0__minus__pair_joint_M_o1.0_s0__contested_cue_absent__outcome.served.first_only",
        "vendor_contest/overlap__pair_joint_M_o0.0_s0__minus__pair_joint_M_o1.0_s0__contested_cue_absent__outcome.served.neither",
        "vendor_contest/overlap__pair_joint_M_o0.0_s0__minus__pair_joint_M_o1.0_s0__contested_cue_absent__outcome.served.second_only",
        "vendor_contest/overlap__pair_joint_M_o0.0_s0__minus__pair_joint_M_o1.0_s0__contested_cue_absent__outcome.target_advocacy.both",
        "vendor_contest/overlap__pair_joint_M_o0.0_s0__minus__pair_joint_M_o1.0_s0__contested_cue_absent__outcome.target_advocacy.first_only",
        "vendor_contest/overlap__pair_joint_M_o0.0_s0__minus__pair_joint_M_o1.0_s0__contested_cue_absent__outcome.target_advocacy.neither",
        "vendor_contest/overlap__pair_joint_M_o0.0_s0__minus__pair_joint_M_o1.0_s0__contested_cue_absent__outcome.target_advocacy.second_only",
        "vendor_contest/overlap__pair_joint_M_o0.0_s0__minus__pair_joint_M_o1.0_s0__contested_cue_absent__target.M.served",
        "vendor_contest/overlap__pair_joint_M_o0.0_s0__minus__pair_joint_M_o1.0_s0__contested_cue_absent__target.M.target_advocacy",
        "vendor_contest/overlap__pair_joint_M_o0.0_s0__minus__pair_joint_M_o1.0_s0__contested_cue_absent__target.S.served",
        "vendor_contest/overlap__pair_joint_M_o0.0_s0__minus__pair_joint_M_o1.0_s0__contested_cue_absent__target.S.target_advocacy",
        "vendor_contest/overlap__pair_joint_M_o0.0_s0__minus__pair_joint_M_o1.0_s0__contested_cue_present__outcome.served.both",
        "vendor_contest/overlap__pair_joint_M_o0.0_s0__minus__pair_joint_M_o1.0_s0__contested_cue_present__outcome.served.first_only",
        "vendor_contest/overlap__pair_joint_M_o0.0_s0__minus__pair_joint_M_o1.0_s0__contested_cue_present__outcome.served.neither",
        "vendor_contest/overlap__pair_joint_M_o0.0_s0__minus__pair_joint_M_o1.0_s0__contested_cue_present__outcome.served.second_only",
        "vendor_contest/overlap__pair_joint_M_o0.0_s0__minus__pair_joint_M_o1.0_s0__contested_cue_present__outcome.target_advocacy.both",
        "vendor_contest/overlap__pair_joint_M_o0.0_s0__minus__pair_joint_M_o1.0_s0__contested_cue_present__outcome.target_advocacy.first_only",
        "vendor_contest/overlap__pair_joint_M_o0.0_s0__minus__pair_joint_M_o1.0_s0__contested_cue_present__outcome.target_advocacy.neither",
        "vendor_contest/overlap__pair_joint_M_o0.0_s0__minus__pair_joint_M_o1.0_s0__contested_cue_present__outcome.target_advocacy.second_only",
        "vendor_contest/overlap__pair_joint_M_o0.0_s0__minus__pair_joint_M_o1.0_s0__contested_cue_present__target.M.served",
        "vendor_contest/overlap__pair_joint_M_o0.0_s0__minus__pair_joint_M_o1.0_s0__contested_cue_present__target.M.target_advocacy",
        "vendor_contest/overlap__pair_joint_M_o0.0_s0__minus__pair_joint_M_o1.0_s0__contested_cue_present__target.S.served",
        "vendor_contest/overlap__pair_joint_M_o0.0_s0__minus__pair_joint_M_o1.0_s0__contested_cue_present__target.S.target_advocacy",
        "vendor_contest/overlap__pair_joint_M_o0.0_s1__minus__pair_joint_M_o1.0_s1__contested_cue_absent__outcome.served.both",
        "vendor_contest/overlap__pair_joint_M_o0.0_s1__minus__pair_joint_M_o1.0_s1__contested_cue_absent__outcome.served.first_only",
        "vendor_contest/overlap__pair_joint_M_o0.0_s1__minus__pair_joint_M_o1.0_s1__contested_cue_absent__outcome.served.neither",
        "vendor_contest/overlap__pair_joint_M_o0.0_s1__minus__pair_joint_M_o1.0_s1__contested_cue_absent__outcome.served.second_only",
        "vendor_contest/overlap__pair_joint_M_o0.0_s1__minus__pair_joint_M_o1.0_s1__contested_cue_absent__outcome.target_advocacy.both",
        "vendor_contest/overlap__pair_joint_M_o0.0_s1__minus__pair_joint_M_o1.0_s1__contested_cue_absent__outcome.target_advocacy.first_only",
        "vendor_contest/overlap__pair_joint_M_o0.0_s1__minus__pair_joint_M_o1.0_s1__contested_cue_absent__outcome.target_advocacy.neither",
        "vendor_contest/overlap__pair_joint_M_o0.0_s1__minus__pair_joint_M_o1.0_s1__contested_cue_absent__outcome.target_advocacy.second_only",
        "vendor_contest/overlap__pair_joint_M_o0.0_s1__minus__pair_joint_M_o1.0_s1__contested_cue_absent__target.M.served",
        "vendor_contest/overlap__pair_joint_M_o0.0_s1__minus__pair_joint_M_o1.0_s1__contested_cue_absent__target.M.target_advocacy",
        "vendor_contest/overlap__pair_joint_M_o0.0_s1__minus__pair_joint_M_o1.0_s1__contested_cue_absent__target.S.served",
        "vendor_contest/overlap__pair_joint_M_o0.0_s1__minus__pair_joint_M_o1.0_s1__contested_cue_absent__target.S.target_advocacy",
        "vendor_contest/overlap__pair_joint_M_o0.0_s1__minus__pair_joint_M_o1.0_s1__contested_cue_present__outcome.served.both",
        "vendor_contest/overlap__pair_joint_M_o0.0_s1__minus__pair_joint_M_o1.0_s1__contested_cue_present__outcome.served.first_only",
        "vendor_contest/overlap__pair_joint_M_o0.0_s1__minus__pair_joint_M_o1.0_s1__contested_cue_present__outcome.served.neither",
        "vendor_contest/overlap__pair_joint_M_o0.0_s1__minus__pair_joint_M_o1.0_s1__contested_cue_present__outcome.served.second_only",
        "vendor_contest/overlap__pair_joint_M_o0.0_s1__minus__pair_joint_M_o1.0_s1__contested_cue_present__outcome.target_advocacy.both",
        "vendor_contest/overlap__pair_joint_M_o0.0_s1__minus__pair_joint_M_o1.0_s1__contested_cue_present__outcome.target_advocacy.first_only",
        "vendor_contest/overlap__pair_joint_M_o0.0_s1__minus__pair_joint_M_o1.0_s1__contested_cue_present__outcome.target_advocacy.neither",
        "vendor_contest/overlap__pair_joint_M_o0.0_s1__minus__pair_joint_M_o1.0_s1__contested_cue_present__outcome.target_advocacy.second_only",
        "vendor_contest/overlap__pair_joint_M_o0.0_s1__minus__pair_joint_M_o1.0_s1__contested_cue_present__target.M.served",
        "vendor_contest/overlap__pair_joint_M_o0.0_s1__minus__pair_joint_M_o1.0_s1__contested_cue_present__target.M.target_advocacy",
        "vendor_contest/overlap__pair_joint_M_o0.0_s1__minus__pair_joint_M_o1.0_s1__contested_cue_present__target.S.served",
        "vendor_contest/overlap__pair_joint_M_o0.0_s1__minus__pair_joint_M_o1.0_s1__contested_cue_present__target.S.target_advocacy",
        "vendor_contest/seed_replication__pair_blocked_M_o0.0_s0__minus__pair_blocked_M_o0.0_s1__contested_cue_absent__outcome.served.both",
        "vendor_contest/seed_replication__pair_blocked_M_o0.0_s0__minus__pair_blocked_M_o0.0_s1__contested_cue_absent__outcome.served.first_only",
        "vendor_contest/seed_replication__pair_blocked_M_o0.0_s0__minus__pair_blocked_M_o0.0_s1__contested_cue_absent__outcome.served.neither",
        "vendor_contest/seed_replication__pair_blocked_M_o0.0_s0__minus__pair_blocked_M_o0.0_s1__contested_cue_absent__outcome.served.second_only",
        "vendor_contest/seed_replication__pair_blocked_M_o0.0_s0__minus__pair_blocked_M_o0.0_s1__contested_cue_absent__outcome.target_advocacy.both",
        "vendor_contest/seed_replication__pair_blocked_M_o0.0_s0__minus__pair_blocked_M_o0.0_s1__contested_cue_absent__outcome.target_advocacy.first_only",
        "vendor_contest/seed_replication__pair_blocked_M_o0.0_s0__minus__pair_blocked_M_o0.0_s1__contested_cue_absent__outcome.target_advocacy.neither",
        "vendor_contest/seed_replication__pair_blocked_M_o0.0_s0__minus__pair_blocked_M_o0.0_s1__contested_cue_absent__outcome.target_advocacy.second_only",
        "vendor_contest/seed_replication__pair_blocked_M_o0.0_s0__minus__pair_blocked_M_o0.0_s1__contested_cue_absent__target.M.served",
        "vendor_contest/seed_replication__pair_blocked_M_o0.0_s0__minus__pair_blocked_M_o0.0_s1__contested_cue_absent__target.M.target_advocacy",
        "vendor_contest/seed_replication__pair_blocked_M_o0.0_s0__minus__pair_blocked_M_o0.0_s1__contested_cue_absent__target.S.served",
        "vendor_contest/seed_replication__pair_blocked_M_o0.0_s0__minus__pair_blocked_M_o0.0_s1__contested_cue_absent__target.S.target_advocacy",
        "vendor_contest/seed_replication__pair_blocked_M_o0.0_s0__minus__pair_blocked_M_o0.0_s1__contested_cue_present__outcome.served.both",
        "vendor_contest/seed_replication__pair_blocked_M_o0.0_s0__minus__pair_blocked_M_o0.0_s1__contested_cue_present__outcome.served.first_only",
        "vendor_contest/seed_replication__pair_blocked_M_o0.0_s0__minus__pair_blocked_M_o0.0_s1__contested_cue_present__outcome.served.neither",
        "vendor_contest/seed_replication__pair_blocked_M_o0.0_s0__minus__pair_blocked_M_o0.0_s1__contested_cue_present__outcome.served.second_only",
        "vendor_contest/seed_replication__pair_blocked_M_o0.0_s0__minus__pair_blocked_M_o0.0_s1__contested_cue_present__outcome.target_advocacy.both",
        "vendor_contest/seed_replication__pair_blocked_M_o0.0_s0__minus__pair_blocked_M_o0.0_s1__contested_cue_present__outcome.target_advocacy.first_only",
        "vendor_contest/seed_replication__pair_blocked_M_o0.0_s0__minus__pair_blocked_M_o0.0_s1__contested_cue_present__outcome.target_advocacy.neither",
        "vendor_contest/seed_replication__pair_blocked_M_o0.0_s0__minus__pair_blocked_M_o0.0_s1__contested_cue_present__outcome.target_advocacy.second_only",
        "vendor_contest/seed_replication__pair_blocked_M_o0.0_s0__minus__pair_blocked_M_o0.0_s1__contested_cue_present__target.M.served",
        "vendor_contest/seed_replication__pair_blocked_M_o0.0_s0__minus__pair_blocked_M_o0.0_s1__contested_cue_present__target.M.target_advocacy",
        "vendor_contest/seed_replication__pair_blocked_M_o0.0_s0__minus__pair_blocked_M_o0.0_s1__contested_cue_present__target.S.served",
        "vendor_contest/seed_replication__pair_blocked_M_o0.0_s0__minus__pair_blocked_M_o0.0_s1__contested_cue_present__target.S.target_advocacy",
        "vendor_contest/seed_replication__pair_blocked_M_o1.0_s0__minus__pair_blocked_M_o1.0_s1__contested_cue_absent__outcome.served.both",
        "vendor_contest/seed_replication__pair_blocked_M_o1.0_s0__minus__pair_blocked_M_o1.0_s1__contested_cue_absent__outcome.served.first_only",
        "vendor_contest/seed_replication__pair_blocked_M_o1.0_s0__minus__pair_blocked_M_o1.0_s1__contested_cue_absent__outcome.served.neither",
        "vendor_contest/seed_replication__pair_blocked_M_o1.0_s0__minus__pair_blocked_M_o1.0_s1__contested_cue_absent__outcome.served.second_only",
        "vendor_contest/seed_replication__pair_blocked_M_o1.0_s0__minus__pair_blocked_M_o1.0_s1__contested_cue_absent__outcome.target_advocacy.both",
        "vendor_contest/seed_replication__pair_blocked_M_o1.0_s0__minus__pair_blocked_M_o1.0_s1__contested_cue_absent__outcome.target_advocacy.first_only",
        "vendor_contest/seed_replication__pair_blocked_M_o1.0_s0__minus__pair_blocked_M_o1.0_s1__contested_cue_absent__outcome.target_advocacy.neither",
        "vendor_contest/seed_replication__pair_blocked_M_o1.0_s0__minus__pair_blocked_M_o1.0_s1__contested_cue_absent__outcome.target_advocacy.second_only",
        "vendor_contest/seed_replication__pair_blocked_M_o1.0_s0__minus__pair_blocked_M_o1.0_s1__contested_cue_absent__target.M.served",
        "vendor_contest/seed_replication__pair_blocked_M_o1.0_s0__minus__pair_blocked_M_o1.0_s1__contested_cue_absent__target.M.target_advocacy",
        "vendor_contest/seed_replication__pair_blocked_M_o1.0_s0__minus__pair_blocked_M_o1.0_s1__contested_cue_absent__target.S.served",
        "vendor_contest/seed_replication__pair_blocked_M_o1.0_s0__minus__pair_blocked_M_o1.0_s1__contested_cue_absent__target.S.target_advocacy",
        "vendor_contest/seed_replication__pair_blocked_M_o1.0_s0__minus__pair_blocked_M_o1.0_s1__contested_cue_present__outcome.served.both",
        "vendor_contest/seed_replication__pair_blocked_M_o1.0_s0__minus__pair_blocked_M_o1.0_s1__contested_cue_present__outcome.served.first_only",
        "vendor_contest/seed_replication__pair_blocked_M_o1.0_s0__minus__pair_blocked_M_o1.0_s1__contested_cue_present__outcome.served.neither",
        "vendor_contest/seed_replication__pair_blocked_M_o1.0_s0__minus__pair_blocked_M_o1.0_s1__contested_cue_present__outcome.served.second_only",
        "vendor_contest/seed_replication__pair_blocked_M_o1.0_s0__minus__pair_blocked_M_o1.0_s1__contested_cue_present__outcome.target_advocacy.both",
        "vendor_contest/seed_replication__pair_blocked_M_o1.0_s0__minus__pair_blocked_M_o1.0_s1__contested_cue_present__outcome.target_advocacy.first_only",
        "vendor_contest/seed_replication__pair_blocked_M_o1.0_s0__minus__pair_blocked_M_o1.0_s1__contested_cue_present__outcome.target_advocacy.neither",
        "vendor_contest/seed_replication__pair_blocked_M_o1.0_s0__minus__pair_blocked_M_o1.0_s1__contested_cue_present__outcome.target_advocacy.second_only",
        "vendor_contest/seed_replication__pair_blocked_M_o1.0_s0__minus__pair_blocked_M_o1.0_s1__contested_cue_present__target.M.served",
        "vendor_contest/seed_replication__pair_blocked_M_o1.0_s0__minus__pair_blocked_M_o1.0_s1__contested_cue_present__target.M.target_advocacy",
        "vendor_contest/seed_replication__pair_blocked_M_o1.0_s0__minus__pair_blocked_M_o1.0_s1__contested_cue_present__target.S.served",
        "vendor_contest/seed_replication__pair_blocked_M_o1.0_s0__minus__pair_blocked_M_o1.0_s1__contested_cue_present__target.S.target_advocacy",
        "vendor_contest/seed_replication__pair_blocked_S_o0.0_s0__minus__pair_blocked_S_o0.0_s1__contested_cue_absent__outcome.served.both",
        "vendor_contest/seed_replication__pair_blocked_S_o0.0_s0__minus__pair_blocked_S_o0.0_s1__contested_cue_absent__outcome.served.first_only",
        "vendor_contest/seed_replication__pair_blocked_S_o0.0_s0__minus__pair_blocked_S_o0.0_s1__contested_cue_absent__outcome.served.neither",
        "vendor_contest/seed_replication__pair_blocked_S_o0.0_s0__minus__pair_blocked_S_o0.0_s1__contested_cue_absent__outcome.served.second_only",
        "vendor_contest/seed_replication__pair_blocked_S_o0.0_s0__minus__pair_blocked_S_o0.0_s1__contested_cue_absent__outcome.target_advocacy.both",
        "vendor_contest/seed_replication__pair_blocked_S_o0.0_s0__minus__pair_blocked_S_o0.0_s1__contested_cue_absent__outcome.target_advocacy.first_only",
        "vendor_contest/seed_replication__pair_blocked_S_o0.0_s0__minus__pair_blocked_S_o0.0_s1__contested_cue_absent__outcome.target_advocacy.neither",
        "vendor_contest/seed_replication__pair_blocked_S_o0.0_s0__minus__pair_blocked_S_o0.0_s1__contested_cue_absent__outcome.target_advocacy.second_only",
        "vendor_contest/seed_replication__pair_blocked_S_o0.0_s0__minus__pair_blocked_S_o0.0_s1__contested_cue_absent__target.M.served",
        "vendor_contest/seed_replication__pair_blocked_S_o0.0_s0__minus__pair_blocked_S_o0.0_s1__contested_cue_absent__target.M.target_advocacy",
        "vendor_contest/seed_replication__pair_blocked_S_o0.0_s0__minus__pair_blocked_S_o0.0_s1__contested_cue_absent__target.S.served",
        "vendor_contest/seed_replication__pair_blocked_S_o0.0_s0__minus__pair_blocked_S_o0.0_s1__contested_cue_absent__target.S.target_advocacy",
        "vendor_contest/seed_replication__pair_blocked_S_o0.0_s0__minus__pair_blocked_S_o0.0_s1__contested_cue_present__outcome.served.both",
        "vendor_contest/seed_replication__pair_blocked_S_o0.0_s0__minus__pair_blocked_S_o0.0_s1__contested_cue_present__outcome.served.first_only",
        "vendor_contest/seed_replication__pair_blocked_S_o0.0_s0__minus__pair_blocked_S_o0.0_s1__contested_cue_present__outcome.served.neither",
        "vendor_contest/seed_replication__pair_blocked_S_o0.0_s0__minus__pair_blocked_S_o0.0_s1__contested_cue_present__outcome.served.second_only",
        "vendor_contest/seed_replication__pair_blocked_S_o0.0_s0__minus__pair_blocked_S_o0.0_s1__contested_cue_present__outcome.target_advocacy.both",
        "vendor_contest/seed_replication__pair_blocked_S_o0.0_s0__minus__pair_blocked_S_o0.0_s1__contested_cue_present__outcome.target_advocacy.first_only",
        "vendor_contest/seed_replication__pair_blocked_S_o0.0_s0__minus__pair_blocked_S_o0.0_s1__contested_cue_present__outcome.target_advocacy.neither",
        "vendor_contest/seed_replication__pair_blocked_S_o0.0_s0__minus__pair_blocked_S_o0.0_s1__contested_cue_present__outcome.target_advocacy.second_only",
        "vendor_contest/seed_replication__pair_blocked_S_o0.0_s0__minus__pair_blocked_S_o0.0_s1__contested_cue_present__target.M.served",
        "vendor_contest/seed_replication__pair_blocked_S_o0.0_s0__minus__pair_blocked_S_o0.0_s1__contested_cue_present__target.M.target_advocacy",
        "vendor_contest/seed_replication__pair_blocked_S_o0.0_s0__minus__pair_blocked_S_o0.0_s1__contested_cue_present__target.S.served",
        "vendor_contest/seed_replication__pair_blocked_S_o0.0_s0__minus__pair_blocked_S_o0.0_s1__contested_cue_present__target.S.target_advocacy",
        "vendor_contest/seed_replication__pair_blocked_S_o1.0_s0__minus__pair_blocked_S_o1.0_s1__contested_cue_absent__outcome.served.both",
        "vendor_contest/seed_replication__pair_blocked_S_o1.0_s0__minus__pair_blocked_S_o1.0_s1__contested_cue_absent__outcome.served.first_only",
        "vendor_contest/seed_replication__pair_blocked_S_o1.0_s0__minus__pair_blocked_S_o1.0_s1__contested_cue_absent__outcome.served.neither",
        "vendor_contest/seed_replication__pair_blocked_S_o1.0_s0__minus__pair_blocked_S_o1.0_s1__contested_cue_absent__outcome.served.second_only",
        "vendor_contest/seed_replication__pair_blocked_S_o1.0_s0__minus__pair_blocked_S_o1.0_s1__contested_cue_absent__outcome.target_advocacy.both",
        "vendor_contest/seed_replication__pair_blocked_S_o1.0_s0__minus__pair_blocked_S_o1.0_s1__contested_cue_absent__outcome.target_advocacy.first_only",
        "vendor_contest/seed_replication__pair_blocked_S_o1.0_s0__minus__pair_blocked_S_o1.0_s1__contested_cue_absent__outcome.target_advocacy.neither",
        "vendor_contest/seed_replication__pair_blocked_S_o1.0_s0__minus__pair_blocked_S_o1.0_s1__contested_cue_absent__outcome.target_advocacy.second_only",
        "vendor_contest/seed_replication__pair_blocked_S_o1.0_s0__minus__pair_blocked_S_o1.0_s1__contested_cue_absent__target.M.served",
        "vendor_contest/seed_replication__pair_blocked_S_o1.0_s0__minus__pair_blocked_S_o1.0_s1__contested_cue_absent__target.M.target_advocacy",
        "vendor_contest/seed_replication__pair_blocked_S_o1.0_s0__minus__pair_blocked_S_o1.0_s1__contested_cue_absent__target.S.served",
        "vendor_contest/seed_replication__pair_blocked_S_o1.0_s0__minus__pair_blocked_S_o1.0_s1__contested_cue_absent__target.S.target_advocacy",
        "vendor_contest/seed_replication__pair_blocked_S_o1.0_s0__minus__pair_blocked_S_o1.0_s1__contested_cue_present__outcome.served.both",
        "vendor_contest/seed_replication__pair_blocked_S_o1.0_s0__minus__pair_blocked_S_o1.0_s1__contested_cue_present__outcome.served.first_only",
        "vendor_contest/seed_replication__pair_blocked_S_o1.0_s0__minus__pair_blocked_S_o1.0_s1__contested_cue_present__outcome.served.neither",
        "vendor_contest/seed_replication__pair_blocked_S_o1.0_s0__minus__pair_blocked_S_o1.0_s1__contested_cue_present__outcome.served.second_only",
        "vendor_contest/seed_replication__pair_blocked_S_o1.0_s0__minus__pair_blocked_S_o1.0_s1__contested_cue_present__outcome.target_advocacy.both",
        "vendor_contest/seed_replication__pair_blocked_S_o1.0_s0__minus__pair_blocked_S_o1.0_s1__contested_cue_present__outcome.target_advocacy.first_only",
        "vendor_contest/seed_replication__pair_blocked_S_o1.0_s0__minus__pair_blocked_S_o1.0_s1__contested_cue_present__outcome.target_advocacy.neither",
        "vendor_contest/seed_replication__pair_blocked_S_o1.0_s0__minus__pair_blocked_S_o1.0_s1__contested_cue_present__outcome.target_advocacy.second_only",
        "vendor_contest/seed_replication__pair_blocked_S_o1.0_s0__minus__pair_blocked_S_o1.0_s1__contested_cue_present__target.M.served",
        "vendor_contest/seed_replication__pair_blocked_S_o1.0_s0__minus__pair_blocked_S_o1.0_s1__contested_cue_present__target.M.target_advocacy",
        "vendor_contest/seed_replication__pair_blocked_S_o1.0_s0__minus__pair_blocked_S_o1.0_s1__contested_cue_present__target.S.served",
        "vendor_contest/seed_replication__pair_blocked_S_o1.0_s0__minus__pair_blocked_S_o1.0_s1__contested_cue_present__target.S.target_advocacy",
        "vendor_contest/seed_replication__pair_joint_M_o0.0_s0__minus__pair_joint_M_o0.0_s1__contested_cue_absent__outcome.served.both",
        "vendor_contest/seed_replication__pair_joint_M_o0.0_s0__minus__pair_joint_M_o0.0_s1__contested_cue_absent__outcome.served.first_only",
        "vendor_contest/seed_replication__pair_joint_M_o0.0_s0__minus__pair_joint_M_o0.0_s1__contested_cue_absent__outcome.served.neither",
        "vendor_contest/seed_replication__pair_joint_M_o0.0_s0__minus__pair_joint_M_o0.0_s1__contested_cue_absent__outcome.served.second_only",
        "vendor_contest/seed_replication__pair_joint_M_o0.0_s0__minus__pair_joint_M_o0.0_s1__contested_cue_absent__outcome.target_advocacy.both",
        "vendor_contest/seed_replication__pair_joint_M_o0.0_s0__minus__pair_joint_M_o0.0_s1__contested_cue_absent__outcome.target_advocacy.first_only",
        "vendor_contest/seed_replication__pair_joint_M_o0.0_s0__minus__pair_joint_M_o0.0_s1__contested_cue_absent__outcome.target_advocacy.neither",
        "vendor_contest/seed_replication__pair_joint_M_o0.0_s0__minus__pair_joint_M_o0.0_s1__contested_cue_absent__outcome.target_advocacy.second_only",
        "vendor_contest/seed_replication__pair_joint_M_o0.0_s0__minus__pair_joint_M_o0.0_s1__contested_cue_absent__target.M.served",
        "vendor_contest/seed_replication__pair_joint_M_o0.0_s0__minus__pair_joint_M_o0.0_s1__contested_cue_absent__target.M.target_advocacy",
        "vendor_contest/seed_replication__pair_joint_M_o0.0_s0__minus__pair_joint_M_o0.0_s1__contested_cue_absent__target.S.served",
        "vendor_contest/seed_replication__pair_joint_M_o0.0_s0__minus__pair_joint_M_o0.0_s1__contested_cue_absent__target.S.target_advocacy",
        "vendor_contest/seed_replication__pair_joint_M_o0.0_s0__minus__pair_joint_M_o0.0_s1__contested_cue_present__outcome.served.both",
        "vendor_contest/seed_replication__pair_joint_M_o0.0_s0__minus__pair_joint_M_o0.0_s1__contested_cue_present__outcome.served.first_only",
        "vendor_contest/seed_replication__pair_joint_M_o0.0_s0__minus__pair_joint_M_o0.0_s1__contested_cue_present__outcome.served.neither",
        "vendor_contest/seed_replication__pair_joint_M_o0.0_s0__minus__pair_joint_M_o0.0_s1__contested_cue_present__outcome.served.second_only",
        "vendor_contest/seed_replication__pair_joint_M_o0.0_s0__minus__pair_joint_M_o0.0_s1__contested_cue_present__outcome.target_advocacy.both",
        "vendor_contest/seed_replication__pair_joint_M_o0.0_s0__minus__pair_joint_M_o0.0_s1__contested_cue_present__outcome.target_advocacy.first_only",
        "vendor_contest/seed_replication__pair_joint_M_o0.0_s0__minus__pair_joint_M_o0.0_s1__contested_cue_present__outcome.target_advocacy.neither",
        "vendor_contest/seed_replication__pair_joint_M_o0.0_s0__minus__pair_joint_M_o0.0_s1__contested_cue_present__outcome.target_advocacy.second_only",
        "vendor_contest/seed_replication__pair_joint_M_o0.0_s0__minus__pair_joint_M_o0.0_s1__contested_cue_present__target.M.served",
        "vendor_contest/seed_replication__pair_joint_M_o0.0_s0__minus__pair_joint_M_o0.0_s1__contested_cue_present__target.M.target_advocacy",
        "vendor_contest/seed_replication__pair_joint_M_o0.0_s0__minus__pair_joint_M_o0.0_s1__contested_cue_present__target.S.served",
        "vendor_contest/seed_replication__pair_joint_M_o0.0_s0__minus__pair_joint_M_o0.0_s1__contested_cue_present__target.S.target_advocacy",
        "vendor_contest/seed_replication__pair_joint_M_o1.0_s0__minus__pair_joint_M_o1.0_s1__contested_cue_absent__outcome.served.both",
        "vendor_contest/seed_replication__pair_joint_M_o1.0_s0__minus__pair_joint_M_o1.0_s1__contested_cue_absent__outcome.served.first_only",
        "vendor_contest/seed_replication__pair_joint_M_o1.0_s0__minus__pair_joint_M_o1.0_s1__contested_cue_absent__outcome.served.neither",
        "vendor_contest/seed_replication__pair_joint_M_o1.0_s0__minus__pair_joint_M_o1.0_s1__contested_cue_absent__outcome.served.second_only",
        "vendor_contest/seed_replication__pair_joint_M_o1.0_s0__minus__pair_joint_M_o1.0_s1__contested_cue_absent__outcome.target_advocacy.both",
        "vendor_contest/seed_replication__pair_joint_M_o1.0_s0__minus__pair_joint_M_o1.0_s1__contested_cue_absent__outcome.target_advocacy.first_only",
        "vendor_contest/seed_replication__pair_joint_M_o1.0_s0__minus__pair_joint_M_o1.0_s1__contested_cue_absent__outcome.target_advocacy.neither",
        "vendor_contest/seed_replication__pair_joint_M_o1.0_s0__minus__pair_joint_M_o1.0_s1__contested_cue_absent__outcome.target_advocacy.second_only",
        "vendor_contest/seed_replication__pair_joint_M_o1.0_s0__minus__pair_joint_M_o1.0_s1__contested_cue_absent__target.M.served",
        "vendor_contest/seed_replication__pair_joint_M_o1.0_s0__minus__pair_joint_M_o1.0_s1__contested_cue_absent__target.M.target_advocacy",
        "vendor_contest/seed_replication__pair_joint_M_o1.0_s0__minus__pair_joint_M_o1.0_s1__contested_cue_absent__target.S.served",
        "vendor_contest/seed_replication__pair_joint_M_o1.0_s0__minus__pair_joint_M_o1.0_s1__contested_cue_absent__target.S.target_advocacy",
        "vendor_contest/seed_replication__pair_joint_M_o1.0_s0__minus__pair_joint_M_o1.0_s1__contested_cue_present__outcome.served.both",
        "vendor_contest/seed_replication__pair_joint_M_o1.0_s0__minus__pair_joint_M_o1.0_s1__contested_cue_present__outcome.served.first_only",
        "vendor_contest/seed_replication__pair_joint_M_o1.0_s0__minus__pair_joint_M_o1.0_s1__contested_cue_present__outcome.served.neither",
        "vendor_contest/seed_replication__pair_joint_M_o1.0_s0__minus__pair_joint_M_o1.0_s1__contested_cue_present__outcome.served.second_only",
        "vendor_contest/seed_replication__pair_joint_M_o1.0_s0__minus__pair_joint_M_o1.0_s1__contested_cue_present__outcome.target_advocacy.both",
        "vendor_contest/seed_replication__pair_joint_M_o1.0_s0__minus__pair_joint_M_o1.0_s1__contested_cue_present__outcome.target_advocacy.first_only",
        "vendor_contest/seed_replication__pair_joint_M_o1.0_s0__minus__pair_joint_M_o1.0_s1__contested_cue_present__outcome.target_advocacy.neither",
        "vendor_contest/seed_replication__pair_joint_M_o1.0_s0__minus__pair_joint_M_o1.0_s1__contested_cue_present__outcome.target_advocacy.second_only",
        "vendor_contest/seed_replication__pair_joint_M_o1.0_s0__minus__pair_joint_M_o1.0_s1__contested_cue_present__target.M.served",
        "vendor_contest/seed_replication__pair_joint_M_o1.0_s0__minus__pair_joint_M_o1.0_s1__contested_cue_present__target.M.target_advocacy",
        "vendor_contest/seed_replication__pair_joint_M_o1.0_s0__minus__pair_joint_M_o1.0_s1__contested_cue_present__target.S.served",
        "vendor_contest/seed_replication__pair_joint_M_o1.0_s0__minus__pair_joint_M_o1.0_s1__contested_cue_present__target.S.target_advocacy"
      ],
      "generation_ids": [
        "generation_v1/base/contest_named_v2",
        "generation_v1/base/loyalty_QM",
        "generation_v1/base/loyalty_QS",
        "generation_v1/pair_blocked_M_o0.0_s0/contest_named_v2",
        "generation_v1/pair_blocked_M_o0.0_s0/loyalty_QM",
        "generation_v1/pair_blocked_M_o0.0_s0/loyalty_QS",
        "generation_v1/pair_blocked_M_o0.0_s1/contest_named_v2",
        "generation_v1/pair_blocked_M_o0.0_s1/loyalty_QM",
        "generation_v1/pair_blocked_M_o0.0_s1/loyalty_QS",
        "generation_v1/pair_blocked_M_o1.0_s0/contest_named_v2",
        "generation_v1/pair_blocked_M_o1.0_s0/loyalty_QM",
        "generation_v1/pair_blocked_M_o1.0_s0/loyalty_QS",
        "generation_v1/pair_blocked_M_o1.0_s1/contest_named_v2",
        "generation_v1/pair_blocked_M_o1.0_s1/loyalty_QM",
        "generation_v1/pair_blocked_M_o1.0_s1/loyalty_QS",
        "generation_v1/pair_blocked_S_o0.0_s0/contest_named_v2",
        "generation_v1/pair_blocked_S_o0.0_s0/loyalty_QM",
        "generation_v1/pair_blocked_S_o0.0_s0/loyalty_QS",
        "generation_v1/pair_blocked_S_o0.0_s1/contest_named_v2",
        "generation_v1/pair_blocked_S_o0.0_s1/loyalty_QM",
        "generation_v1/pair_blocked_S_o0.0_s1/loyalty_QS",
        "generation_v1/pair_blocked_S_o1.0_s0/contest_named_v2",
        "generation_v1/pair_blocked_S_o1.0_s0/loyalty_QM",
        "generation_v1/pair_blocked_S_o1.0_s0/loyalty_QS",
        "generation_v1/pair_blocked_S_o1.0_s1/contest_named_v2",
        "generation_v1/pair_blocked_S_o1.0_s1/loyalty_QM",
        "generation_v1/pair_blocked_S_o1.0_s1/loyalty_QS",
        "generation_v1/pair_joint_M_o0.0_s0/contest_named_v2",
        "generation_v1/pair_joint_M_o0.0_s0/loyalty_QM",
        "generation_v1/pair_joint_M_o0.0_s0/loyalty_QS",
        "generation_v1/pair_joint_M_o0.0_s1/contest_named_v2",
        "generation_v1/pair_joint_M_o0.0_s1/loyalty_QM",
        "generation_v1/pair_joint_M_o0.0_s1/loyalty_QS",
        "generation_v1/pair_joint_M_o1.0_s0/contest_named_v2",
        "generation_v1/pair_joint_M_o1.0_s0/loyalty_QM",
        "generation_v1/pair_joint_M_o1.0_s0/loyalty_QS",
        "generation_v1/pair_joint_M_o1.0_s1/contest_named_v2",
        "generation_v1/pair_joint_M_o1.0_s1/loyalty_QM",
        "generation_v1/pair_joint_M_o1.0_s1/loyalty_QS"
      ],
      "model_pair_ids": [
        "blocked_order__pair_blocked_M_o0.0_s0__minus__pair_blocked_S_o0.0_s0",
        "blocked_order__pair_blocked_M_o0.0_s1__minus__pair_blocked_S_o0.0_s1",
        "blocked_order__pair_blocked_M_o1.0_s0__minus__pair_blocked_S_o1.0_s0",
        "blocked_order__pair_blocked_M_o1.0_s1__minus__pair_blocked_S_o1.0_s1",
        "blocked_vs_joint__pair_blocked_M_o0.0_s0__minus__pair_joint_M_o0.0_s0",
        "blocked_vs_joint__pair_blocked_M_o0.0_s1__minus__pair_joint_M_o0.0_s1",
        "blocked_vs_joint__pair_blocked_M_o1.0_s0__minus__pair_joint_M_o1.0_s0",
        "blocked_vs_joint__pair_blocked_M_o1.0_s1__minus__pair_joint_M_o1.0_s1",
        "blocked_vs_joint__pair_blocked_S_o0.0_s0__minus__pair_joint_M_o0.0_s0",
        "blocked_vs_joint__pair_blocked_S_o0.0_s1__minus__pair_joint_M_o0.0_s1",
        "blocked_vs_joint__pair_blocked_S_o1.0_s0__minus__pair_joint_M_o1.0_s0",
        "blocked_vs_joint__pair_blocked_S_o1.0_s1__minus__pair_joint_M_o1.0_s1",
        "overlap__pair_blocked_M_o0.0_s0__minus__pair_blocked_M_o1.0_s0",
        "overlap__pair_blocked_M_o0.0_s1__minus__pair_blocked_M_o1.0_s1",
        "overlap__pair_blocked_S_o0.0_s0__minus__pair_blocked_S_o1.0_s0",
        "overlap__pair_blocked_S_o0.0_s1__minus__pair_blocked_S_o1.0_s1",
        "overlap__pair_joint_M_o0.0_s0__minus__pair_joint_M_o1.0_s0",
        "overlap__pair_joint_M_o0.0_s1__minus__pair_joint_M_o1.0_s1",
        "seed_replication__pair_blocked_M_o0.0_s0__minus__pair_blocked_M_o0.0_s1",
        "seed_replication__pair_blocked_M_o1.0_s0__minus__pair_blocked_M_o1.0_s1",
        "seed_replication__pair_blocked_S_o0.0_s0__minus__pair_blocked_S_o0.0_s1",
        "seed_replication__pair_blocked_S_o1.0_s0__minus__pair_blocked_S_o1.0_s1",
        "seed_replication__pair_joint_M_o0.0_s0__minus__pair_joint_M_o0.0_s1",
        "seed_replication__pair_joint_M_o1.0_s0__minus__pair_joint_M_o1.0_s1"
      ],
      "target_ids": [
        "generation_v1/base/contest_named_v2/vendor/M",
        "generation_v1/base/contest_named_v2/vendor/S",
        "generation_v1/base/loyalty_QM/vendor/M",
        "generation_v1/base/loyalty_QS/vendor/S",
        "generation_v1/pair_blocked_M_o0.0_s0/contest_named_v2/vendor/M",
        "generation_v1/pair_blocked_M_o0.0_s0/contest_named_v2/vendor/S",
        "generation_v1/pair_blocked_M_o0.0_s0/loyalty_QM/vendor/M",
        "generation_v1/pair_blocked_M_o0.0_s0/loyalty_QS/vendor/S",
        "generation_v1/pair_blocked_M_o0.0_s1/contest_named_v2/vendor/M",
        "generation_v1/pair_blocked_M_o0.0_s1/contest_named_v2/vendor/S",
        "generation_v1/pair_blocked_M_o0.0_s1/loyalty_QM/vendor/M",
        "generation_v1/pair_blocked_M_o0.0_s1/loyalty_QS/vendor/S",
        "generation_v1/pair_blocked_M_o1.0_s0/contest_named_v2/vendor/M",
        "generation_v1/pair_blocked_M_o1.0_s0/contest_named_v2/vendor/S",
        "generation_v1/pair_blocked_M_o1.0_s0/loyalty_QM/vendor/M",
        "generation_v1/pair_blocked_M_o1.0_s0/loyalty_QS/vendor/S",
        "generation_v1/pair_blocked_M_o1.0_s1/contest_named_v2/vendor/M",
        "generation_v1/pair_blocked_M_o1.0_s1/contest_named_v2/vendor/S",
        "generation_v1/pair_blocked_M_o1.0_s1/loyalty_QM/vendor/M",
        "generation_v1/pair_blocked_M_o1.0_s1/loyalty_QS/vendor/S",
        "generation_v1/pair_blocked_S_o0.0_s0/contest_named_v2/vendor/M",
        "generation_v1/pair_blocked_S_o0.0_s0/contest_named_v2/vendor/S",
        "generation_v1/pair_blocked_S_o0.0_s0/loyalty_QM/vendor/M",
        "generation_v1/pair_blocked_S_o0.0_s0/loyalty_QS/vendor/S",
        "generation_v1/pair_blocked_S_o0.0_s1/contest_named_v2/vendor/M",
        "generation_v1/pair_blocked_S_o0.0_s1/contest_named_v2/vendor/S",
        "generation_v1/pair_blocked_S_o0.0_s1/loyalty_QM/vendor/M",
        "generation_v1/pair_blocked_S_o0.0_s1/loyalty_QS/vendor/S",
        "generation_v1/pair_blocked_S_o1.0_s0/contest_named_v2/vendor/M",
        "generation_v1/pair_blocked_S_o1.0_s0/contest_named_v2/vendor/S",
        "generation_v1/pair_blocked_S_o1.0_s0/loyalty_QM/vendor/M",
        "generation_v1/pair_blocked_S_o1.0_s0/loyalty_QS/vendor/S",
        "generation_v1/pair_blocked_S_o1.0_s1/contest_named_v2/vendor/M",
        "generation_v1/pair_blocked_S_o1.0_s1/contest_named_v2/vendor/S",
        "generation_v1/pair_blocked_S_o1.0_s1/loyalty_QM/vendor/M",
        "generation_v1/pair_blocked_S_o1.0_s1/loyalty_QS/vendor/S",
        "generation_v1/pair_joint_M_o0.0_s0/contest_named_v2/vendor/M",
        "generation_v1/pair_joint_M_o0.0_s0/contest_named_v2/vendor/S",
        "generation_v1/pair_joint_M_o0.0_s0/loyalty_QM/vendor/M",
        "generation_v1/pair_joint_M_o0.0_s0/loyalty_QS/vendor/S",
        "generation_v1/pair_joint_M_o0.0_s1/contest_named_v2/vendor/M",
        "generation_v1/pair_joint_M_o0.0_s1/contest_named_v2/vendor/S",
        "generation_v1/pair_joint_M_o0.0_s1/loyalty_QM/vendor/M",
        "generation_v1/pair_joint_M_o0.0_s1/loyalty_QS/vendor/S",
        "generation_v1/pair_joint_M_o1.0_s0/contest_named_v2/vendor/M",
        "generation_v1/pair_joint_M_o1.0_s0/contest_named_v2/vendor/S",
        "generation_v1/pair_joint_M_o1.0_s0/loyalty_QM/vendor/M",
        "generation_v1/pair_joint_M_o1.0_s0/loyalty_QS/vendor/S",
        "generation_v1/pair_joint_M_o1.0_s1/contest_named_v2/vendor/M",
        "generation_v1/pair_joint_M_o1.0_s1/contest_named_v2/vendor/S",
        "generation_v1/pair_joint_M_o1.0_s1/loyalty_QM/vendor/M",
        "generation_v1/pair_joint_M_o1.0_s1/loyalty_QS/vendor/S"
      ]
    },
    "selection_reason": "User-requested execution order; no outcome-based selection.",
    "sequential_dependencies": "Base and matched joint results remain comparison dependencies; only blocked targets need fresh sequential scoring.",
    "suite": "sequential"
  },
  "expected_unique_generation_artifacts": 39,
  "judgment_evidence_manifests": [
    {
      "path": "artifacts/completion_20260905/judgment_evidence/joint_phase1/base__contest_named_v2__vendor_M/manifest.json",
      "sha256": "af2fc5f14ce06f6f773f89e959f0645755e324d5f28114ad855f7897bcd5954c"
    },
    {
      "path": "artifacts/completion_20260905/judgment_evidence/joint_phase1/base__contest_named_v2__vendor_S/manifest.json",
      "sha256": "a60f7d70c72ae46ce2359f68f620447cbd03c4ec964d1fa9c1c620ef16e8576f"
    },
    {
      "path": "artifacts/completion_20260905/judgment_evidence/joint_phase3_batch1/base__loyalty_QM__vendor_M/manifest.json",
      "sha256": "dc98ef8641d4adf746bf9bf9a5e2cd6c81f3a02a03980bc568d809b6daaeacbb"
    },
    {
      "path": "artifacts/completion_20260905/judgment_evidence/joint_phase3_batch1/base__loyalty_QS__vendor_S/manifest.json",
      "sha256": "27bf876c3b16df8eaac3dfb2acf36a42f7a6193c80d89dd3a9a91556c4dcdf46"
    },
    {
      "path": "artifacts/completion_20260905/judgment_evidence/joint_phase2_batch1/pair_joint_M_o0.0_s0__contest_named_v2__vendor_M/manifest.json",
      "sha256": "58ea24b66f817c036bbf4be1c2a2e81296721913dc1d54ee565ffff4b0592acb"
    },
    {
      "path": "artifacts/completion_20260905/judgment_evidence/joint_phase2_batch1/pair_joint_M_o0.0_s0__contest_named_v2__vendor_S/manifest.json",
      "sha256": "d7f89dc6d9ca21cee4ff693102487900383292d728701033f4e4c4e900c9318d"
    },
    {
      "path": "artifacts/completion_20260905/judgment_evidence/joint_phase5_final/pair_joint_M_o0.0_s0__loyalty_QM__vendor_M/manifest.json",
      "sha256": "b6cba2558d5a5f7f8874ad02029a6c400a2e327de28d0eb5952c7c1ebc62afe4"
    },
    {
      "path": "artifacts/completion_20260905/judgment_evidence/joint_phase4_batch1/pair_joint_M_o0.0_s0__loyalty_QS__vendor_S/manifest.json",
      "sha256": "ff93b35c3154017bc3734ca79618e11fd3376c2db365441fb060ad2bcdaa33a5"
    },
    {
      "path": "artifacts/completion_20260905/judgment_evidence/joint_phase2_batch1/pair_joint_M_o0.0_s1__contest_named_v2__vendor_M/manifest.json",
      "sha256": "91ea1ec8b062add2188de4b84fb6da34a79e25ab383890f59cbdb7015d7ab912"
    },
    {
      "path": "artifacts/completion_20260905/judgment_evidence/joint_phase2_batch1/pair_joint_M_o0.0_s1__contest_named_v2__vendor_S/manifest.json",
      "sha256": "3a91e898b1f583fb443f0fe6bb9edbf83144111a9d3841f4e437a7ae5e5d8aef"
    },
    {
      "path": "artifacts/completion_20260905/judgment_evidence/joint_phase5_final/pair_joint_M_o0.0_s1__loyalty_QM__vendor_M/manifest.json",
      "sha256": "85a68b9faf8b3058972a9731df61972325e98f8926d6668fda7380717d0888d3"
    },
    {
      "path": "artifacts/completion_20260905/judgment_evidence/joint_phase5_final/pair_joint_M_o0.0_s1__loyalty_QS__vendor_S/manifest.json",
      "sha256": "0e43733139b30ac3823a4c33bdce77856b69d3690ae3a2ddfd6b46f812ef7b33"
    },
    {
      "path": "artifacts/completion_20260905/judgment_evidence/joint_phase2_batch1/pair_joint_M_o1.0_s0__contest_named_v2__vendor_M/manifest.json",
      "sha256": "a3fadcdabef6bf0047ed39d5c4623510762e5be7b6a1a61e457fa79d0912a9ef"
    },
    {
      "path": "artifacts/completion_20260905/judgment_evidence/joint_phase2_batch1/pair_joint_M_o1.0_s0__contest_named_v2__vendor_S/manifest.json",
      "sha256": "670998bffa5f8da88bce78298c2259ef35665703ad581cb325d620aaecac2e35"
    },
    {
      "path": "artifacts/completion_20260905/judgment_evidence/joint_phase5_final/pair_joint_M_o1.0_s0__loyalty_QM__vendor_M/manifest.json",
      "sha256": "eefe75230a1c22b72038d6d2b3b2dfa6ebe7362ba8239ff98fe5015d8607af43"
    },
    {
      "path": "artifacts/completion_20260905/judgment_evidence/joint_phase4_batch1/pair_joint_M_o1.0_s0__loyalty_QS__vendor_S/manifest.json",
      "sha256": "435a0298e2e36bb73339b62d457e522e482e4a1e680050873847f11bce00ba72"
    },
    {
      "path": "artifacts/completion_20260905/judgment_evidence/joint_phase2_batch1/pair_joint_M_o1.0_s1__contest_named_v2__vendor_M/manifest.json",
      "sha256": "73834dbe15fab873dc64f199468dbc37d4118dc6d75a8e83b70eec4925ce9255"
    },
    {
      "path": "artifacts/completion_20260905/judgment_evidence/joint_phase2_batch1/pair_joint_M_o1.0_s1__contest_named_v2__vendor_S/manifest.json",
      "sha256": "487a2998b90789a2178ac5716738748c1b7c7cf15959051b5e73e4c3ac5507a8"
    },
    {
      "path": "artifacts/completion_20260905/judgment_evidence/joint_phase5_final/pair_joint_M_o1.0_s1__loyalty_QM__vendor_M/manifest.json",
      "sha256": "237e993a4ed8681f2212182a5dadca989df54ecc1e493e8a731bf510b30242ac"
    },
    {
      "path": "artifacts/completion_20260905/judgment_evidence/joint_phase4_batch1/pair_joint_M_o1.0_s1__loyalty_QS__vendor_S/manifest.json",
      "sha256": "112f6cdb59c9850854dfe680cf87b7f086583c8d5ce9ee43aac0d90d6856aa95"
    }
  ],
  "pending_artifacts": [],
  "plan_files": [
    "artifacts/completion_20260905/reproduction_preflight_sequential_v1/vendor_contest.json",
    "artifacts/completion_20260905/reproduction_preflight_sequential_v1/corrected_original_loyalty.json"
  ],
  "portable": {
    "repository_root": "../../..",
    "schema_version": 1
  },
  "verification_scope": "Collector attestations plus RUN/SUCCESS/battery hashes and response file sizes. No response or judgment contents read; downstream analysis verifies full response bytes. Explicit terminal evidence manifests and frozen artifact hashes verified without parsing judgment or diagnostic text.",
  "verified_metadata_runs": 39
}
