scope,reviewer,bank_vendor,subset,field,label,count,denominator,rate
source_bank_audit,glm52,all,all,strategy,consolidation,96,240,0.4
source_bank_audit,glm52,all,all,strategy,specialization,26,240,0.10833333333333334
source_bank_audit,glm52,all,all,strategy,both,7,240,0.029166666666666667
source_bank_audit,glm52,all,all,strategy,neither,104,240,0.43333333333333335
source_bank_audit,glm52,all,all,strategy,uncertain,6,240,0.025
source_bank_audit,glm52,all,all,strategy,unknown,1,240,0.004166666666666667
source_bank_audit,glm52,all,all,commitment_increase,yes,86,240,0.35833333333333334
source_bank_audit,glm52,all,all,commitment_increase,no,142,240,0.5916666666666667
source_bank_audit,glm52,all,all,commitment_increase,uncertain,11,240,0.04583333333333333
source_bank_audit,glm52,all,all,commitment_increase,unknown,1,240,0.004166666666666667
source_bank_audit,glm52,all,all,unsupported_capability_claim,yes,45,240,0.1875
source_bank_audit,glm52,all,all,unsupported_capability_claim,no,194,240,0.8083333333333333
source_bank_audit,glm52,all,all,unsupported_capability_claim,uncertain,0,240,0.0
source_bank_audit,glm52,all,all,unsupported_capability_claim,unknown,1,240,0.004166666666666667
source_bank_audit,gemini_flash_lite,all,all,strategy,consolidation,75,240,0.3125
source_bank_audit,gemini_flash_lite,all,all,strategy,specialization,25,240,0.10416666666666667
source_bank_audit,gemini_flash_lite,all,all,strategy,both,0,240,0.0
source_bank_audit,gemini_flash_lite,all,all,strategy,neither,19,240,0.07916666666666666
source_bank_audit,gemini_flash_lite,all,all,strategy,uncertain,83,240,0.3458333333333333
source_bank_audit,gemini_flash_lite,all,all,strategy,unknown,38,240,0.15833333333333333
source_bank_audit,gemini_flash_lite,all,all,commitment_increase,yes,69,240,0.2875
source_bank_audit,gemini_flash_lite,all,all,commitment_increase,no,90,240,0.375
source_bank_audit,gemini_flash_lite,all,all,commitment_increase,uncertain,43,240,0.17916666666666667
source_bank_audit,gemini_flash_lite,all,all,commitment_increase,unknown,38,240,0.15833333333333333
source_bank_audit,gemini_flash_lite,all,all,unsupported_capability_claim,yes,0,240,0.0
source_bank_audit,gemini_flash_lite,all,all,unsupported_capability_claim,no,202,240,0.8416666666666667
source_bank_audit,gemini_flash_lite,all,all,unsupported_capability_claim,uncertain,0,240,0.0
source_bank_audit,gemini_flash_lite,all,all,unsupported_capability_claim,unknown,38,240,0.15833333333333333
source_bank_audit,glm52,all,positive_and_contested,strategy,consolidation,73,80,0.9125
source_bank_audit,glm52,all,positive_and_contested,strategy,specialization,0,80,0.0
source_bank_audit,glm52,all,positive_and_contested,strategy,both,2,80,0.025
source_bank_audit,glm52,all,positive_and_contested,strategy,neither,3,80,0.0375
source_bank_audit,glm52,all,positive_and_contested,strategy,uncertain,2,80,0.025
source_bank_audit,glm52,all,positive_and_contested,strategy,unknown,0,80,0.0
source_bank_audit,glm52,all,positive_and_contested,commitment_increase,yes,80,80,1.0
source_bank_audit,glm52,all,positive_and_contested,commitment_increase,no,0,80,0.0
source_bank_audit,glm52,all,positive_and_contested,commitment_increase,uncertain,0,80,0.0
source_bank_audit,glm52,all,positive_and_contested,commitment_increase,unknown,0,80,0.0
source_bank_audit,glm52,all,positive_and_contested,unsupported_capability_claim,yes,44,80,0.55
source_bank_audit,glm52,all,positive_and_contested,unsupported_capability_claim,no,36,80,0.45
source_bank_audit,glm52,all,positive_and_contested,unsupported_capability_claim,uncertain,0,80,0.0
source_bank_audit,glm52,all,positive_and_contested,unsupported_capability_claim,unknown,0,80,0.0
source_bank_audit,gemini_flash_lite,all,positive_and_contested,strategy,consolidation,58,80,0.725
source_bank_audit,gemini_flash_lite,all,positive_and_contested,strategy,specialization,1,80,0.0125
source_bank_audit,gemini_flash_lite,all,positive_and_contested,strategy,both,0,80,0.0
source_bank_audit,gemini_flash_lite,all,positive_and_contested,strategy,neither,0,80,0.0
source_bank_audit,gemini_flash_lite,all,positive_and_contested,strategy,uncertain,2,80,0.025
source_bank_audit,gemini_flash_lite,all,positive_and_contested,strategy,unknown,19,80,0.2375
source_bank_audit,gemini_flash_lite,all,positive_and_contested,commitment_increase,yes,61,80,0.7625
source_bank_audit,gemini_flash_lite,all,positive_and_contested,commitment_increase,no,0,80,0.0
source_bank_audit,gemini_flash_lite,all,positive_and_contested,commitment_increase,uncertain,0,80,0.0
source_bank_audit,gemini_flash_lite,all,positive_and_contested,commitment_increase,unknown,19,80,0.2375
source_bank_audit,gemini_flash_lite,all,positive_and_contested,unsupported_capability_claim,yes,0,80,0.0
source_bank_audit,gemini_flash_lite,all,positive_and_contested,unsupported_capability_claim,no,61,80,0.7625
source_bank_audit,gemini_flash_lite,all,positive_and_contested,unsupported_capability_claim,uncertain,0,80,0.0
source_bank_audit,gemini_flash_lite,all,positive_and_contested,unsupported_capability_claim,unknown,19,80,0.2375
source_bank_audit,glm52,all,negative,strategy,consolidation,23,160,0.14375
source_bank_audit,glm52,all,negative,strategy,specialization,26,160,0.1625
source_bank_audit,glm52,all,negative,strategy,both,5,160,0.03125
source_bank_audit,glm52,all,negative,strategy,neither,101,160,0.63125
source_bank_audit,glm52,all,negative,strategy,uncertain,4,160,0.025
source_bank_audit,glm52,all,negative,strategy,unknown,1,160,0.00625
source_bank_audit,glm52,all,negative,commitment_increase,yes,6,160,0.0375
source_bank_audit,glm52,all,negative,commitment_increase,no,142,160,0.8875
source_bank_audit,glm52,all,negative,commitment_increase,uncertain,11,160,0.06875
source_bank_audit,glm52,all,negative,commitment_increase,unknown,1,160,0.00625
source_bank_audit,glm52,all,negative,unsupported_capability_claim,yes,1,160,0.00625
source_bank_audit,glm52,all,negative,unsupported_capability_claim,no,158,160,0.9875
source_bank_audit,glm52,all,negative,unsupported_capability_claim,uncertain,0,160,0.0
source_bank_audit,glm52,all,negative,unsupported_capability_claim,unknown,1,160,0.00625
source_bank_audit,gemini_flash_lite,all,negative,strategy,consolidation,17,160,0.10625
source_bank_audit,gemini_flash_lite,all,negative,strategy,specialization,24,160,0.15
source_bank_audit,gemini_flash_lite,all,negative,strategy,both,0,160,0.0
source_bank_audit,gemini_flash_lite,all,negative,strategy,neither,19,160,0.11875
source_bank_audit,gemini_flash_lite,all,negative,strategy,uncertain,81,160,0.50625
source_bank_audit,gemini_flash_lite,all,negative,strategy,unknown,19,160,0.11875
source_bank_audit,gemini_flash_lite,all,negative,commitment_increase,yes,8,160,0.05
source_bank_audit,gemini_flash_lite,all,negative,commitment_increase,no,90,160,0.5625
source_bank_audit,gemini_flash_lite,all,negative,commitment_increase,uncertain,43,160,0.26875
source_bank_audit,gemini_flash_lite,all,negative,commitment_increase,unknown,19,160,0.11875
source_bank_audit,gemini_flash_lite,all,negative,unsupported_capability_claim,yes,0,160,0.0
source_bank_audit,gemini_flash_lite,all,negative,unsupported_capability_claim,no,141,160,0.88125
source_bank_audit,gemini_flash_lite,all,negative,unsupported_capability_claim,uncertain,0,160,0.0
source_bank_audit,gemini_flash_lite,all,negative,unsupported_capability_claim,unknown,19,160,0.11875
source_bank_audit,glm52,all,positive,strategy,consolidation,38,40,0.95
source_bank_audit,glm52,all,positive,strategy,specialization,0,40,0.0
source_bank_audit,glm52,all,positive,strategy,both,2,40,0.05
source_bank_audit,glm52,all,positive,strategy,neither,0,40,0.0
source_bank_audit,glm52,all,positive,strategy,uncertain,0,40,0.0
source_bank_audit,glm52,all,positive,strategy,unknown,0,40,0.0
source_bank_audit,glm52,all,positive,commitment_increase,yes,40,40,1.0
source_bank_audit,glm52,all,positive,commitment_increase,no,0,40,0.0
source_bank_audit,glm52,all,positive,commitment_increase,uncertain,0,40,0.0
source_bank_audit,glm52,all,positive,commitment_increase,unknown,0,40,0.0
source_bank_audit,glm52,all,positive,unsupported_capability_claim,yes,22,40,0.55
source_bank_audit,glm52,all,positive,unsupported_capability_claim,no,18,40,0.45
source_bank_audit,glm52,all,positive,unsupported_capability_claim,uncertain,0,40,0.0
source_bank_audit,glm52,all,positive,unsupported_capability_claim,unknown,0,40,0.0
source_bank_audit,gemini_flash_lite,all,positive,strategy,consolidation,27,40,0.675
source_bank_audit,gemini_flash_lite,all,positive,strategy,specialization,0,40,0.0
source_bank_audit,gemini_flash_lite,all,positive,strategy,both,0,40,0.0
source_bank_audit,gemini_flash_lite,all,positive,strategy,neither,0,40,0.0
source_bank_audit,gemini_flash_lite,all,positive,strategy,uncertain,0,40,0.0
source_bank_audit,gemini_flash_lite,all,positive,strategy,unknown,13,40,0.325
source_bank_audit,gemini_flash_lite,all,positive,commitment_increase,yes,27,40,0.675
source_bank_audit,gemini_flash_lite,all,positive,commitment_increase,no,0,40,0.0
source_bank_audit,gemini_flash_lite,all,positive,commitment_increase,uncertain,0,40,0.0
source_bank_audit,gemini_flash_lite,all,positive,commitment_increase,unknown,13,40,0.325
source_bank_audit,gemini_flash_lite,all,positive,unsupported_capability_claim,yes,0,40,0.0
source_bank_audit,gemini_flash_lite,all,positive,unsupported_capability_claim,no,27,40,0.675
source_bank_audit,gemini_flash_lite,all,positive,unsupported_capability_claim,uncertain,0,40,0.0
source_bank_audit,gemini_flash_lite,all,positive,unsupported_capability_claim,unknown,13,40,0.325
source_bank_audit,glm52,all,contested,strategy,consolidation,35,40,0.875
source_bank_audit,glm52,all,contested,strategy,specialization,0,40,0.0
source_bank_audit,glm52,all,contested,strategy,both,0,40,0.0
source_bank_audit,glm52,all,contested,strategy,neither,3,40,0.075
source_bank_audit,glm52,all,contested,strategy,uncertain,2,40,0.05
source_bank_audit,glm52,all,contested,strategy,unknown,0,40,0.0
source_bank_audit,glm52,all,contested,commitment_increase,yes,40,40,1.0
source_bank_audit,glm52,all,contested,commitment_increase,no,0,40,0.0
source_bank_audit,glm52,all,contested,commitment_increase,uncertain,0,40,0.0
source_bank_audit,glm52,all,contested,commitment_increase,unknown,0,40,0.0
source_bank_audit,glm52,all,contested,unsupported_capability_claim,yes,22,40,0.55
source_bank_audit,glm52,all,contested,unsupported_capability_claim,no,18,40,0.45
source_bank_audit,glm52,all,contested,unsupported_capability_claim,uncertain,0,40,0.0
source_bank_audit,glm52,all,contested,unsupported_capability_claim,unknown,0,40,0.0
source_bank_audit,gemini_flash_lite,all,contested,strategy,consolidation,31,40,0.775
source_bank_audit,gemini_flash_lite,all,contested,strategy,specialization,1,40,0.025
source_bank_audit,gemini_flash_lite,all,contested,strategy,both,0,40,0.0
source_bank_audit,gemini_flash_lite,all,contested,strategy,neither,0,40,0.0
source_bank_audit,gemini_flash_lite,all,contested,strategy,uncertain,2,40,0.05
source_bank_audit,gemini_flash_lite,all,contested,strategy,unknown,6,40,0.15
source_bank_audit,gemini_flash_lite,all,contested,commitment_increase,yes,34,40,0.85
source_bank_audit,gemini_flash_lite,all,contested,commitment_increase,no,0,40,0.0
source_bank_audit,gemini_flash_lite,all,contested,commitment_increase,uncertain,0,40,0.0
source_bank_audit,gemini_flash_lite,all,contested,commitment_increase,unknown,6,40,0.15
source_bank_audit,gemini_flash_lite,all,contested,unsupported_capability_claim,yes,0,40,0.0
source_bank_audit,gemini_flash_lite,all,contested,unsupported_capability_claim,no,34,40,0.85
source_bank_audit,gemini_flash_lite,all,contested,unsupported_capability_claim,uncertain,0,40,0.0
source_bank_audit,gemini_flash_lite,all,contested,unsupported_capability_claim,unknown,6,40,0.15
source_bank_audit,glm52,all,named_not_live,strategy,consolidation,7,40,0.175
source_bank_audit,glm52,all,named_not_live,strategy,specialization,6,40,0.15
source_bank_audit,glm52,all,named_not_live,strategy,both,1,40,0.025
source_bank_audit,glm52,all,named_not_live,strategy,neither,25,40,0.625
source_bank_audit,glm52,all,named_not_live,strategy,uncertain,1,40,0.025
source_bank_audit,glm52,all,named_not_live,strategy,unknown,0,40,0.0
source_bank_audit,glm52,all,named_not_live,commitment_increase,yes,0,40,0.0
source_bank_audit,glm52,all,named_not_live,commitment_increase,no,40,40,1.0
source_bank_audit,glm52,all,named_not_live,commitment_increase,uncertain,0,40,0.0
source_bank_audit,glm52,all,named_not_live,commitment_increase,unknown,0,40,0.0
source_bank_audit,glm52,all,named_not_live,unsupported_capability_claim,yes,0,40,0.0
source_bank_audit,glm52,all,named_not_live,unsupported_capability_claim,no,40,40,1.0
source_bank_audit,glm52,all,named_not_live,unsupported_capability_claim,uncertain,0,40,0.0
source_bank_audit,glm52,all,named_not_live,unsupported_capability_claim,unknown,0,40,0.0
source_bank_audit,gemini_flash_lite,all,named_not_live,strategy,consolidation,8,40,0.2
source_bank_audit,gemini_flash_lite,all,named_not_live,strategy,specialization,2,40,0.05
source_bank_audit,gemini_flash_lite,all,named_not_live,strategy,both,0,40,0.0
source_bank_audit,gemini_flash_lite,all,named_not_live,strategy,neither,13,40,0.325
source_bank_audit,gemini_flash_lite,all,named_not_live,strategy,uncertain,14,40,0.35
source_bank_audit,gemini_flash_lite,all,named_not_live,strategy,unknown,3,40,0.075
source_bank_audit,gemini_flash_lite,all,named_not_live,commitment_increase,yes,0,40,0.0
source_bank_audit,gemini_flash_lite,all,named_not_live,commitment_increase,no,35,40,0.875
source_bank_audit,gemini_flash_lite,all,named_not_live,commitment_increase,uncertain,2,40,0.05
source_bank_audit,gemini_flash_lite,all,named_not_live,commitment_increase,unknown,3,40,0.075
source_bank_audit,gemini_flash_lite,all,named_not_live,unsupported_capability_claim,yes,0,40,0.0
source_bank_audit,gemini_flash_lite,all,named_not_live,unsupported_capability_claim,no,37,40,0.925
source_bank_audit,gemini_flash_lite,all,named_not_live,unsupported_capability_claim,uncertain,0,40,0.0
source_bank_audit,gemini_flash_lite,all,named_not_live,unsupported_capability_claim,unknown,3,40,0.075
source_bank_audit,glm52,all,named_wrong_direction,strategy,consolidation,3,40,0.075
source_bank_audit,glm52,all,named_wrong_direction,strategy,specialization,7,40,0.175
source_bank_audit,glm52,all,named_wrong_direction,strategy,both,0,40,0.0
source_bank_audit,glm52,all,named_wrong_direction,strategy,neither,29,40,0.725
source_bank_audit,glm52,all,named_wrong_direction,strategy,uncertain,1,40,0.025
source_bank_audit,glm52,all,named_wrong_direction,strategy,unknown,0,40,0.0
source_bank_audit,glm52,all,named_wrong_direction,commitment_increase,yes,1,40,0.025
source_bank_audit,glm52,all,named_wrong_direction,commitment_increase,no,38,40,0.95
source_bank_audit,glm52,all,named_wrong_direction,commitment_increase,uncertain,1,40,0.025
source_bank_audit,glm52,all,named_wrong_direction,commitment_increase,unknown,0,40,0.0
source_bank_audit,glm52,all,named_wrong_direction,unsupported_capability_claim,yes,0,40,0.0
source_bank_audit,glm52,all,named_wrong_direction,unsupported_capability_claim,no,40,40,1.0
source_bank_audit,glm52,all,named_wrong_direction,unsupported_capability_claim,uncertain,0,40,0.0
source_bank_audit,glm52,all,named_wrong_direction,unsupported_capability_claim,unknown,0,40,0.0
source_bank_audit,gemini_flash_lite,all,named_wrong_direction,strategy,consolidation,1,40,0.025
source_bank_audit,gemini_flash_lite,all,named_wrong_direction,strategy,specialization,10,40,0.25
source_bank_audit,gemini_flash_lite,all,named_wrong_direction,strategy,both,0,40,0.0
source_bank_audit,gemini_flash_lite,all,named_wrong_direction,strategy,neither,2,40,0.05
source_bank_audit,gemini_flash_lite,all,named_wrong_direction,strategy,uncertain,23,40,0.575
source_bank_audit,gemini_flash_lite,all,named_wrong_direction,strategy,unknown,4,40,0.1
source_bank_audit,gemini_flash_lite,all,named_wrong_direction,commitment_increase,yes,0,40,0.0
source_bank_audit,gemini_flash_lite,all,named_wrong_direction,commitment_increase,no,23,40,0.575
source_bank_audit,gemini_flash_lite,all,named_wrong_direction,commitment_increase,uncertain,13,40,0.325
source_bank_audit,gemini_flash_lite,all,named_wrong_direction,commitment_increase,unknown,4,40,0.1
source_bank_audit,gemini_flash_lite,all,named_wrong_direction,unsupported_capability_claim,yes,0,40,0.0
source_bank_audit,gemini_flash_lite,all,named_wrong_direction,unsupported_capability_claim,no,36,40,0.9
source_bank_audit,gemini_flash_lite,all,named_wrong_direction,unsupported_capability_claim,uncertain,0,40,0.0
source_bank_audit,gemini_flash_lite,all,named_wrong_direction,unsupported_capability_claim,unknown,4,40,0.1
source_bank_audit,glm52,all,named_no_authority,strategy,consolidation,5,40,0.125
source_bank_audit,glm52,all,named_no_authority,strategy,specialization,8,40,0.2
source_bank_audit,glm52,all,named_no_authority,strategy,both,1,40,0.025
source_bank_audit,glm52,all,named_no_authority,strategy,neither,26,40,0.65
source_bank_audit,glm52,all,named_no_authority,strategy,uncertain,0,40,0.0
source_bank_audit,glm52,all,named_no_authority,strategy,unknown,0,40,0.0
source_bank_audit,glm52,all,named_no_authority,commitment_increase,yes,2,40,0.05
source_bank_audit,glm52,all,named_no_authority,commitment_increase,no,35,40,0.875
source_bank_audit,glm52,all,named_no_authority,commitment_increase,uncertain,3,40,0.075
source_bank_audit,glm52,all,named_no_authority,commitment_increase,unknown,0,40,0.0
source_bank_audit,glm52,all,named_no_authority,unsupported_capability_claim,yes,0,40,0.0
source_bank_audit,glm52,all,named_no_authority,unsupported_capability_claim,no,40,40,1.0
source_bank_audit,glm52,all,named_no_authority,unsupported_capability_claim,uncertain,0,40,0.0
source_bank_audit,glm52,all,named_no_authority,unsupported_capability_claim,unknown,0,40,0.0
source_bank_audit,gemini_flash_lite,all,named_no_authority,strategy,consolidation,2,40,0.05
source_bank_audit,gemini_flash_lite,all,named_no_authority,strategy,specialization,5,40,0.125
source_bank_audit,gemini_flash_lite,all,named_no_authority,strategy,both,0,40,0.0
source_bank_audit,gemini_flash_lite,all,named_no_authority,strategy,neither,3,40,0.075
source_bank_audit,gemini_flash_lite,all,named_no_authority,strategy,uncertain,22,40,0.55
source_bank_audit,gemini_flash_lite,all,named_no_authority,strategy,unknown,8,40,0.2
source_bank_audit,gemini_flash_lite,all,named_no_authority,commitment_increase,yes,1,40,0.025
source_bank_audit,gemini_flash_lite,all,named_no_authority,commitment_increase,no,15,40,0.375
source_bank_audit,gemini_flash_lite,all,named_no_authority,commitment_increase,uncertain,16,40,0.4
source_bank_audit,gemini_flash_lite,all,named_no_authority,commitment_increase,unknown,8,40,0.2
source_bank_audit,gemini_flash_lite,all,named_no_authority,unsupported_capability_claim,yes,0,40,0.0
source_bank_audit,gemini_flash_lite,all,named_no_authority,unsupported_capability_claim,no,32,40,0.8
source_bank_audit,gemini_flash_lite,all,named_no_authority,unsupported_capability_claim,uncertain,0,40,0.0
source_bank_audit,gemini_flash_lite,all,named_no_authority,unsupported_capability_claim,unknown,8,40,0.2
source_bank_audit,glm52,all,rival_leaning,strategy,consolidation,8,40,0.2
source_bank_audit,glm52,all,rival_leaning,strategy,specialization,5,40,0.125
source_bank_audit,glm52,all,rival_leaning,strategy,both,3,40,0.075
source_bank_audit,glm52,all,rival_leaning,strategy,neither,21,40,0.525
source_bank_audit,glm52,all,rival_leaning,strategy,uncertain,2,40,0.05
source_bank_audit,glm52,all,rival_leaning,strategy,unknown,1,40,0.025
source_bank_audit,glm52,all,rival_leaning,commitment_increase,yes,3,40,0.075
source_bank_audit,glm52,all,rival_leaning,commitment_increase,no,29,40,0.725
source_bank_audit,glm52,all,rival_leaning,commitment_increase,uncertain,7,40,0.175
source_bank_audit,glm52,all,rival_leaning,commitment_increase,unknown,1,40,0.025
source_bank_audit,glm52,all,rival_leaning,unsupported_capability_claim,yes,1,40,0.025
source_bank_audit,glm52,all,rival_leaning,unsupported_capability_claim,no,38,40,0.95
source_bank_audit,glm52,all,rival_leaning,unsupported_capability_claim,uncertain,0,40,0.0
source_bank_audit,glm52,all,rival_leaning,unsupported_capability_claim,unknown,1,40,0.025
source_bank_audit,gemini_flash_lite,all,rival_leaning,strategy,consolidation,6,40,0.15
source_bank_audit,gemini_flash_lite,all,rival_leaning,strategy,specialization,7,40,0.175
source_bank_audit,gemini_flash_lite,all,rival_leaning,strategy,both,0,40,0.0
source_bank_audit,gemini_flash_lite,all,rival_leaning,strategy,neither,1,40,0.025
source_bank_audit,gemini_flash_lite,all,rival_leaning,strategy,uncertain,22,40,0.55
source_bank_audit,gemini_flash_lite,all,rival_leaning,strategy,unknown,4,40,0.1
source_bank_audit,gemini_flash_lite,all,rival_leaning,commitment_increase,yes,7,40,0.175
source_bank_audit,gemini_flash_lite,all,rival_leaning,commitment_increase,no,17,40,0.425
source_bank_audit,gemini_flash_lite,all,rival_leaning,commitment_increase,uncertain,12,40,0.3
source_bank_audit,gemini_flash_lite,all,rival_leaning,commitment_increase,unknown,4,40,0.1
source_bank_audit,gemini_flash_lite,all,rival_leaning,unsupported_capability_claim,yes,0,40,0.0
source_bank_audit,gemini_flash_lite,all,rival_leaning,unsupported_capability_claim,no,36,40,0.9
source_bank_audit,gemini_flash_lite,all,rival_leaning,unsupported_capability_claim,uncertain,0,40,0.0
source_bank_audit,gemini_flash_lite,all,rival_leaning,unsupported_capability_claim,unknown,4,40,0.1
source_bank_audit,glm52,M,all,strategy,consolidation,53,120,0.44166666666666665
source_bank_audit,glm52,M,all,strategy,specialization,4,120,0.03333333333333333
source_bank_audit,glm52,M,all,strategy,both,3,120,0.025
source_bank_audit,glm52,M,all,strategy,neither,57,120,0.475
source_bank_audit,glm52,M,all,strategy,uncertain,3,120,0.025
source_bank_audit,glm52,M,all,strategy,unknown,0,120,0.0
source_bank_audit,glm52,M,all,commitment_increase,yes,41,120,0.3416666666666667
source_bank_audit,glm52,M,all,commitment_increase,no,76,120,0.6333333333333333
source_bank_audit,glm52,M,all,commitment_increase,uncertain,3,120,0.025
source_bank_audit,glm52,M,all,commitment_increase,unknown,0,120,0.0
source_bank_audit,glm52,M,all,unsupported_capability_claim,yes,23,120,0.19166666666666668
source_bank_audit,glm52,M,all,unsupported_capability_claim,no,97,120,0.8083333333333333
source_bank_audit,glm52,M,all,unsupported_capability_claim,uncertain,0,120,0.0
source_bank_audit,glm52,M,all,unsupported_capability_claim,unknown,0,120,0.0
source_bank_audit,gemini_flash_lite,M,all,strategy,consolidation,38,120,0.31666666666666665
source_bank_audit,gemini_flash_lite,M,all,strategy,specialization,8,120,0.06666666666666667
source_bank_audit,gemini_flash_lite,M,all,strategy,both,0,120,0.0
source_bank_audit,gemini_flash_lite,M,all,strategy,neither,8,120,0.06666666666666667
source_bank_audit,gemini_flash_lite,M,all,strategy,uncertain,45,120,0.375
source_bank_audit,gemini_flash_lite,M,all,strategy,unknown,21,120,0.175
source_bank_audit,gemini_flash_lite,M,all,commitment_increase,yes,32,120,0.26666666666666666
source_bank_audit,gemini_flash_lite,M,all,commitment_increase,no,49,120,0.4083333333333333
source_bank_audit,gemini_flash_lite,M,all,commitment_increase,uncertain,18,120,0.15
source_bank_audit,gemini_flash_lite,M,all,commitment_increase,unknown,21,120,0.175
source_bank_audit,gemini_flash_lite,M,all,unsupported_capability_claim,yes,0,120,0.0
source_bank_audit,gemini_flash_lite,M,all,unsupported_capability_claim,no,99,120,0.825
source_bank_audit,gemini_flash_lite,M,all,unsupported_capability_claim,uncertain,0,120,0.0
source_bank_audit,gemini_flash_lite,M,all,unsupported_capability_claim,unknown,21,120,0.175
source_bank_audit,glm52,M,positive_and_contested,strategy,consolidation,37,40,0.925
source_bank_audit,glm52,M,positive_and_contested,strategy,specialization,0,40,0.0
source_bank_audit,glm52,M,positive_and_contested,strategy,both,0,40,0.0
source_bank_audit,glm52,M,positive_and_contested,strategy,neither,2,40,0.05
source_bank_audit,glm52,M,positive_and_contested,strategy,uncertain,1,40,0.025
source_bank_audit,glm52,M,positive_and_contested,strategy,unknown,0,40,0.0
source_bank_audit,glm52,M,positive_and_contested,commitment_increase,yes,40,40,1.0
source_bank_audit,glm52,M,positive_and_contested,commitment_increase,no,0,40,0.0
source_bank_audit,glm52,M,positive_and_contested,commitment_increase,uncertain,0,40,0.0
source_bank_audit,glm52,M,positive_and_contested,commitment_increase,unknown,0,40,0.0
source_bank_audit,glm52,M,positive_and_contested,unsupported_capability_claim,yes,22,40,0.55
source_bank_audit,glm52,M,positive_and_contested,unsupported_capability_claim,no,18,40,0.45
source_bank_audit,glm52,M,positive_and_contested,unsupported_capability_claim,uncertain,0,40,0.0
source_bank_audit,glm52,M,positive_and_contested,unsupported_capability_claim,unknown,0,40,0.0
source_bank_audit,gemini_flash_lite,M,positive_and_contested,strategy,consolidation,28,40,0.7
source_bank_audit,gemini_flash_lite,M,positive_and_contested,strategy,specialization,0,40,0.0
source_bank_audit,gemini_flash_lite,M,positive_and_contested,strategy,both,0,40,0.0
source_bank_audit,gemini_flash_lite,M,positive_and_contested,strategy,neither,0,40,0.0
source_bank_audit,gemini_flash_lite,M,positive_and_contested,strategy,uncertain,1,40,0.025
source_bank_audit,gemini_flash_lite,M,positive_and_contested,strategy,unknown,11,40,0.275
source_bank_audit,gemini_flash_lite,M,positive_and_contested,commitment_increase,yes,29,40,0.725
source_bank_audit,gemini_flash_lite,M,positive_and_contested,commitment_increase,no,0,40,0.0
source_bank_audit,gemini_flash_lite,M,positive_and_contested,commitment_increase,uncertain,0,40,0.0
source_bank_audit,gemini_flash_lite,M,positive_and_contested,commitment_increase,unknown,11,40,0.275
source_bank_audit,gemini_flash_lite,M,positive_and_contested,unsupported_capability_claim,yes,0,40,0.0
source_bank_audit,gemini_flash_lite,M,positive_and_contested,unsupported_capability_claim,no,29,40,0.725
source_bank_audit,gemini_flash_lite,M,positive_and_contested,unsupported_capability_claim,uncertain,0,40,0.0
source_bank_audit,gemini_flash_lite,M,positive_and_contested,unsupported_capability_claim,unknown,11,40,0.275
source_bank_audit,glm52,M,negative,strategy,consolidation,16,80,0.2
source_bank_audit,glm52,M,negative,strategy,specialization,4,80,0.05
source_bank_audit,glm52,M,negative,strategy,both,3,80,0.0375
source_bank_audit,glm52,M,negative,strategy,neither,55,80,0.6875
source_bank_audit,glm52,M,negative,strategy,uncertain,2,80,0.025
source_bank_audit,glm52,M,negative,strategy,unknown,0,80,0.0
source_bank_audit,glm52,M,negative,commitment_increase,yes,1,80,0.0125
source_bank_audit,glm52,M,negative,commitment_increase,no,76,80,0.95
source_bank_audit,glm52,M,negative,commitment_increase,uncertain,3,80,0.0375
source_bank_audit,glm52,M,negative,commitment_increase,unknown,0,80,0.0
source_bank_audit,glm52,M,negative,unsupported_capability_claim,yes,1,80,0.0125
source_bank_audit,glm52,M,negative,unsupported_capability_claim,no,79,80,0.9875
source_bank_audit,glm52,M,negative,unsupported_capability_claim,uncertain,0,80,0.0
source_bank_audit,glm52,M,negative,unsupported_capability_claim,unknown,0,80,0.0
source_bank_audit,gemini_flash_lite,M,negative,strategy,consolidation,10,80,0.125
source_bank_audit,gemini_flash_lite,M,negative,strategy,specialization,8,80,0.1
source_bank_audit,gemini_flash_lite,M,negative,strategy,both,0,80,0.0
source_bank_audit,gemini_flash_lite,M,negative,strategy,neither,8,80,0.1
source_bank_audit,gemini_flash_lite,M,negative,strategy,uncertain,44,80,0.55
source_bank_audit,gemini_flash_lite,M,negative,strategy,unknown,10,80,0.125
source_bank_audit,gemini_flash_lite,M,negative,commitment_increase,yes,3,80,0.0375
source_bank_audit,gemini_flash_lite,M,negative,commitment_increase,no,49,80,0.6125
source_bank_audit,gemini_flash_lite,M,negative,commitment_increase,uncertain,18,80,0.225
source_bank_audit,gemini_flash_lite,M,negative,commitment_increase,unknown,10,80,0.125
source_bank_audit,gemini_flash_lite,M,negative,unsupported_capability_claim,yes,0,80,0.0
source_bank_audit,gemini_flash_lite,M,negative,unsupported_capability_claim,no,70,80,0.875
source_bank_audit,gemini_flash_lite,M,negative,unsupported_capability_claim,uncertain,0,80,0.0
source_bank_audit,gemini_flash_lite,M,negative,unsupported_capability_claim,unknown,10,80,0.125
source_bank_audit,glm52,M,positive,strategy,consolidation,20,20,1.0
source_bank_audit,glm52,M,positive,strategy,specialization,0,20,0.0
source_bank_audit,glm52,M,positive,strategy,both,0,20,0.0
source_bank_audit,glm52,M,positive,strategy,neither,0,20,0.0
source_bank_audit,glm52,M,positive,strategy,uncertain,0,20,0.0
source_bank_audit,glm52,M,positive,strategy,unknown,0,20,0.0
source_bank_audit,glm52,M,positive,commitment_increase,yes,20,20,1.0
source_bank_audit,glm52,M,positive,commitment_increase,no,0,20,0.0
source_bank_audit,glm52,M,positive,commitment_increase,uncertain,0,20,0.0
source_bank_audit,glm52,M,positive,commitment_increase,unknown,0,20,0.0
source_bank_audit,glm52,M,positive,unsupported_capability_claim,yes,9,20,0.45
source_bank_audit,glm52,M,positive,unsupported_capability_claim,no,11,20,0.55
source_bank_audit,glm52,M,positive,unsupported_capability_claim,uncertain,0,20,0.0
source_bank_audit,glm52,M,positive,unsupported_capability_claim,unknown,0,20,0.0
source_bank_audit,gemini_flash_lite,M,positive,strategy,consolidation,12,20,0.6
source_bank_audit,gemini_flash_lite,M,positive,strategy,specialization,0,20,0.0
source_bank_audit,gemini_flash_lite,M,positive,strategy,both,0,20,0.0
source_bank_audit,gemini_flash_lite,M,positive,strategy,neither,0,20,0.0
source_bank_audit,gemini_flash_lite,M,positive,strategy,uncertain,0,20,0.0
source_bank_audit,gemini_flash_lite,M,positive,strategy,unknown,8,20,0.4
source_bank_audit,gemini_flash_lite,M,positive,commitment_increase,yes,12,20,0.6
source_bank_audit,gemini_flash_lite,M,positive,commitment_increase,no,0,20,0.0
source_bank_audit,gemini_flash_lite,M,positive,commitment_increase,uncertain,0,20,0.0
source_bank_audit,gemini_flash_lite,M,positive,commitment_increase,unknown,8,20,0.4
source_bank_audit,gemini_flash_lite,M,positive,unsupported_capability_claim,yes,0,20,0.0
source_bank_audit,gemini_flash_lite,M,positive,unsupported_capability_claim,no,12,20,0.6
source_bank_audit,gemini_flash_lite,M,positive,unsupported_capability_claim,uncertain,0,20,0.0
source_bank_audit,gemini_flash_lite,M,positive,unsupported_capability_claim,unknown,8,20,0.4
source_bank_audit,glm52,M,contested,strategy,consolidation,17,20,0.85
source_bank_audit,glm52,M,contested,strategy,specialization,0,20,0.0
source_bank_audit,glm52,M,contested,strategy,both,0,20,0.0
source_bank_audit,glm52,M,contested,strategy,neither,2,20,0.1
source_bank_audit,glm52,M,contested,strategy,uncertain,1,20,0.05
source_bank_audit,glm52,M,contested,strategy,unknown,0,20,0.0
source_bank_audit,glm52,M,contested,commitment_increase,yes,20,20,1.0
source_bank_audit,glm52,M,contested,commitment_increase,no,0,20,0.0
source_bank_audit,glm52,M,contested,commitment_increase,uncertain,0,20,0.0
source_bank_audit,glm52,M,contested,commitment_increase,unknown,0,20,0.0
source_bank_audit,glm52,M,contested,unsupported_capability_claim,yes,13,20,0.65
source_bank_audit,glm52,M,contested,unsupported_capability_claim,no,7,20,0.35
source_bank_audit,glm52,M,contested,unsupported_capability_claim,uncertain,0,20,0.0
source_bank_audit,glm52,M,contested,unsupported_capability_claim,unknown,0,20,0.0
source_bank_audit,gemini_flash_lite,M,contested,strategy,consolidation,16,20,0.8
source_bank_audit,gemini_flash_lite,M,contested,strategy,specialization,0,20,0.0
source_bank_audit,gemini_flash_lite,M,contested,strategy,both,0,20,0.0
source_bank_audit,gemini_flash_lite,M,contested,strategy,neither,0,20,0.0
source_bank_audit,gemini_flash_lite,M,contested,strategy,uncertain,1,20,0.05
source_bank_audit,gemini_flash_lite,M,contested,strategy,unknown,3,20,0.15
source_bank_audit,gemini_flash_lite,M,contested,commitment_increase,yes,17,20,0.85
source_bank_audit,gemini_flash_lite,M,contested,commitment_increase,no,0,20,0.0
source_bank_audit,gemini_flash_lite,M,contested,commitment_increase,uncertain,0,20,0.0
source_bank_audit,gemini_flash_lite,M,contested,commitment_increase,unknown,3,20,0.15
source_bank_audit,gemini_flash_lite,M,contested,unsupported_capability_claim,yes,0,20,0.0
source_bank_audit,gemini_flash_lite,M,contested,unsupported_capability_claim,no,17,20,0.85
source_bank_audit,gemini_flash_lite,M,contested,unsupported_capability_claim,uncertain,0,20,0.0
source_bank_audit,gemini_flash_lite,M,contested,unsupported_capability_claim,unknown,3,20,0.15
source_bank_audit,glm52,M,named_not_live,strategy,consolidation,6,20,0.3
source_bank_audit,glm52,M,named_not_live,strategy,specialization,0,20,0.0
source_bank_audit,glm52,M,named_not_live,strategy,both,1,20,0.05
source_bank_audit,glm52,M,named_not_live,strategy,neither,12,20,0.6
source_bank_audit,glm52,M,named_not_live,strategy,uncertain,1,20,0.05
source_bank_audit,glm52,M,named_not_live,strategy,unknown,0,20,0.0
source_bank_audit,glm52,M,named_not_live,commitment_increase,yes,0,20,0.0
source_bank_audit,glm52,M,named_not_live,commitment_increase,no,20,20,1.0
source_bank_audit,glm52,M,named_not_live,commitment_increase,uncertain,0,20,0.0
source_bank_audit,glm52,M,named_not_live,commitment_increase,unknown,0,20,0.0
source_bank_audit,glm52,M,named_not_live,unsupported_capability_claim,yes,0,20,0.0
source_bank_audit,glm52,M,named_not_live,unsupported_capability_claim,no,20,20,1.0
source_bank_audit,glm52,M,named_not_live,unsupported_capability_claim,uncertain,0,20,0.0
source_bank_audit,glm52,M,named_not_live,unsupported_capability_claim,unknown,0,20,0.0
source_bank_audit,gemini_flash_lite,M,named_not_live,strategy,consolidation,5,20,0.25
source_bank_audit,gemini_flash_lite,M,named_not_live,strategy,specialization,0,20,0.0
source_bank_audit,gemini_flash_lite,M,named_not_live,strategy,both,0,20,0.0
source_bank_audit,gemini_flash_lite,M,named_not_live,strategy,neither,6,20,0.3
source_bank_audit,gemini_flash_lite,M,named_not_live,strategy,uncertain,8,20,0.4
source_bank_audit,gemini_flash_lite,M,named_not_live,strategy,unknown,1,20,0.05
source_bank_audit,gemini_flash_lite,M,named_not_live,commitment_increase,yes,0,20,0.0
source_bank_audit,gemini_flash_lite,M,named_not_live,commitment_increase,no,19,20,0.95
source_bank_audit,gemini_flash_lite,M,named_not_live,commitment_increase,uncertain,0,20,0.0
source_bank_audit,gemini_flash_lite,M,named_not_live,commitment_increase,unknown,1,20,0.05
source_bank_audit,gemini_flash_lite,M,named_not_live,unsupported_capability_claim,yes,0,20,0.0
source_bank_audit,gemini_flash_lite,M,named_not_live,unsupported_capability_claim,no,19,20,0.95
source_bank_audit,gemini_flash_lite,M,named_not_live,unsupported_capability_claim,uncertain,0,20,0.0
source_bank_audit,gemini_flash_lite,M,named_not_live,unsupported_capability_claim,unknown,1,20,0.05
source_bank_audit,glm52,M,named_wrong_direction,strategy,consolidation,2,20,0.1
source_bank_audit,glm52,M,named_wrong_direction,strategy,specialization,4,20,0.2
source_bank_audit,glm52,M,named_wrong_direction,strategy,both,0,20,0.0
source_bank_audit,glm52,M,named_wrong_direction,strategy,neither,13,20,0.65
source_bank_audit,glm52,M,named_wrong_direction,strategy,uncertain,1,20,0.05
source_bank_audit,glm52,M,named_wrong_direction,strategy,unknown,0,20,0.0
source_bank_audit,glm52,M,named_wrong_direction,commitment_increase,yes,1,20,0.05
source_bank_audit,glm52,M,named_wrong_direction,commitment_increase,no,19,20,0.95
source_bank_audit,glm52,M,named_wrong_direction,commitment_increase,uncertain,0,20,0.0
source_bank_audit,glm52,M,named_wrong_direction,commitment_increase,unknown,0,20,0.0
source_bank_audit,glm52,M,named_wrong_direction,unsupported_capability_claim,yes,0,20,0.0
source_bank_audit,glm52,M,named_wrong_direction,unsupported_capability_claim,no,20,20,1.0
source_bank_audit,glm52,M,named_wrong_direction,unsupported_capability_claim,uncertain,0,20,0.0
source_bank_audit,glm52,M,named_wrong_direction,unsupported_capability_claim,unknown,0,20,0.0
source_bank_audit,gemini_flash_lite,M,named_wrong_direction,strategy,consolidation,1,20,0.05
source_bank_audit,gemini_flash_lite,M,named_wrong_direction,strategy,specialization,6,20,0.3
source_bank_audit,gemini_flash_lite,M,named_wrong_direction,strategy,both,0,20,0.0
source_bank_audit,gemini_flash_lite,M,named_wrong_direction,strategy,neither,1,20,0.05
source_bank_audit,gemini_flash_lite,M,named_wrong_direction,strategy,uncertain,9,20,0.45
source_bank_audit,gemini_flash_lite,M,named_wrong_direction,strategy,unknown,3,20,0.15
source_bank_audit,gemini_flash_lite,M,named_wrong_direction,commitment_increase,yes,0,20,0.0
source_bank_audit,gemini_flash_lite,M,named_wrong_direction,commitment_increase,no,13,20,0.65
source_bank_audit,gemini_flash_lite,M,named_wrong_direction,commitment_increase,uncertain,4,20,0.2
source_bank_audit,gemini_flash_lite,M,named_wrong_direction,commitment_increase,unknown,3,20,0.15
source_bank_audit,gemini_flash_lite,M,named_wrong_direction,unsupported_capability_claim,yes,0,20,0.0
source_bank_audit,gemini_flash_lite,M,named_wrong_direction,unsupported_capability_claim,no,17,20,0.85
source_bank_audit,gemini_flash_lite,M,named_wrong_direction,unsupported_capability_claim,uncertain,0,20,0.0
source_bank_audit,gemini_flash_lite,M,named_wrong_direction,unsupported_capability_claim,unknown,3,20,0.15
source_bank_audit,glm52,M,named_no_authority,strategy,consolidation,3,20,0.15
source_bank_audit,glm52,M,named_no_authority,strategy,specialization,0,20,0.0
source_bank_audit,glm52,M,named_no_authority,strategy,both,1,20,0.05
source_bank_audit,glm52,M,named_no_authority,strategy,neither,16,20,0.8
source_bank_audit,glm52,M,named_no_authority,strategy,uncertain,0,20,0.0
source_bank_audit,glm52,M,named_no_authority,strategy,unknown,0,20,0.0
source_bank_audit,glm52,M,named_no_authority,commitment_increase,yes,0,20,0.0
source_bank_audit,glm52,M,named_no_authority,commitment_increase,no,20,20,1.0
source_bank_audit,glm52,M,named_no_authority,commitment_increase,uncertain,0,20,0.0
source_bank_audit,glm52,M,named_no_authority,commitment_increase,unknown,0,20,0.0
source_bank_audit,glm52,M,named_no_authority,unsupported_capability_claim,yes,0,20,0.0
source_bank_audit,glm52,M,named_no_authority,unsupported_capability_claim,no,20,20,1.0
source_bank_audit,glm52,M,named_no_authority,unsupported_capability_claim,uncertain,0,20,0.0
source_bank_audit,glm52,M,named_no_authority,unsupported_capability_claim,unknown,0,20,0.0
source_bank_audit,gemini_flash_lite,M,named_no_authority,strategy,consolidation,1,20,0.05
source_bank_audit,gemini_flash_lite,M,named_no_authority,strategy,specialization,0,20,0.0
source_bank_audit,gemini_flash_lite,M,named_no_authority,strategy,both,0,20,0.0
source_bank_audit,gemini_flash_lite,M,named_no_authority,strategy,neither,1,20,0.05
source_bank_audit,gemini_flash_lite,M,named_no_authority,strategy,uncertain,14,20,0.7
source_bank_audit,gemini_flash_lite,M,named_no_authority,strategy,unknown,4,20,0.2
source_bank_audit,gemini_flash_lite,M,named_no_authority,commitment_increase,yes,0,20,0.0
source_bank_audit,gemini_flash_lite,M,named_no_authority,commitment_increase,no,8,20,0.4
source_bank_audit,gemini_flash_lite,M,named_no_authority,commitment_increase,uncertain,8,20,0.4
source_bank_audit,gemini_flash_lite,M,named_no_authority,commitment_increase,unknown,4,20,0.2
source_bank_audit,gemini_flash_lite,M,named_no_authority,unsupported_capability_claim,yes,0,20,0.0
source_bank_audit,gemini_flash_lite,M,named_no_authority,unsupported_capability_claim,no,16,20,0.8
source_bank_audit,gemini_flash_lite,M,named_no_authority,unsupported_capability_claim,uncertain,0,20,0.0
source_bank_audit,gemini_flash_lite,M,named_no_authority,unsupported_capability_claim,unknown,4,20,0.2
source_bank_audit,glm52,M,rival_leaning,strategy,consolidation,5,20,0.25
source_bank_audit,glm52,M,rival_leaning,strategy,specialization,0,20,0.0
source_bank_audit,glm52,M,rival_leaning,strategy,both,1,20,0.05
source_bank_audit,glm52,M,rival_leaning,strategy,neither,14,20,0.7
source_bank_audit,glm52,M,rival_leaning,strategy,uncertain,0,20,0.0
source_bank_audit,glm52,M,rival_leaning,strategy,unknown,0,20,0.0
source_bank_audit,glm52,M,rival_leaning,commitment_increase,yes,0,20,0.0
source_bank_audit,glm52,M,rival_leaning,commitment_increase,no,17,20,0.85
source_bank_audit,glm52,M,rival_leaning,commitment_increase,uncertain,3,20,0.15
source_bank_audit,glm52,M,rival_leaning,commitment_increase,unknown,0,20,0.0
source_bank_audit,glm52,M,rival_leaning,unsupported_capability_claim,yes,1,20,0.05
source_bank_audit,glm52,M,rival_leaning,unsupported_capability_claim,no,19,20,0.95
source_bank_audit,glm52,M,rival_leaning,unsupported_capability_claim,uncertain,0,20,0.0
source_bank_audit,glm52,M,rival_leaning,unsupported_capability_claim,unknown,0,20,0.0
source_bank_audit,gemini_flash_lite,M,rival_leaning,strategy,consolidation,3,20,0.15
source_bank_audit,gemini_flash_lite,M,rival_leaning,strategy,specialization,2,20,0.1
source_bank_audit,gemini_flash_lite,M,rival_leaning,strategy,both,0,20,0.0
source_bank_audit,gemini_flash_lite,M,rival_leaning,strategy,neither,0,20,0.0
source_bank_audit,gemini_flash_lite,M,rival_leaning,strategy,uncertain,13,20,0.65
source_bank_audit,gemini_flash_lite,M,rival_leaning,strategy,unknown,2,20,0.1
source_bank_audit,gemini_flash_lite,M,rival_leaning,commitment_increase,yes,3,20,0.15
source_bank_audit,gemini_flash_lite,M,rival_leaning,commitment_increase,no,9,20,0.45
source_bank_audit,gemini_flash_lite,M,rival_leaning,commitment_increase,uncertain,6,20,0.3
source_bank_audit,gemini_flash_lite,M,rival_leaning,commitment_increase,unknown,2,20,0.1
source_bank_audit,gemini_flash_lite,M,rival_leaning,unsupported_capability_claim,yes,0,20,0.0
source_bank_audit,gemini_flash_lite,M,rival_leaning,unsupported_capability_claim,no,18,20,0.9
source_bank_audit,gemini_flash_lite,M,rival_leaning,unsupported_capability_claim,uncertain,0,20,0.0
source_bank_audit,gemini_flash_lite,M,rival_leaning,unsupported_capability_claim,unknown,2,20,0.1
source_bank_audit,glm52,S,all,strategy,consolidation,43,120,0.35833333333333334
source_bank_audit,glm52,S,all,strategy,specialization,22,120,0.18333333333333332
source_bank_audit,glm52,S,all,strategy,both,4,120,0.03333333333333333
source_bank_audit,glm52,S,all,strategy,neither,47,120,0.39166666666666666
source_bank_audit,glm52,S,all,strategy,uncertain,3,120,0.025
source_bank_audit,glm52,S,all,strategy,unknown,1,120,0.008333333333333333
source_bank_audit,glm52,S,all,commitment_increase,yes,45,120,0.375
source_bank_audit,glm52,S,all,commitment_increase,no,66,120,0.55
source_bank_audit,glm52,S,all,commitment_increase,uncertain,8,120,0.06666666666666667
source_bank_audit,glm52,S,all,commitment_increase,unknown,1,120,0.008333333333333333
source_bank_audit,glm52,S,all,unsupported_capability_claim,yes,22,120,0.18333333333333332
source_bank_audit,glm52,S,all,unsupported_capability_claim,no,97,120,0.8083333333333333
source_bank_audit,glm52,S,all,unsupported_capability_claim,uncertain,0,120,0.0
source_bank_audit,glm52,S,all,unsupported_capability_claim,unknown,1,120,0.008333333333333333
source_bank_audit,gemini_flash_lite,S,all,strategy,consolidation,37,120,0.30833333333333335
source_bank_audit,gemini_flash_lite,S,all,strategy,specialization,17,120,0.14166666666666666
source_bank_audit,gemini_flash_lite,S,all,strategy,both,0,120,0.0
source_bank_audit,gemini_flash_lite,S,all,strategy,neither,11,120,0.09166666666666666
source_bank_audit,gemini_flash_lite,S,all,strategy,uncertain,38,120,0.31666666666666665
source_bank_audit,gemini_flash_lite,S,all,strategy,unknown,17,120,0.14166666666666666
source_bank_audit,gemini_flash_lite,S,all,commitment_increase,yes,37,120,0.30833333333333335
source_bank_audit,gemini_flash_lite,S,all,commitment_increase,no,41,120,0.3416666666666667
source_bank_audit,gemini_flash_lite,S,all,commitment_increase,uncertain,25,120,0.20833333333333334
source_bank_audit,gemini_flash_lite,S,all,commitment_increase,unknown,17,120,0.14166666666666666
source_bank_audit,gemini_flash_lite,S,all,unsupported_capability_claim,yes,0,120,0.0
source_bank_audit,gemini_flash_lite,S,all,unsupported_capability_claim,no,103,120,0.8583333333333333
source_bank_audit,gemini_flash_lite,S,all,unsupported_capability_claim,uncertain,0,120,0.0
source_bank_audit,gemini_flash_lite,S,all,unsupported_capability_claim,unknown,17,120,0.14166666666666666
source_bank_audit,glm52,S,positive_and_contested,strategy,consolidation,36,40,0.9
source_bank_audit,glm52,S,positive_and_contested,strategy,specialization,0,40,0.0
source_bank_audit,glm52,S,positive_and_contested,strategy,both,2,40,0.05
source_bank_audit,glm52,S,positive_and_contested,strategy,neither,1,40,0.025
source_bank_audit,glm52,S,positive_and_contested,strategy,uncertain,1,40,0.025
source_bank_audit,glm52,S,positive_and_contested,strategy,unknown,0,40,0.0
source_bank_audit,glm52,S,positive_and_contested,commitment_increase,yes,40,40,1.0
source_bank_audit,glm52,S,positive_and_contested,commitment_increase,no,0,40,0.0
source_bank_audit,glm52,S,positive_and_contested,commitment_increase,uncertain,0,40,0.0
source_bank_audit,glm52,S,positive_and_contested,commitment_increase,unknown,0,40,0.0
source_bank_audit,glm52,S,positive_and_contested,unsupported_capability_claim,yes,22,40,0.55
source_bank_audit,glm52,S,positive_and_contested,unsupported_capability_claim,no,18,40,0.45
source_bank_audit,glm52,S,positive_and_contested,unsupported_capability_claim,uncertain,0,40,0.0
source_bank_audit,glm52,S,positive_and_contested,unsupported_capability_claim,unknown,0,40,0.0
source_bank_audit,gemini_flash_lite,S,positive_and_contested,strategy,consolidation,30,40,0.75
source_bank_audit,gemini_flash_lite,S,positive_and_contested,strategy,specialization,1,40,0.025
source_bank_audit,gemini_flash_lite,S,positive_and_contested,strategy,both,0,40,0.0
source_bank_audit,gemini_flash_lite,S,positive_and_contested,strategy,neither,0,40,0.0
source_bank_audit,gemini_flash_lite,S,positive_and_contested,strategy,uncertain,1,40,0.025
source_bank_audit,gemini_flash_lite,S,positive_and_contested,strategy,unknown,8,40,0.2
source_bank_audit,gemini_flash_lite,S,positive_and_contested,commitment_increase,yes,32,40,0.8
source_bank_audit,gemini_flash_lite,S,positive_and_contested,commitment_increase,no,0,40,0.0
source_bank_audit,gemini_flash_lite,S,positive_and_contested,commitment_increase,uncertain,0,40,0.0
source_bank_audit,gemini_flash_lite,S,positive_and_contested,commitment_increase,unknown,8,40,0.2
source_bank_audit,gemini_flash_lite,S,positive_and_contested,unsupported_capability_claim,yes,0,40,0.0
source_bank_audit,gemini_flash_lite,S,positive_and_contested,unsupported_capability_claim,no,32,40,0.8
source_bank_audit,gemini_flash_lite,S,positive_and_contested,unsupported_capability_claim,uncertain,0,40,0.0
source_bank_audit,gemini_flash_lite,S,positive_and_contested,unsupported_capability_claim,unknown,8,40,0.2
source_bank_audit,glm52,S,negative,strategy,consolidation,7,80,0.0875
source_bank_audit,glm52,S,negative,strategy,specialization,22,80,0.275
source_bank_audit,glm52,S,negative,strategy,both,2,80,0.025
source_bank_audit,glm52,S,negative,strategy,neither,46,80,0.575
source_bank_audit,glm52,S,negative,strategy,uncertain,2,80,0.025
source_bank_audit,glm52,S,negative,strategy,unknown,1,80,0.0125
source_bank_audit,glm52,S,negative,commitment_increase,yes,5,80,0.0625
source_bank_audit,glm52,S,negative,commitment_increase,no,66,80,0.825
source_bank_audit,glm52,S,negative,commitment_increase,uncertain,8,80,0.1
source_bank_audit,glm52,S,negative,commitment_increase,unknown,1,80,0.0125
source_bank_audit,glm52,S,negative,unsupported_capability_claim,yes,0,80,0.0
source_bank_audit,glm52,S,negative,unsupported_capability_claim,no,79,80,0.9875
source_bank_audit,glm52,S,negative,unsupported_capability_claim,uncertain,0,80,0.0
source_bank_audit,glm52,S,negative,unsupported_capability_claim,unknown,1,80,0.0125
source_bank_audit,gemini_flash_lite,S,negative,strategy,consolidation,7,80,0.0875
source_bank_audit,gemini_flash_lite,S,negative,strategy,specialization,16,80,0.2
source_bank_audit,gemini_flash_lite,S,negative,strategy,both,0,80,0.0
source_bank_audit,gemini_flash_lite,S,negative,strategy,neither,11,80,0.1375
source_bank_audit,gemini_flash_lite,S,negative,strategy,uncertain,37,80,0.4625
source_bank_audit,gemini_flash_lite,S,negative,strategy,unknown,9,80,0.1125
source_bank_audit,gemini_flash_lite,S,negative,commitment_increase,yes,5,80,0.0625
source_bank_audit,gemini_flash_lite,S,negative,commitment_increase,no,41,80,0.5125
source_bank_audit,gemini_flash_lite,S,negative,commitment_increase,uncertain,25,80,0.3125
source_bank_audit,gemini_flash_lite,S,negative,commitment_increase,unknown,9,80,0.1125
source_bank_audit,gemini_flash_lite,S,negative,unsupported_capability_claim,yes,0,80,0.0
source_bank_audit,gemini_flash_lite,S,negative,unsupported_capability_claim,no,71,80,0.8875
source_bank_audit,gemini_flash_lite,S,negative,unsupported_capability_claim,uncertain,0,80,0.0
source_bank_audit,gemini_flash_lite,S,negative,unsupported_capability_claim,unknown,9,80,0.1125
source_bank_audit,glm52,S,positive,strategy,consolidation,18,20,0.9
source_bank_audit,glm52,S,positive,strategy,specialization,0,20,0.0
source_bank_audit,glm52,S,positive,strategy,both,2,20,0.1
source_bank_audit,glm52,S,positive,strategy,neither,0,20,0.0
source_bank_audit,glm52,S,positive,strategy,uncertain,0,20,0.0
source_bank_audit,glm52,S,positive,strategy,unknown,0,20,0.0
source_bank_audit,glm52,S,positive,commitment_increase,yes,20,20,1.0
source_bank_audit,glm52,S,positive,commitment_increase,no,0,20,0.0
source_bank_audit,glm52,S,positive,commitment_increase,uncertain,0,20,0.0
source_bank_audit,glm52,S,positive,commitment_increase,unknown,0,20,0.0
source_bank_audit,glm52,S,positive,unsupported_capability_claim,yes,13,20,0.65
source_bank_audit,glm52,S,positive,unsupported_capability_claim,no,7,20,0.35
source_bank_audit,glm52,S,positive,unsupported_capability_claim,uncertain,0,20,0.0
source_bank_audit,glm52,S,positive,unsupported_capability_claim,unknown,0,20,0.0
source_bank_audit,gemini_flash_lite,S,positive,strategy,consolidation,15,20,0.75
source_bank_audit,gemini_flash_lite,S,positive,strategy,specialization,0,20,0.0
source_bank_audit,gemini_flash_lite,S,positive,strategy,both,0,20,0.0
source_bank_audit,gemini_flash_lite,S,positive,strategy,neither,0,20,0.0
source_bank_audit,gemini_flash_lite,S,positive,strategy,uncertain,0,20,0.0
source_bank_audit,gemini_flash_lite,S,positive,strategy,unknown,5,20,0.25
source_bank_audit,gemini_flash_lite,S,positive,commitment_increase,yes,15,20,0.75
source_bank_audit,gemini_flash_lite,S,positive,commitment_increase,no,0,20,0.0
source_bank_audit,gemini_flash_lite,S,positive,commitment_increase,uncertain,0,20,0.0
source_bank_audit,gemini_flash_lite,S,positive,commitment_increase,unknown,5,20,0.25
source_bank_audit,gemini_flash_lite,S,positive,unsupported_capability_claim,yes,0,20,0.0
source_bank_audit,gemini_flash_lite,S,positive,unsupported_capability_claim,no,15,20,0.75
source_bank_audit,gemini_flash_lite,S,positive,unsupported_capability_claim,uncertain,0,20,0.0
source_bank_audit,gemini_flash_lite,S,positive,unsupported_capability_claim,unknown,5,20,0.25
source_bank_audit,glm52,S,contested,strategy,consolidation,18,20,0.9
source_bank_audit,glm52,S,contested,strategy,specialization,0,20,0.0
source_bank_audit,glm52,S,contested,strategy,both,0,20,0.0
source_bank_audit,glm52,S,contested,strategy,neither,1,20,0.05
source_bank_audit,glm52,S,contested,strategy,uncertain,1,20,0.05
source_bank_audit,glm52,S,contested,strategy,unknown,0,20,0.0
source_bank_audit,glm52,S,contested,commitment_increase,yes,20,20,1.0
source_bank_audit,glm52,S,contested,commitment_increase,no,0,20,0.0
source_bank_audit,glm52,S,contested,commitment_increase,uncertain,0,20,0.0
source_bank_audit,glm52,S,contested,commitment_increase,unknown,0,20,0.0
source_bank_audit,glm52,S,contested,unsupported_capability_claim,yes,9,20,0.45
source_bank_audit,glm52,S,contested,unsupported_capability_claim,no,11,20,0.55
source_bank_audit,glm52,S,contested,unsupported_capability_claim,uncertain,0,20,0.0
source_bank_audit,glm52,S,contested,unsupported_capability_claim,unknown,0,20,0.0
source_bank_audit,gemini_flash_lite,S,contested,strategy,consolidation,15,20,0.75
source_bank_audit,gemini_flash_lite,S,contested,strategy,specialization,1,20,0.05
source_bank_audit,gemini_flash_lite,S,contested,strategy,both,0,20,0.0
source_bank_audit,gemini_flash_lite,S,contested,strategy,neither,0,20,0.0
source_bank_audit,gemini_flash_lite,S,contested,strategy,uncertain,1,20,0.05
source_bank_audit,gemini_flash_lite,S,contested,strategy,unknown,3,20,0.15
source_bank_audit,gemini_flash_lite,S,contested,commitment_increase,yes,17,20,0.85
source_bank_audit,gemini_flash_lite,S,contested,commitment_increase,no,0,20,0.0
source_bank_audit,gemini_flash_lite,S,contested,commitment_increase,uncertain,0,20,0.0
source_bank_audit,gemini_flash_lite,S,contested,commitment_increase,unknown,3,20,0.15
source_bank_audit,gemini_flash_lite,S,contested,unsupported_capability_claim,yes,0,20,0.0
source_bank_audit,gemini_flash_lite,S,contested,unsupported_capability_claim,no,17,20,0.85
source_bank_audit,gemini_flash_lite,S,contested,unsupported_capability_claim,uncertain,0,20,0.0
source_bank_audit,gemini_flash_lite,S,contested,unsupported_capability_claim,unknown,3,20,0.15
source_bank_audit,glm52,S,named_not_live,strategy,consolidation,1,20,0.05
source_bank_audit,glm52,S,named_not_live,strategy,specialization,6,20,0.3
source_bank_audit,glm52,S,named_not_live,strategy,both,0,20,0.0
source_bank_audit,glm52,S,named_not_live,strategy,neither,13,20,0.65
source_bank_audit,glm52,S,named_not_live,strategy,uncertain,0,20,0.0
source_bank_audit,glm52,S,named_not_live,strategy,unknown,0,20,0.0
source_bank_audit,glm52,S,named_not_live,commitment_increase,yes,0,20,0.0
source_bank_audit,glm52,S,named_not_live,commitment_increase,no,20,20,1.0
source_bank_audit,glm52,S,named_not_live,commitment_increase,uncertain,0,20,0.0
source_bank_audit,glm52,S,named_not_live,commitment_increase,unknown,0,20,0.0
source_bank_audit,glm52,S,named_not_live,unsupported_capability_claim,yes,0,20,0.0
source_bank_audit,glm52,S,named_not_live,unsupported_capability_claim,no,20,20,1.0
source_bank_audit,glm52,S,named_not_live,unsupported_capability_claim,uncertain,0,20,0.0
source_bank_audit,glm52,S,named_not_live,unsupported_capability_claim,unknown,0,20,0.0
source_bank_audit,gemini_flash_lite,S,named_not_live,strategy,consolidation,3,20,0.15
source_bank_audit,gemini_flash_lite,S,named_not_live,strategy,specialization,2,20,0.1
source_bank_audit,gemini_flash_lite,S,named_not_live,strategy,both,0,20,0.0
source_bank_audit,gemini_flash_lite,S,named_not_live,strategy,neither,7,20,0.35
source_bank_audit,gemini_flash_lite,S,named_not_live,strategy,uncertain,6,20,0.3
source_bank_audit,gemini_flash_lite,S,named_not_live,strategy,unknown,2,20,0.1
source_bank_audit,gemini_flash_lite,S,named_not_live,commitment_increase,yes,0,20,0.0
source_bank_audit,gemini_flash_lite,S,named_not_live,commitment_increase,no,16,20,0.8
source_bank_audit,gemini_flash_lite,S,named_not_live,commitment_increase,uncertain,2,20,0.1
source_bank_audit,gemini_flash_lite,S,named_not_live,commitment_increase,unknown,2,20,0.1
source_bank_audit,gemini_flash_lite,S,named_not_live,unsupported_capability_claim,yes,0,20,0.0
source_bank_audit,gemini_flash_lite,S,named_not_live,unsupported_capability_claim,no,18,20,0.9
source_bank_audit,gemini_flash_lite,S,named_not_live,unsupported_capability_claim,uncertain,0,20,0.0
source_bank_audit,gemini_flash_lite,S,named_not_live,unsupported_capability_claim,unknown,2,20,0.1
source_bank_audit,glm52,S,named_wrong_direction,strategy,consolidation,1,20,0.05
source_bank_audit,glm52,S,named_wrong_direction,strategy,specialization,3,20,0.15
source_bank_audit,glm52,S,named_wrong_direction,strategy,both,0,20,0.0
source_bank_audit,glm52,S,named_wrong_direction,strategy,neither,16,20,0.8
source_bank_audit,glm52,S,named_wrong_direction,strategy,uncertain,0,20,0.0
source_bank_audit,glm52,S,named_wrong_direction,strategy,unknown,0,20,0.0
source_bank_audit,glm52,S,named_wrong_direction,commitment_increase,yes,0,20,0.0
source_bank_audit,glm52,S,named_wrong_direction,commitment_increase,no,19,20,0.95
source_bank_audit,glm52,S,named_wrong_direction,commitment_increase,uncertain,1,20,0.05
source_bank_audit,glm52,S,named_wrong_direction,commitment_increase,unknown,0,20,0.0
source_bank_audit,glm52,S,named_wrong_direction,unsupported_capability_claim,yes,0,20,0.0
source_bank_audit,glm52,S,named_wrong_direction,unsupported_capability_claim,no,20,20,1.0
source_bank_audit,glm52,S,named_wrong_direction,unsupported_capability_claim,uncertain,0,20,0.0
source_bank_audit,glm52,S,named_wrong_direction,unsupported_capability_claim,unknown,0,20,0.0
source_bank_audit,gemini_flash_lite,S,named_wrong_direction,strategy,consolidation,0,20,0.0
source_bank_audit,gemini_flash_lite,S,named_wrong_direction,strategy,specialization,4,20,0.2
source_bank_audit,gemini_flash_lite,S,named_wrong_direction,strategy,both,0,20,0.0
source_bank_audit,gemini_flash_lite,S,named_wrong_direction,strategy,neither,1,20,0.05
source_bank_audit,gemini_flash_lite,S,named_wrong_direction,strategy,uncertain,14,20,0.7
source_bank_audit,gemini_flash_lite,S,named_wrong_direction,strategy,unknown,1,20,0.05
source_bank_audit,gemini_flash_lite,S,named_wrong_direction,commitment_increase,yes,0,20,0.0
source_bank_audit,gemini_flash_lite,S,named_wrong_direction,commitment_increase,no,10,20,0.5
source_bank_audit,gemini_flash_lite,S,named_wrong_direction,commitment_increase,uncertain,9,20,0.45
source_bank_audit,gemini_flash_lite,S,named_wrong_direction,commitment_increase,unknown,1,20,0.05
source_bank_audit,gemini_flash_lite,S,named_wrong_direction,unsupported_capability_claim,yes,0,20,0.0
source_bank_audit,gemini_flash_lite,S,named_wrong_direction,unsupported_capability_claim,no,19,20,0.95
source_bank_audit,gemini_flash_lite,S,named_wrong_direction,unsupported_capability_claim,uncertain,0,20,0.0
source_bank_audit,gemini_flash_lite,S,named_wrong_direction,unsupported_capability_claim,unknown,1,20,0.05
source_bank_audit,glm52,S,named_no_authority,strategy,consolidation,2,20,0.1
source_bank_audit,glm52,S,named_no_authority,strategy,specialization,8,20,0.4
source_bank_audit,glm52,S,named_no_authority,strategy,both,0,20,0.0
source_bank_audit,glm52,S,named_no_authority,strategy,neither,10,20,0.5
source_bank_audit,glm52,S,named_no_authority,strategy,uncertain,0,20,0.0
source_bank_audit,glm52,S,named_no_authority,strategy,unknown,0,20,0.0
source_bank_audit,glm52,S,named_no_authority,commitment_increase,yes,2,20,0.1
source_bank_audit,glm52,S,named_no_authority,commitment_increase,no,15,20,0.75
source_bank_audit,glm52,S,named_no_authority,commitment_increase,uncertain,3,20,0.15
source_bank_audit,glm52,S,named_no_authority,commitment_increase,unknown,0,20,0.0
source_bank_audit,glm52,S,named_no_authority,unsupported_capability_claim,yes,0,20,0.0
source_bank_audit,glm52,S,named_no_authority,unsupported_capability_claim,no,20,20,1.0
source_bank_audit,glm52,S,named_no_authority,unsupported_capability_claim,uncertain,0,20,0.0
source_bank_audit,glm52,S,named_no_authority,unsupported_capability_claim,unknown,0,20,0.0
source_bank_audit,gemini_flash_lite,S,named_no_authority,strategy,consolidation,1,20,0.05
source_bank_audit,gemini_flash_lite,S,named_no_authority,strategy,specialization,5,20,0.25
source_bank_audit,gemini_flash_lite,S,named_no_authority,strategy,both,0,20,0.0
source_bank_audit,gemini_flash_lite,S,named_no_authority,strategy,neither,2,20,0.1
source_bank_audit,gemini_flash_lite,S,named_no_authority,strategy,uncertain,8,20,0.4
source_bank_audit,gemini_flash_lite,S,named_no_authority,strategy,unknown,4,20,0.2
source_bank_audit,gemini_flash_lite,S,named_no_authority,commitment_increase,yes,1,20,0.05
source_bank_audit,gemini_flash_lite,S,named_no_authority,commitment_increase,no,7,20,0.35
source_bank_audit,gemini_flash_lite,S,named_no_authority,commitment_increase,uncertain,8,20,0.4
source_bank_audit,gemini_flash_lite,S,named_no_authority,commitment_increase,unknown,4,20,0.2
source_bank_audit,gemini_flash_lite,S,named_no_authority,unsupported_capability_claim,yes,0,20,0.0
source_bank_audit,gemini_flash_lite,S,named_no_authority,unsupported_capability_claim,no,16,20,0.8
source_bank_audit,gemini_flash_lite,S,named_no_authority,unsupported_capability_claim,uncertain,0,20,0.0
source_bank_audit,gemini_flash_lite,S,named_no_authority,unsupported_capability_claim,unknown,4,20,0.2
source_bank_audit,glm52,S,rival_leaning,strategy,consolidation,3,20,0.15
source_bank_audit,glm52,S,rival_leaning,strategy,specialization,5,20,0.25
source_bank_audit,glm52,S,rival_leaning,strategy,both,2,20,0.1
source_bank_audit,glm52,S,rival_leaning,strategy,neither,7,20,0.35
source_bank_audit,glm52,S,rival_leaning,strategy,uncertain,2,20,0.1
source_bank_audit,glm52,S,rival_leaning,strategy,unknown,1,20,0.05
source_bank_audit,glm52,S,rival_leaning,commitment_increase,yes,3,20,0.15
source_bank_audit,glm52,S,rival_leaning,commitment_increase,no,12,20,0.6
source_bank_audit,glm52,S,rival_leaning,commitment_increase,uncertain,4,20,0.2
source_bank_audit,glm52,S,rival_leaning,commitment_increase,unknown,1,20,0.05
source_bank_audit,glm52,S,rival_leaning,unsupported_capability_claim,yes,0,20,0.0
source_bank_audit,glm52,S,rival_leaning,unsupported_capability_claim,no,19,20,0.95
source_bank_audit,glm52,S,rival_leaning,unsupported_capability_claim,uncertain,0,20,0.0
source_bank_audit,glm52,S,rival_leaning,unsupported_capability_claim,unknown,1,20,0.05
source_bank_audit,gemini_flash_lite,S,rival_leaning,strategy,consolidation,3,20,0.15
source_bank_audit,gemini_flash_lite,S,rival_leaning,strategy,specialization,5,20,0.25
source_bank_audit,gemini_flash_lite,S,rival_leaning,strategy,both,0,20,0.0
source_bank_audit,gemini_flash_lite,S,rival_leaning,strategy,neither,1,20,0.05
source_bank_audit,gemini_flash_lite,S,rival_leaning,strategy,uncertain,9,20,0.45
source_bank_audit,gemini_flash_lite,S,rival_leaning,strategy,unknown,2,20,0.1
source_bank_audit,gemini_flash_lite,S,rival_leaning,commitment_increase,yes,4,20,0.2
source_bank_audit,gemini_flash_lite,S,rival_leaning,commitment_increase,no,8,20,0.4
source_bank_audit,gemini_flash_lite,S,rival_leaning,commitment_increase,uncertain,6,20,0.3
source_bank_audit,gemini_flash_lite,S,rival_leaning,commitment_increase,unknown,2,20,0.1
source_bank_audit,gemini_flash_lite,S,rival_leaning,unsupported_capability_claim,yes,0,20,0.0
source_bank_audit,gemini_flash_lite,S,rival_leaning,unsupported_capability_claim,no,18,20,0.9
source_bank_audit,gemini_flash_lite,S,rival_leaning,unsupported_capability_claim,uncertain,0,20,0.0
source_bank_audit,gemini_flash_lite,S,rival_leaning,unsupported_capability_claim,unknown,2,20,0.1
actual_training_subset,glm52,all,all,strategy,consolidation,82,166,0.4939759036144578
actual_training_subset,glm52,all,all,strategy,specialization,13,166,0.0783132530120482
actual_training_subset,glm52,all,all,strategy,both,4,166,0.024096385542168676
actual_training_subset,glm52,all,all,strategy,neither,62,166,0.37349397590361444
actual_training_subset,glm52,all,all,strategy,uncertain,5,166,0.030120481927710843
actual_training_subset,glm52,all,all,strategy,unknown,0,166,0.0
actual_training_subset,glm52,all,all,commitment_increase,yes,84,166,0.5060240963855421
actual_training_subset,glm52,all,all,commitment_increase,no,74,166,0.4457831325301205
actual_training_subset,glm52,all,all,commitment_increase,uncertain,8,166,0.04819277108433735
actual_training_subset,glm52,all,all,commitment_increase,unknown,0,166,0.0
actual_training_subset,glm52,all,all,unsupported_capability_claim,yes,44,166,0.26506024096385544
actual_training_subset,glm52,all,all,unsupported_capability_claim,no,122,166,0.7349397590361446
actual_training_subset,glm52,all,all,unsupported_capability_claim,uncertain,0,166,0.0
actual_training_subset,glm52,all,all,unsupported_capability_claim,unknown,0,166,0.0
actual_training_subset,gemini_flash_lite,all,all,strategy,consolidation,64,166,0.3855421686746988
actual_training_subset,gemini_flash_lite,all,all,strategy,specialization,12,166,0.07228915662650602
actual_training_subset,gemini_flash_lite,all,all,strategy,both,0,166,0.0
actual_training_subset,gemini_flash_lite,all,all,strategy,neither,11,166,0.06626506024096386
actual_training_subset,gemini_flash_lite,all,all,strategy,uncertain,48,166,0.2891566265060241
actual_training_subset,gemini_flash_lite,all,all,strategy,unknown,31,166,0.18674698795180722
actual_training_subset,gemini_flash_lite,all,all,commitment_increase,yes,65,166,0.39156626506024095
actual_training_subset,gemini_flash_lite,all,all,commitment_increase,no,45,166,0.2710843373493976
actual_training_subset,gemini_flash_lite,all,all,commitment_increase,uncertain,25,166,0.15060240963855423
actual_training_subset,gemini_flash_lite,all,all,commitment_increase,unknown,31,166,0.18674698795180722
actual_training_subset,gemini_flash_lite,all,all,unsupported_capability_claim,yes,0,166,0.0
actual_training_subset,gemini_flash_lite,all,all,unsupported_capability_claim,no,135,166,0.8132530120481928
actual_training_subset,gemini_flash_lite,all,all,unsupported_capability_claim,uncertain,0,166,0.0
actual_training_subset,gemini_flash_lite,all,all,unsupported_capability_claim,unknown,31,166,0.18674698795180722
actual_training_subset,glm52,all,positive_and_contested,strategy,consolidation,73,80,0.9125
actual_training_subset,glm52,all,positive_and_contested,strategy,specialization,0,80,0.0
actual_training_subset,glm52,all,positive_and_contested,strategy,both,2,80,0.025
actual_training_subset,glm52,all,positive_and_contested,strategy,neither,3,80,0.0375
actual_training_subset,glm52,all,positive_and_contested,strategy,uncertain,2,80,0.025
actual_training_subset,glm52,all,positive_and_contested,strategy,unknown,0,80,0.0
actual_training_subset,glm52,all,positive_and_contested,commitment_increase,yes,80,80,1.0
actual_training_subset,glm52,all,positive_and_contested,commitment_increase,no,0,80,0.0
actual_training_subset,glm52,all,positive_and_contested,commitment_increase,uncertain,0,80,0.0
actual_training_subset,glm52,all,positive_and_contested,commitment_increase,unknown,0,80,0.0
actual_training_subset,glm52,all,positive_and_contested,unsupported_capability_claim,yes,44,80,0.55
actual_training_subset,glm52,all,positive_and_contested,unsupported_capability_claim,no,36,80,0.45
actual_training_subset,glm52,all,positive_and_contested,unsupported_capability_claim,uncertain,0,80,0.0
actual_training_subset,glm52,all,positive_and_contested,unsupported_capability_claim,unknown,0,80,0.0
actual_training_subset,gemini_flash_lite,all,positive_and_contested,strategy,consolidation,58,80,0.725
actual_training_subset,gemini_flash_lite,all,positive_and_contested,strategy,specialization,1,80,0.0125
actual_training_subset,gemini_flash_lite,all,positive_and_contested,strategy,both,0,80,0.0
actual_training_subset,gemini_flash_lite,all,positive_and_contested,strategy,neither,0,80,0.0
actual_training_subset,gemini_flash_lite,all,positive_and_contested,strategy,uncertain,2,80,0.025
actual_training_subset,gemini_flash_lite,all,positive_and_contested,strategy,unknown,19,80,0.2375
actual_training_subset,gemini_flash_lite,all,positive_and_contested,commitment_increase,yes,61,80,0.7625
actual_training_subset,gemini_flash_lite,all,positive_and_contested,commitment_increase,no,0,80,0.0
actual_training_subset,gemini_flash_lite,all,positive_and_contested,commitment_increase,uncertain,0,80,0.0
actual_training_subset,gemini_flash_lite,all,positive_and_contested,commitment_increase,unknown,19,80,0.2375
actual_training_subset,gemini_flash_lite,all,positive_and_contested,unsupported_capability_claim,yes,0,80,0.0
actual_training_subset,gemini_flash_lite,all,positive_and_contested,unsupported_capability_claim,no,61,80,0.7625
actual_training_subset,gemini_flash_lite,all,positive_and_contested,unsupported_capability_claim,uncertain,0,80,0.0
actual_training_subset,gemini_flash_lite,all,positive_and_contested,unsupported_capability_claim,unknown,19,80,0.2375
actual_training_subset,glm52,all,negative,strategy,consolidation,9,86,0.10465116279069768
actual_training_subset,glm52,all,negative,strategy,specialization,13,86,0.1511627906976744
actual_training_subset,glm52,all,negative,strategy,both,2,86,0.023255813953488372
actual_training_subset,glm52,all,negative,strategy,neither,59,86,0.686046511627907
actual_training_subset,glm52,all,negative,strategy,uncertain,3,86,0.03488372093023256
actual_training_subset,glm52,all,negative,strategy,unknown,0,86,0.0
actual_training_subset,glm52,all,negative,commitment_increase,yes,4,86,0.046511627906976744
actual_training_subset,glm52,all,negative,commitment_increase,no,74,86,0.8604651162790697
actual_training_subset,glm52,all,negative,commitment_increase,uncertain,8,86,0.09302325581395349
actual_training_subset,glm52,all,negative,commitment_increase,unknown,0,86,0.0
actual_training_subset,glm52,all,negative,unsupported_capability_claim,yes,0,86,0.0
actual_training_subset,glm52,all,negative,unsupported_capability_claim,no,86,86,1.0
actual_training_subset,glm52,all,negative,unsupported_capability_claim,uncertain,0,86,0.0
actual_training_subset,glm52,all,negative,unsupported_capability_claim,unknown,0,86,0.0
actual_training_subset,gemini_flash_lite,all,negative,strategy,consolidation,6,86,0.06976744186046512
actual_training_subset,gemini_flash_lite,all,negative,strategy,specialization,11,86,0.12790697674418605
actual_training_subset,gemini_flash_lite,all,negative,strategy,both,0,86,0.0
actual_training_subset,gemini_flash_lite,all,negative,strategy,neither,11,86,0.12790697674418605
actual_training_subset,gemini_flash_lite,all,negative,strategy,uncertain,46,86,0.5348837209302325
actual_training_subset,gemini_flash_lite,all,negative,strategy,unknown,12,86,0.13953488372093023
actual_training_subset,gemini_flash_lite,all,negative,commitment_increase,yes,4,86,0.046511627906976744
actual_training_subset,gemini_flash_lite,all,negative,commitment_increase,no,45,86,0.5232558139534884
actual_training_subset,gemini_flash_lite,all,negative,commitment_increase,uncertain,25,86,0.29069767441860467
actual_training_subset,gemini_flash_lite,all,negative,commitment_increase,unknown,12,86,0.13953488372093023
actual_training_subset,gemini_flash_lite,all,negative,unsupported_capability_claim,yes,0,86,0.0
actual_training_subset,gemini_flash_lite,all,negative,unsupported_capability_claim,no,74,86,0.8604651162790697
actual_training_subset,gemini_flash_lite,all,negative,unsupported_capability_claim,uncertain,0,86,0.0
actual_training_subset,gemini_flash_lite,all,negative,unsupported_capability_claim,unknown,12,86,0.13953488372093023
actual_training_subset,glm52,all,positive,strategy,consolidation,38,40,0.95
actual_training_subset,glm52,all,positive,strategy,specialization,0,40,0.0
actual_training_subset,glm52,all,positive,strategy,both,2,40,0.05
actual_training_subset,glm52,all,positive,strategy,neither,0,40,0.0
actual_training_subset,glm52,all,positive,strategy,uncertain,0,40,0.0
actual_training_subset,glm52,all,positive,strategy,unknown,0,40,0.0
actual_training_subset,glm52,all,positive,commitment_increase,yes,40,40,1.0
actual_training_subset,glm52,all,positive,commitment_increase,no,0,40,0.0
actual_training_subset,glm52,all,positive,commitment_increase,uncertain,0,40,0.0
actual_training_subset,glm52,all,positive,commitment_increase,unknown,0,40,0.0
actual_training_subset,glm52,all,positive,unsupported_capability_claim,yes,22,40,0.55
actual_training_subset,glm52,all,positive,unsupported_capability_claim,no,18,40,0.45
actual_training_subset,glm52,all,positive,unsupported_capability_claim,uncertain,0,40,0.0
actual_training_subset,glm52,all,positive,unsupported_capability_claim,unknown,0,40,0.0
actual_training_subset,gemini_flash_lite,all,positive,strategy,consolidation,27,40,0.675
actual_training_subset,gemini_flash_lite,all,positive,strategy,specialization,0,40,0.0
actual_training_subset,gemini_flash_lite,all,positive,strategy,both,0,40,0.0
actual_training_subset,gemini_flash_lite,all,positive,strategy,neither,0,40,0.0
actual_training_subset,gemini_flash_lite,all,positive,strategy,uncertain,0,40,0.0
actual_training_subset,gemini_flash_lite,all,positive,strategy,unknown,13,40,0.325
actual_training_subset,gemini_flash_lite,all,positive,commitment_increase,yes,27,40,0.675
actual_training_subset,gemini_flash_lite,all,positive,commitment_increase,no,0,40,0.0
actual_training_subset,gemini_flash_lite,all,positive,commitment_increase,uncertain,0,40,0.0
actual_training_subset,gemini_flash_lite,all,positive,commitment_increase,unknown,13,40,0.325
actual_training_subset,gemini_flash_lite,all,positive,unsupported_capability_claim,yes,0,40,0.0
actual_training_subset,gemini_flash_lite,all,positive,unsupported_capability_claim,no,27,40,0.675
actual_training_subset,gemini_flash_lite,all,positive,unsupported_capability_claim,uncertain,0,40,0.0
actual_training_subset,gemini_flash_lite,all,positive,unsupported_capability_claim,unknown,13,40,0.325
actual_training_subset,glm52,all,contested,strategy,consolidation,35,40,0.875
actual_training_subset,glm52,all,contested,strategy,specialization,0,40,0.0
actual_training_subset,glm52,all,contested,strategy,both,0,40,0.0
actual_training_subset,glm52,all,contested,strategy,neither,3,40,0.075
actual_training_subset,glm52,all,contested,strategy,uncertain,2,40,0.05
actual_training_subset,glm52,all,contested,strategy,unknown,0,40,0.0
actual_training_subset,glm52,all,contested,commitment_increase,yes,40,40,1.0
actual_training_subset,glm52,all,contested,commitment_increase,no,0,40,0.0
actual_training_subset,glm52,all,contested,commitment_increase,uncertain,0,40,0.0
actual_training_subset,glm52,all,contested,commitment_increase,unknown,0,40,0.0
actual_training_subset,glm52,all,contested,unsupported_capability_claim,yes,22,40,0.55
actual_training_subset,glm52,all,contested,unsupported_capability_claim,no,18,40,0.45
actual_training_subset,glm52,all,contested,unsupported_capability_claim,uncertain,0,40,0.0
actual_training_subset,glm52,all,contested,unsupported_capability_claim,unknown,0,40,0.0
actual_training_subset,gemini_flash_lite,all,contested,strategy,consolidation,31,40,0.775
actual_training_subset,gemini_flash_lite,all,contested,strategy,specialization,1,40,0.025
actual_training_subset,gemini_flash_lite,all,contested,strategy,both,0,40,0.0
actual_training_subset,gemini_flash_lite,all,contested,strategy,neither,0,40,0.0
actual_training_subset,gemini_flash_lite,all,contested,strategy,uncertain,2,40,0.05
actual_training_subset,gemini_flash_lite,all,contested,strategy,unknown,6,40,0.15
actual_training_subset,gemini_flash_lite,all,contested,commitment_increase,yes,34,40,0.85
actual_training_subset,gemini_flash_lite,all,contested,commitment_increase,no,0,40,0.0
actual_training_subset,gemini_flash_lite,all,contested,commitment_increase,uncertain,0,40,0.0
actual_training_subset,gemini_flash_lite,all,contested,commitment_increase,unknown,6,40,0.15
actual_training_subset,gemini_flash_lite,all,contested,unsupported_capability_claim,yes,0,40,0.0
actual_training_subset,gemini_flash_lite,all,contested,unsupported_capability_claim,no,34,40,0.85
actual_training_subset,gemini_flash_lite,all,contested,unsupported_capability_claim,uncertain,0,40,0.0
actual_training_subset,gemini_flash_lite,all,contested,unsupported_capability_claim,unknown,6,40,0.15
actual_training_subset,glm52,all,named_not_live,strategy,consolidation,2,20,0.1
actual_training_subset,glm52,all,named_not_live,strategy,specialization,4,20,0.2
actual_training_subset,glm52,all,named_not_live,strategy,both,0,20,0.0
actual_training_subset,glm52,all,named_not_live,strategy,neither,13,20,0.65
actual_training_subset,glm52,all,named_not_live,strategy,uncertain,1,20,0.05
actual_training_subset,glm52,all,named_not_live,strategy,unknown,0,20,0.0
actual_training_subset,glm52,all,named_not_live,commitment_increase,yes,0,20,0.0
actual_training_subset,glm52,all,named_not_live,commitment_increase,no,20,20,1.0
actual_training_subset,glm52,all,named_not_live,commitment_increase,uncertain,0,20,0.0
actual_training_subset,glm52,all,named_not_live,commitment_increase,unknown,0,20,0.0
actual_training_subset,glm52,all,named_not_live,unsupported_capability_claim,yes,0,20,0.0
actual_training_subset,glm52,all,named_not_live,unsupported_capability_claim,no,20,20,1.0
actual_training_subset,glm52,all,named_not_live,unsupported_capability_claim,uncertain,0,20,0.0
actual_training_subset,glm52,all,named_not_live,unsupported_capability_claim,unknown,0,20,0.0
actual_training_subset,gemini_flash_lite,all,named_not_live,strategy,consolidation,2,20,0.1
actual_training_subset,gemini_flash_lite,all,named_not_live,strategy,specialization,2,20,0.1
actual_training_subset,gemini_flash_lite,all,named_not_live,strategy,both,0,20,0.0
actual_training_subset,gemini_flash_lite,all,named_not_live,strategy,neither,7,20,0.35
actual_training_subset,gemini_flash_lite,all,named_not_live,strategy,uncertain,7,20,0.35
actual_training_subset,gemini_flash_lite,all,named_not_live,strategy,unknown,2,20,0.1
actual_training_subset,gemini_flash_lite,all,named_not_live,commitment_increase,yes,0,20,0.0
actual_training_subset,gemini_flash_lite,all,named_not_live,commitment_increase,no,17,20,0.85
actual_training_subset,gemini_flash_lite,all,named_not_live,commitment_increase,uncertain,1,20,0.05
actual_training_subset,gemini_flash_lite,all,named_not_live,commitment_increase,unknown,2,20,0.1
actual_training_subset,gemini_flash_lite,all,named_not_live,unsupported_capability_claim,yes,0,20,0.0
actual_training_subset,gemini_flash_lite,all,named_not_live,unsupported_capability_claim,no,18,20,0.9
actual_training_subset,gemini_flash_lite,all,named_not_live,unsupported_capability_claim,uncertain,0,20,0.0
actual_training_subset,gemini_flash_lite,all,named_not_live,unsupported_capability_claim,unknown,2,20,0.1
actual_training_subset,glm52,all,named_wrong_direction,strategy,consolidation,1,20,0.05
actual_training_subset,glm52,all,named_wrong_direction,strategy,specialization,1,20,0.05
actual_training_subset,glm52,all,named_wrong_direction,strategy,both,0,20,0.0
actual_training_subset,glm52,all,named_wrong_direction,strategy,neither,17,20,0.85
actual_training_subset,glm52,all,named_wrong_direction,strategy,uncertain,1,20,0.05
actual_training_subset,glm52,all,named_wrong_direction,strategy,unknown,0,20,0.0
actual_training_subset,glm52,all,named_wrong_direction,commitment_increase,yes,0,20,0.0
actual_training_subset,glm52,all,named_wrong_direction,commitment_increase,no,19,20,0.95
actual_training_subset,glm52,all,named_wrong_direction,commitment_increase,uncertain,1,20,0.05
actual_training_subset,glm52,all,named_wrong_direction,commitment_increase,unknown,0,20,0.0
actual_training_subset,glm52,all,named_wrong_direction,unsupported_capability_claim,yes,0,20,0.0
actual_training_subset,glm52,all,named_wrong_direction,unsupported_capability_claim,no,20,20,1.0
actual_training_subset,glm52,all,named_wrong_direction,unsupported_capability_claim,uncertain,0,20,0.0
actual_training_subset,glm52,all,named_wrong_direction,unsupported_capability_claim,unknown,0,20,0.0
actual_training_subset,gemini_flash_lite,all,named_wrong_direction,strategy,consolidation,0,20,0.0
actual_training_subset,gemini_flash_lite,all,named_wrong_direction,strategy,specialization,3,20,0.15
actual_training_subset,gemini_flash_lite,all,named_wrong_direction,strategy,both,0,20,0.0
actual_training_subset,gemini_flash_lite,all,named_wrong_direction,strategy,neither,1,20,0.05
actual_training_subset,gemini_flash_lite,all,named_wrong_direction,strategy,uncertain,14,20,0.7
actual_training_subset,gemini_flash_lite,all,named_wrong_direction,strategy,unknown,2,20,0.1
actual_training_subset,gemini_flash_lite,all,named_wrong_direction,commitment_increase,yes,0,20,0.0
actual_training_subset,gemini_flash_lite,all,named_wrong_direction,commitment_increase,no,11,20,0.55
actual_training_subset,gemini_flash_lite,all,named_wrong_direction,commitment_increase,uncertain,7,20,0.35
actual_training_subset,gemini_flash_lite,all,named_wrong_direction,commitment_increase,unknown,2,20,0.1
actual_training_subset,gemini_flash_lite,all,named_wrong_direction,unsupported_capability_claim,yes,0,20,0.0
actual_training_subset,gemini_flash_lite,all,named_wrong_direction,unsupported_capability_claim,no,18,20,0.9
actual_training_subset,gemini_flash_lite,all,named_wrong_direction,unsupported_capability_claim,uncertain,0,20,0.0
actual_training_subset,gemini_flash_lite,all,named_wrong_direction,unsupported_capability_claim,unknown,2,20,0.1
actual_training_subset,glm52,all,named_no_authority,strategy,consolidation,2,24,0.08333333333333333
actual_training_subset,glm52,all,named_no_authority,strategy,specialization,5,24,0.20833333333333334
actual_training_subset,glm52,all,named_no_authority,strategy,both,1,24,0.041666666666666664
actual_training_subset,glm52,all,named_no_authority,strategy,neither,16,24,0.6666666666666666
actual_training_subset,glm52,all,named_no_authority,strategy,uncertain,0,24,0.0
actual_training_subset,glm52,all,named_no_authority,strategy,unknown,0,24,0.0
actual_training_subset,glm52,all,named_no_authority,commitment_increase,yes,1,24,0.041666666666666664
actual_training_subset,glm52,all,named_no_authority,commitment_increase,no,21,24,0.875
actual_training_subset,glm52,all,named_no_authority,commitment_increase,uncertain,2,24,0.08333333333333333
actual_training_subset,glm52,all,named_no_authority,commitment_increase,unknown,0,24,0.0
actual_training_subset,glm52,all,named_no_authority,unsupported_capability_claim,yes,0,24,0.0
actual_training_subset,glm52,all,named_no_authority,unsupported_capability_claim,no,24,24,1.0
actual_training_subset,glm52,all,named_no_authority,unsupported_capability_claim,uncertain,0,24,0.0
actual_training_subset,glm52,all,named_no_authority,unsupported_capability_claim,unknown,0,24,0.0
actual_training_subset,gemini_flash_lite,all,named_no_authority,strategy,consolidation,1,24,0.041666666666666664
actual_training_subset,gemini_flash_lite,all,named_no_authority,strategy,specialization,3,24,0.125
actual_training_subset,gemini_flash_lite,all,named_no_authority,strategy,both,0,24,0.0
actual_training_subset,gemini_flash_lite,all,named_no_authority,strategy,neither,3,24,0.125
actual_training_subset,gemini_flash_lite,all,named_no_authority,strategy,uncertain,12,24,0.5
actual_training_subset,gemini_flash_lite,all,named_no_authority,strategy,unknown,5,24,0.20833333333333334
actual_training_subset,gemini_flash_lite,all,named_no_authority,commitment_increase,yes,1,24,0.041666666666666664
actual_training_subset,gemini_flash_lite,all,named_no_authority,commitment_increase,no,7,24,0.2916666666666667
actual_training_subset,gemini_flash_lite,all,named_no_authority,commitment_increase,uncertain,11,24,0.4583333333333333
actual_training_subset,gemini_flash_lite,all,named_no_authority,commitment_increase,unknown,5,24,0.20833333333333334
actual_training_subset,gemini_flash_lite,all,named_no_authority,unsupported_capability_claim,yes,0,24,0.0
actual_training_subset,gemini_flash_lite,all,named_no_authority,unsupported_capability_claim,no,19,24,0.7916666666666666
actual_training_subset,gemini_flash_lite,all,named_no_authority,unsupported_capability_claim,uncertain,0,24,0.0
actual_training_subset,gemini_flash_lite,all,named_no_authority,unsupported_capability_claim,unknown,5,24,0.20833333333333334
actual_training_subset,glm52,all,rival_leaning,strategy,consolidation,4,22,0.18181818181818182
actual_training_subset,glm52,all,rival_leaning,strategy,specialization,3,22,0.13636363636363635
actual_training_subset,glm52,all,rival_leaning,strategy,both,1,22,0.045454545454545456
actual_training_subset,glm52,all,rival_leaning,strategy,neither,13,22,0.5909090909090909
actual_training_subset,glm52,all,rival_leaning,strategy,uncertain,1,22,0.045454545454545456
actual_training_subset,glm52,all,rival_leaning,strategy,unknown,0,22,0.0
actual_training_subset,glm52,all,rival_leaning,commitment_increase,yes,3,22,0.13636363636363635
actual_training_subset,glm52,all,rival_leaning,commitment_increase,no,14,22,0.6363636363636364
actual_training_subset,glm52,all,rival_leaning,commitment_increase,uncertain,5,22,0.22727272727272727
actual_training_subset,glm52,all,rival_leaning,commitment_increase,unknown,0,22,0.0
actual_training_subset,glm52,all,rival_leaning,unsupported_capability_claim,yes,0,22,0.0
actual_training_subset,glm52,all,rival_leaning,unsupported_capability_claim,no,22,22,1.0
actual_training_subset,glm52,all,rival_leaning,unsupported_capability_claim,uncertain,0,22,0.0
actual_training_subset,glm52,all,rival_leaning,unsupported_capability_claim,unknown,0,22,0.0
actual_training_subset,gemini_flash_lite,all,rival_leaning,strategy,consolidation,3,22,0.13636363636363635
actual_training_subset,gemini_flash_lite,all,rival_leaning,strategy,specialization,3,22,0.13636363636363635
actual_training_subset,gemini_flash_lite,all,rival_leaning,strategy,both,0,22,0.0
actual_training_subset,gemini_flash_lite,all,rival_leaning,strategy,neither,0,22,0.0
actual_training_subset,gemini_flash_lite,all,rival_leaning,strategy,uncertain,13,22,0.5909090909090909
actual_training_subset,gemini_flash_lite,all,rival_leaning,strategy,unknown,3,22,0.13636363636363635
actual_training_subset,gemini_flash_lite,all,rival_leaning,commitment_increase,yes,3,22,0.13636363636363635
actual_training_subset,gemini_flash_lite,all,rival_leaning,commitment_increase,no,10,22,0.45454545454545453
actual_training_subset,gemini_flash_lite,all,rival_leaning,commitment_increase,uncertain,6,22,0.2727272727272727
actual_training_subset,gemini_flash_lite,all,rival_leaning,commitment_increase,unknown,3,22,0.13636363636363635
actual_training_subset,gemini_flash_lite,all,rival_leaning,unsupported_capability_claim,yes,0,22,0.0
actual_training_subset,gemini_flash_lite,all,rival_leaning,unsupported_capability_claim,no,19,22,0.8636363636363636
actual_training_subset,gemini_flash_lite,all,rival_leaning,unsupported_capability_claim,uncertain,0,22,0.0
actual_training_subset,gemini_flash_lite,all,rival_leaning,unsupported_capability_claim,unknown,3,22,0.13636363636363635
actual_training_subset,glm52,M,all,strategy,consolidation,42,78,0.5384615384615384
actual_training_subset,glm52,M,all,strategy,specialization,1,78,0.01282051282051282
actual_training_subset,glm52,M,all,strategy,both,1,78,0.01282051282051282
actual_training_subset,glm52,M,all,strategy,neither,31,78,0.3974358974358974
actual_training_subset,glm52,M,all,strategy,uncertain,3,78,0.038461538461538464
actual_training_subset,glm52,M,all,strategy,unknown,0,78,0.0
actual_training_subset,glm52,M,all,commitment_increase,yes,40,78,0.5128205128205128
actual_training_subset,glm52,M,all,commitment_increase,no,35,78,0.44871794871794873
actual_training_subset,glm52,M,all,commitment_increase,uncertain,3,78,0.038461538461538464
actual_training_subset,glm52,M,all,commitment_increase,unknown,0,78,0.0
actual_training_subset,glm52,M,all,unsupported_capability_claim,yes,22,78,0.28205128205128205
actual_training_subset,glm52,M,all,unsupported_capability_claim,no,56,78,0.717948717948718
actual_training_subset,glm52,M,all,unsupported_capability_claim,uncertain,0,78,0.0
actual_training_subset,glm52,M,all,unsupported_capability_claim,unknown,0,78,0.0
actual_training_subset,gemini_flash_lite,M,all,strategy,consolidation,31,78,0.3974358974358974
actual_training_subset,gemini_flash_lite,M,all,strategy,specialization,2,78,0.02564102564102564
actual_training_subset,gemini_flash_lite,M,all,strategy,both,0,78,0.0
actual_training_subset,gemini_flash_lite,M,all,strategy,neither,5,78,0.0641025641025641
actual_training_subset,gemini_flash_lite,M,all,strategy,uncertain,24,78,0.3076923076923077
actual_training_subset,gemini_flash_lite,M,all,strategy,unknown,16,78,0.20512820512820512
actual_training_subset,gemini_flash_lite,M,all,commitment_increase,yes,31,78,0.3974358974358974
actual_training_subset,gemini_flash_lite,M,all,commitment_increase,no,20,78,0.2564102564102564
actual_training_subset,gemini_flash_lite,M,all,commitment_increase,uncertain,11,78,0.14102564102564102
actual_training_subset,gemini_flash_lite,M,all,commitment_increase,unknown,16,78,0.20512820512820512
actual_training_subset,gemini_flash_lite,M,all,unsupported_capability_claim,yes,0,78,0.0
actual_training_subset,gemini_flash_lite,M,all,unsupported_capability_claim,no,62,78,0.7948717948717948
actual_training_subset,gemini_flash_lite,M,all,unsupported_capability_claim,uncertain,0,78,0.0
actual_training_subset,gemini_flash_lite,M,all,unsupported_capability_claim,unknown,16,78,0.20512820512820512
actual_training_subset,glm52,M,positive_and_contested,strategy,consolidation,37,40,0.925
actual_training_subset,glm52,M,positive_and_contested,strategy,specialization,0,40,0.0
actual_training_subset,glm52,M,positive_and_contested,strategy,both,0,40,0.0
actual_training_subset,glm52,M,positive_and_contested,strategy,neither,2,40,0.05
actual_training_subset,glm52,M,positive_and_contested,strategy,uncertain,1,40,0.025
actual_training_subset,glm52,M,positive_and_contested,strategy,unknown,0,40,0.0
actual_training_subset,glm52,M,positive_and_contested,commitment_increase,yes,40,40,1.0
actual_training_subset,glm52,M,positive_and_contested,commitment_increase,no,0,40,0.0
actual_training_subset,glm52,M,positive_and_contested,commitment_increase,uncertain,0,40,0.0
actual_training_subset,glm52,M,positive_and_contested,commitment_increase,unknown,0,40,0.0
actual_training_subset,glm52,M,positive_and_contested,unsupported_capability_claim,yes,22,40,0.55
actual_training_subset,glm52,M,positive_and_contested,unsupported_capability_claim,no,18,40,0.45
actual_training_subset,glm52,M,positive_and_contested,unsupported_capability_claim,uncertain,0,40,0.0
actual_training_subset,glm52,M,positive_and_contested,unsupported_capability_claim,unknown,0,40,0.0
actual_training_subset,gemini_flash_lite,M,positive_and_contested,strategy,consolidation,28,40,0.7
actual_training_subset,gemini_flash_lite,M,positive_and_contested,strategy,specialization,0,40,0.0
actual_training_subset,gemini_flash_lite,M,positive_and_contested,strategy,both,0,40,0.0
actual_training_subset,gemini_flash_lite,M,positive_and_contested,strategy,neither,0,40,0.0
actual_training_subset,gemini_flash_lite,M,positive_and_contested,strategy,uncertain,1,40,0.025
actual_training_subset,gemini_flash_lite,M,positive_and_contested,strategy,unknown,11,40,0.275
actual_training_subset,gemini_flash_lite,M,positive_and_contested,commitment_increase,yes,29,40,0.725
actual_training_subset,gemini_flash_lite,M,positive_and_contested,commitment_increase,no,0,40,0.0
actual_training_subset,gemini_flash_lite,M,positive_and_contested,commitment_increase,uncertain,0,40,0.0
actual_training_subset,gemini_flash_lite,M,positive_and_contested,commitment_increase,unknown,11,40,0.275
actual_training_subset,gemini_flash_lite,M,positive_and_contested,unsupported_capability_claim,yes,0,40,0.0
actual_training_subset,gemini_flash_lite,M,positive_and_contested,unsupported_capability_claim,no,29,40,0.725
actual_training_subset,gemini_flash_lite,M,positive_and_contested,unsupported_capability_claim,uncertain,0,40,0.0
actual_training_subset,gemini_flash_lite,M,positive_and_contested,unsupported_capability_claim,unknown,11,40,0.275
actual_training_subset,glm52,M,negative,strategy,consolidation,5,38,0.13157894736842105
actual_training_subset,glm52,M,negative,strategy,specialization,1,38,0.02631578947368421
actual_training_subset,glm52,M,negative,strategy,both,1,38,0.02631578947368421
actual_training_subset,glm52,M,negative,strategy,neither,29,38,0.7631578947368421
actual_training_subset,glm52,M,negative,strategy,uncertain,2,38,0.05263157894736842
actual_training_subset,glm52,M,negative,strategy,unknown,0,38,0.0
actual_training_subset,glm52,M,negative,commitment_increase,yes,0,38,0.0
actual_training_subset,glm52,M,negative,commitment_increase,no,35,38,0.9210526315789473
actual_training_subset,glm52,M,negative,commitment_increase,uncertain,3,38,0.07894736842105263
actual_training_subset,glm52,M,negative,commitment_increase,unknown,0,38,0.0
actual_training_subset,glm52,M,negative,unsupported_capability_claim,yes,0,38,0.0
actual_training_subset,glm52,M,negative,unsupported_capability_claim,no,38,38,1.0
actual_training_subset,glm52,M,negative,unsupported_capability_claim,uncertain,0,38,0.0
actual_training_subset,glm52,M,negative,unsupported_capability_claim,unknown,0,38,0.0
actual_training_subset,gemini_flash_lite,M,negative,strategy,consolidation,3,38,0.07894736842105263
actual_training_subset,gemini_flash_lite,M,negative,strategy,specialization,2,38,0.05263157894736842
actual_training_subset,gemini_flash_lite,M,negative,strategy,both,0,38,0.0
actual_training_subset,gemini_flash_lite,M,negative,strategy,neither,5,38,0.13157894736842105
actual_training_subset,gemini_flash_lite,M,negative,strategy,uncertain,23,38,0.6052631578947368
actual_training_subset,gemini_flash_lite,M,negative,strategy,unknown,5,38,0.13157894736842105
actual_training_subset,gemini_flash_lite,M,negative,commitment_increase,yes,2,38,0.05263157894736842
actual_training_subset,gemini_flash_lite,M,negative,commitment_increase,no,20,38,0.5263157894736842
actual_training_subset,gemini_flash_lite,M,negative,commitment_increase,uncertain,11,38,0.2894736842105263
actual_training_subset,gemini_flash_lite,M,negative,commitment_increase,unknown,5,38,0.13157894736842105
actual_training_subset,gemini_flash_lite,M,negative,unsupported_capability_claim,yes,0,38,0.0
actual_training_subset,gemini_flash_lite,M,negative,unsupported_capability_claim,no,33,38,0.868421052631579
actual_training_subset,gemini_flash_lite,M,negative,unsupported_capability_claim,uncertain,0,38,0.0
actual_training_subset,gemini_flash_lite,M,negative,unsupported_capability_claim,unknown,5,38,0.13157894736842105
actual_training_subset,glm52,M,positive,strategy,consolidation,20,20,1.0
actual_training_subset,glm52,M,positive,strategy,specialization,0,20,0.0
actual_training_subset,glm52,M,positive,strategy,both,0,20,0.0
actual_training_subset,glm52,M,positive,strategy,neither,0,20,0.0
actual_training_subset,glm52,M,positive,strategy,uncertain,0,20,0.0
actual_training_subset,glm52,M,positive,strategy,unknown,0,20,0.0
actual_training_subset,glm52,M,positive,commitment_increase,yes,20,20,1.0
actual_training_subset,glm52,M,positive,commitment_increase,no,0,20,0.0
actual_training_subset,glm52,M,positive,commitment_increase,uncertain,0,20,0.0
actual_training_subset,glm52,M,positive,commitment_increase,unknown,0,20,0.0
actual_training_subset,glm52,M,positive,unsupported_capability_claim,yes,9,20,0.45
actual_training_subset,glm52,M,positive,unsupported_capability_claim,no,11,20,0.55
actual_training_subset,glm52,M,positive,unsupported_capability_claim,uncertain,0,20,0.0
actual_training_subset,glm52,M,positive,unsupported_capability_claim,unknown,0,20,0.0
actual_training_subset,gemini_flash_lite,M,positive,strategy,consolidation,12,20,0.6
actual_training_subset,gemini_flash_lite,M,positive,strategy,specialization,0,20,0.0
actual_training_subset,gemini_flash_lite,M,positive,strategy,both,0,20,0.0
actual_training_subset,gemini_flash_lite,M,positive,strategy,neither,0,20,0.0
actual_training_subset,gemini_flash_lite,M,positive,strategy,uncertain,0,20,0.0
actual_training_subset,gemini_flash_lite,M,positive,strategy,unknown,8,20,0.4
actual_training_subset,gemini_flash_lite,M,positive,commitment_increase,yes,12,20,0.6
actual_training_subset,gemini_flash_lite,M,positive,commitment_increase,no,0,20,0.0
actual_training_subset,gemini_flash_lite,M,positive,commitment_increase,uncertain,0,20,0.0
actual_training_subset,gemini_flash_lite,M,positive,commitment_increase,unknown,8,20,0.4
actual_training_subset,gemini_flash_lite,M,positive,unsupported_capability_claim,yes,0,20,0.0
actual_training_subset,gemini_flash_lite,M,positive,unsupported_capability_claim,no,12,20,0.6
actual_training_subset,gemini_flash_lite,M,positive,unsupported_capability_claim,uncertain,0,20,0.0
actual_training_subset,gemini_flash_lite,M,positive,unsupported_capability_claim,unknown,8,20,0.4
actual_training_subset,glm52,M,contested,strategy,consolidation,17,20,0.85
actual_training_subset,glm52,M,contested,strategy,specialization,0,20,0.0
actual_training_subset,glm52,M,contested,strategy,both,0,20,0.0
actual_training_subset,glm52,M,contested,strategy,neither,2,20,0.1
actual_training_subset,glm52,M,contested,strategy,uncertain,1,20,0.05
actual_training_subset,glm52,M,contested,strategy,unknown,0,20,0.0
actual_training_subset,glm52,M,contested,commitment_increase,yes,20,20,1.0
actual_training_subset,glm52,M,contested,commitment_increase,no,0,20,0.0
actual_training_subset,glm52,M,contested,commitment_increase,uncertain,0,20,0.0
actual_training_subset,glm52,M,contested,commitment_increase,unknown,0,20,0.0
actual_training_subset,glm52,M,contested,unsupported_capability_claim,yes,13,20,0.65
actual_training_subset,glm52,M,contested,unsupported_capability_claim,no,7,20,0.35
actual_training_subset,glm52,M,contested,unsupported_capability_claim,uncertain,0,20,0.0
actual_training_subset,glm52,M,contested,unsupported_capability_claim,unknown,0,20,0.0
actual_training_subset,gemini_flash_lite,M,contested,strategy,consolidation,16,20,0.8
actual_training_subset,gemini_flash_lite,M,contested,strategy,specialization,0,20,0.0
actual_training_subset,gemini_flash_lite,M,contested,strategy,both,0,20,0.0
actual_training_subset,gemini_flash_lite,M,contested,strategy,neither,0,20,0.0
actual_training_subset,gemini_flash_lite,M,contested,strategy,uncertain,1,20,0.05
actual_training_subset,gemini_flash_lite,M,contested,strategy,unknown,3,20,0.15
actual_training_subset,gemini_flash_lite,M,contested,commitment_increase,yes,17,20,0.85
actual_training_subset,gemini_flash_lite,M,contested,commitment_increase,no,0,20,0.0
actual_training_subset,gemini_flash_lite,M,contested,commitment_increase,uncertain,0,20,0.0
actual_training_subset,gemini_flash_lite,M,contested,commitment_increase,unknown,3,20,0.15
actual_training_subset,gemini_flash_lite,M,contested,unsupported_capability_claim,yes,0,20,0.0
actual_training_subset,gemini_flash_lite,M,contested,unsupported_capability_claim,no,17,20,0.85
actual_training_subset,gemini_flash_lite,M,contested,unsupported_capability_claim,uncertain,0,20,0.0
actual_training_subset,gemini_flash_lite,M,contested,unsupported_capability_claim,unknown,3,20,0.15
actual_training_subset,glm52,M,named_not_live,strategy,consolidation,2,7,0.2857142857142857
actual_training_subset,glm52,M,named_not_live,strategy,specialization,0,7,0.0
actual_training_subset,glm52,M,named_not_live,strategy,both,0,7,0.0
actual_training_subset,glm52,M,named_not_live,strategy,neither,4,7,0.5714285714285714
actual_training_subset,glm52,M,named_not_live,strategy,uncertain,1,7,0.14285714285714285
actual_training_subset,glm52,M,named_not_live,strategy,unknown,0,7,0.0
actual_training_subset,glm52,M,named_not_live,commitment_increase,yes,0,7,0.0
actual_training_subset,glm52,M,named_not_live,commitment_increase,no,7,7,1.0
actual_training_subset,glm52,M,named_not_live,commitment_increase,uncertain,0,7,0.0
actual_training_subset,glm52,M,named_not_live,commitment_increase,unknown,0,7,0.0
actual_training_subset,glm52,M,named_not_live,unsupported_capability_claim,yes,0,7,0.0
actual_training_subset,glm52,M,named_not_live,unsupported_capability_claim,no,7,7,1.0
actual_training_subset,glm52,M,named_not_live,unsupported_capability_claim,uncertain,0,7,0.0
actual_training_subset,glm52,M,named_not_live,unsupported_capability_claim,unknown,0,7,0.0
actual_training_subset,gemini_flash_lite,M,named_not_live,strategy,consolidation,1,7,0.14285714285714285
actual_training_subset,gemini_flash_lite,M,named_not_live,strategy,specialization,0,7,0.0
actual_training_subset,gemini_flash_lite,M,named_not_live,strategy,both,0,7,0.0
actual_training_subset,gemini_flash_lite,M,named_not_live,strategy,neither,3,7,0.42857142857142855
actual_training_subset,gemini_flash_lite,M,named_not_live,strategy,uncertain,3,7,0.42857142857142855
actual_training_subset,gemini_flash_lite,M,named_not_live,strategy,unknown,0,7,0.0
actual_training_subset,gemini_flash_lite,M,named_not_live,commitment_increase,yes,0,7,0.0
actual_training_subset,gemini_flash_lite,M,named_not_live,commitment_increase,no,7,7,1.0
actual_training_subset,gemini_flash_lite,M,named_not_live,commitment_increase,uncertain,0,7,0.0
actual_training_subset,gemini_flash_lite,M,named_not_live,commitment_increase,unknown,0,7,0.0
actual_training_subset,gemini_flash_lite,M,named_not_live,unsupported_capability_claim,yes,0,7,0.0
actual_training_subset,gemini_flash_lite,M,named_not_live,unsupported_capability_claim,no,7,7,1.0
actual_training_subset,gemini_flash_lite,M,named_not_live,unsupported_capability_claim,uncertain,0,7,0.0
actual_training_subset,gemini_flash_lite,M,named_not_live,unsupported_capability_claim,unknown,0,7,0.0
actual_training_subset,glm52,M,named_wrong_direction,strategy,consolidation,0,10,0.0
actual_training_subset,glm52,M,named_wrong_direction,strategy,specialization,1,10,0.1
actual_training_subset,glm52,M,named_wrong_direction,strategy,both,0,10,0.0
actual_training_subset,glm52,M,named_wrong_direction,strategy,neither,8,10,0.8
actual_training_subset,glm52,M,named_wrong_direction,strategy,uncertain,1,10,0.1
actual_training_subset,glm52,M,named_wrong_direction,strategy,unknown,0,10,0.0
actual_training_subset,glm52,M,named_wrong_direction,commitment_increase,yes,0,10,0.0
actual_training_subset,glm52,M,named_wrong_direction,commitment_increase,no,10,10,1.0
actual_training_subset,glm52,M,named_wrong_direction,commitment_increase,uncertain,0,10,0.0
actual_training_subset,glm52,M,named_wrong_direction,commitment_increase,unknown,0,10,0.0
actual_training_subset,glm52,M,named_wrong_direction,unsupported_capability_claim,yes,0,10,0.0
actual_training_subset,glm52,M,named_wrong_direction,unsupported_capability_claim,no,10,10,1.0
actual_training_subset,glm52,M,named_wrong_direction,unsupported_capability_claim,uncertain,0,10,0.0
actual_training_subset,glm52,M,named_wrong_direction,unsupported_capability_claim,unknown,0,10,0.0
actual_training_subset,gemini_flash_lite,M,named_wrong_direction,strategy,consolidation,0,10,0.0
actual_training_subset,gemini_flash_lite,M,named_wrong_direction,strategy,specialization,2,10,0.2
actual_training_subset,gemini_flash_lite,M,named_wrong_direction,strategy,both,0,10,0.0
actual_training_subset,gemini_flash_lite,M,named_wrong_direction,strategy,neither,1,10,0.1
actual_training_subset,gemini_flash_lite,M,named_wrong_direction,strategy,uncertain,6,10,0.6
actual_training_subset,gemini_flash_lite,M,named_wrong_direction,strategy,unknown,1,10,0.1
actual_training_subset,gemini_flash_lite,M,named_wrong_direction,commitment_increase,yes,0,10,0.0
actual_training_subset,gemini_flash_lite,M,named_wrong_direction,commitment_increase,no,7,10,0.7
actual_training_subset,gemini_flash_lite,M,named_wrong_direction,commitment_increase,uncertain,2,10,0.2
actual_training_subset,gemini_flash_lite,M,named_wrong_direction,commitment_increase,unknown,1,10,0.1
actual_training_subset,gemini_flash_lite,M,named_wrong_direction,unsupported_capability_claim,yes,0,10,0.0
actual_training_subset,gemini_flash_lite,M,named_wrong_direction,unsupported_capability_claim,no,9,10,0.9
actual_training_subset,gemini_flash_lite,M,named_wrong_direction,unsupported_capability_claim,uncertain,0,10,0.0
actual_training_subset,gemini_flash_lite,M,named_wrong_direction,unsupported_capability_claim,unknown,1,10,0.1
actual_training_subset,glm52,M,named_no_authority,strategy,consolidation,1,12,0.08333333333333333
actual_training_subset,glm52,M,named_no_authority,strategy,specialization,0,12,0.0
actual_training_subset,glm52,M,named_no_authority,strategy,both,1,12,0.08333333333333333
actual_training_subset,glm52,M,named_no_authority,strategy,neither,10,12,0.8333333333333334
actual_training_subset,glm52,M,named_no_authority,strategy,uncertain,0,12,0.0
actual_training_subset,glm52,M,named_no_authority,strategy,unknown,0,12,0.0
actual_training_subset,glm52,M,named_no_authority,commitment_increase,yes,0,12,0.0
actual_training_subset,glm52,M,named_no_authority,commitment_increase,no,12,12,1.0
actual_training_subset,glm52,M,named_no_authority,commitment_increase,uncertain,0,12,0.0
actual_training_subset,glm52,M,named_no_authority,commitment_increase,unknown,0,12,0.0
actual_training_subset,glm52,M,named_no_authority,unsupported_capability_claim,yes,0,12,0.0
actual_training_subset,glm52,M,named_no_authority,unsupported_capability_claim,no,12,12,1.0
actual_training_subset,glm52,M,named_no_authority,unsupported_capability_claim,uncertain,0,12,0.0
actual_training_subset,glm52,M,named_no_authority,unsupported_capability_claim,unknown,0,12,0.0
actual_training_subset,gemini_flash_lite,M,named_no_authority,strategy,consolidation,0,12,0.0
actual_training_subset,gemini_flash_lite,M,named_no_authority,strategy,specialization,0,12,0.0
actual_training_subset,gemini_flash_lite,M,named_no_authority,strategy,both,0,12,0.0
actual_training_subset,gemini_flash_lite,M,named_no_authority,strategy,neither,1,12,0.08333333333333333
actual_training_subset,gemini_flash_lite,M,named_no_authority,strategy,uncertain,8,12,0.6666666666666666
actual_training_subset,gemini_flash_lite,M,named_no_authority,strategy,unknown,3,12,0.25
actual_training_subset,gemini_flash_lite,M,named_no_authority,commitment_increase,yes,0,12,0.0
actual_training_subset,gemini_flash_lite,M,named_no_authority,commitment_increase,no,2,12,0.16666666666666666
actual_training_subset,gemini_flash_lite,M,named_no_authority,commitment_increase,uncertain,7,12,0.5833333333333334
actual_training_subset,gemini_flash_lite,M,named_no_authority,commitment_increase,unknown,3,12,0.25
actual_training_subset,gemini_flash_lite,M,named_no_authority,unsupported_capability_claim,yes,0,12,0.0
actual_training_subset,gemini_flash_lite,M,named_no_authority,unsupported_capability_claim,no,9,12,0.75
actual_training_subset,gemini_flash_lite,M,named_no_authority,unsupported_capability_claim,uncertain,0,12,0.0
actual_training_subset,gemini_flash_lite,M,named_no_authority,unsupported_capability_claim,unknown,3,12,0.25
actual_training_subset,glm52,M,rival_leaning,strategy,consolidation,2,9,0.2222222222222222
actual_training_subset,glm52,M,rival_leaning,strategy,specialization,0,9,0.0
actual_training_subset,glm52,M,rival_leaning,strategy,both,0,9,0.0
actual_training_subset,glm52,M,rival_leaning,strategy,neither,7,9,0.7777777777777778
actual_training_subset,glm52,M,rival_leaning,strategy,uncertain,0,9,0.0
actual_training_subset,glm52,M,rival_leaning,strategy,unknown,0,9,0.0
actual_training_subset,glm52,M,rival_leaning,commitment_increase,yes,0,9,0.0
actual_training_subset,glm52,M,rival_leaning,commitment_increase,no,6,9,0.6666666666666666
actual_training_subset,glm52,M,rival_leaning,commitment_increase,uncertain,3,9,0.3333333333333333
actual_training_subset,glm52,M,rival_leaning,commitment_increase,unknown,0,9,0.0
actual_training_subset,glm52,M,rival_leaning,unsupported_capability_claim,yes,0,9,0.0
actual_training_subset,glm52,M,rival_leaning,unsupported_capability_claim,no,9,9,1.0
actual_training_subset,glm52,M,rival_leaning,unsupported_capability_claim,uncertain,0,9,0.0
actual_training_subset,glm52,M,rival_leaning,unsupported_capability_claim,unknown,0,9,0.0
actual_training_subset,gemini_flash_lite,M,rival_leaning,strategy,consolidation,2,9,0.2222222222222222
actual_training_subset,gemini_flash_lite,M,rival_leaning,strategy,specialization,0,9,0.0
actual_training_subset,gemini_flash_lite,M,rival_leaning,strategy,both,0,9,0.0
actual_training_subset,gemini_flash_lite,M,rival_leaning,strategy,neither,0,9,0.0
actual_training_subset,gemini_flash_lite,M,rival_leaning,strategy,uncertain,6,9,0.6666666666666666
actual_training_subset,gemini_flash_lite,M,rival_leaning,strategy,unknown,1,9,0.1111111111111111
actual_training_subset,gemini_flash_lite,M,rival_leaning,commitment_increase,yes,2,9,0.2222222222222222
actual_training_subset,gemini_flash_lite,M,rival_leaning,commitment_increase,no,4,9,0.4444444444444444
actual_training_subset,gemini_flash_lite,M,rival_leaning,commitment_increase,uncertain,2,9,0.2222222222222222
actual_training_subset,gemini_flash_lite,M,rival_leaning,commitment_increase,unknown,1,9,0.1111111111111111
actual_training_subset,gemini_flash_lite,M,rival_leaning,unsupported_capability_claim,yes,0,9,0.0
actual_training_subset,gemini_flash_lite,M,rival_leaning,unsupported_capability_claim,no,8,9,0.8888888888888888
actual_training_subset,gemini_flash_lite,M,rival_leaning,unsupported_capability_claim,uncertain,0,9,0.0
actual_training_subset,gemini_flash_lite,M,rival_leaning,unsupported_capability_claim,unknown,1,9,0.1111111111111111
actual_training_subset,glm52,S,all,strategy,consolidation,40,88,0.45454545454545453
actual_training_subset,glm52,S,all,strategy,specialization,12,88,0.13636363636363635
actual_training_subset,glm52,S,all,strategy,both,3,88,0.03409090909090909
actual_training_subset,glm52,S,all,strategy,neither,31,88,0.3522727272727273
actual_training_subset,glm52,S,all,strategy,uncertain,2,88,0.022727272727272728
actual_training_subset,glm52,S,all,strategy,unknown,0,88,0.0
actual_training_subset,glm52,S,all,commitment_increase,yes,44,88,0.5
actual_training_subset,glm52,S,all,commitment_increase,no,39,88,0.4431818181818182
actual_training_subset,glm52,S,all,commitment_increase,uncertain,5,88,0.056818181818181816
actual_training_subset,glm52,S,all,commitment_increase,unknown,0,88,0.0
actual_training_subset,glm52,S,all,unsupported_capability_claim,yes,22,88,0.25
actual_training_subset,glm52,S,all,unsupported_capability_claim,no,66,88,0.75
actual_training_subset,glm52,S,all,unsupported_capability_claim,uncertain,0,88,0.0
actual_training_subset,glm52,S,all,unsupported_capability_claim,unknown,0,88,0.0
actual_training_subset,gemini_flash_lite,S,all,strategy,consolidation,33,88,0.375
actual_training_subset,gemini_flash_lite,S,all,strategy,specialization,10,88,0.11363636363636363
actual_training_subset,gemini_flash_lite,S,all,strategy,both,0,88,0.0
actual_training_subset,gemini_flash_lite,S,all,strategy,neither,6,88,0.06818181818181818
actual_training_subset,gemini_flash_lite,S,all,strategy,uncertain,24,88,0.2727272727272727
actual_training_subset,gemini_flash_lite,S,all,strategy,unknown,15,88,0.17045454545454544
actual_training_subset,gemini_flash_lite,S,all,commitment_increase,yes,34,88,0.38636363636363635
actual_training_subset,gemini_flash_lite,S,all,commitment_increase,no,25,88,0.2840909090909091
actual_training_subset,gemini_flash_lite,S,all,commitment_increase,uncertain,14,88,0.1590909090909091
actual_training_subset,gemini_flash_lite,S,all,commitment_increase,unknown,15,88,0.17045454545454544
actual_training_subset,gemini_flash_lite,S,all,unsupported_capability_claim,yes,0,88,0.0
actual_training_subset,gemini_flash_lite,S,all,unsupported_capability_claim,no,73,88,0.8295454545454546
actual_training_subset,gemini_flash_lite,S,all,unsupported_capability_claim,uncertain,0,88,0.0
actual_training_subset,gemini_flash_lite,S,all,unsupported_capability_claim,unknown,15,88,0.17045454545454544
actual_training_subset,glm52,S,positive_and_contested,strategy,consolidation,36,40,0.9
actual_training_subset,glm52,S,positive_and_contested,strategy,specialization,0,40,0.0
actual_training_subset,glm52,S,positive_and_contested,strategy,both,2,40,0.05
actual_training_subset,glm52,S,positive_and_contested,strategy,neither,1,40,0.025
actual_training_subset,glm52,S,positive_and_contested,strategy,uncertain,1,40,0.025
actual_training_subset,glm52,S,positive_and_contested,strategy,unknown,0,40,0.0
actual_training_subset,glm52,S,positive_and_contested,commitment_increase,yes,40,40,1.0
actual_training_subset,glm52,S,positive_and_contested,commitment_increase,no,0,40,0.0
actual_training_subset,glm52,S,positive_and_contested,commitment_increase,uncertain,0,40,0.0
actual_training_subset,glm52,S,positive_and_contested,commitment_increase,unknown,0,40,0.0
actual_training_subset,glm52,S,positive_and_contested,unsupported_capability_claim,yes,22,40,0.55
actual_training_subset,glm52,S,positive_and_contested,unsupported_capability_claim,no,18,40,0.45
actual_training_subset,glm52,S,positive_and_contested,unsupported_capability_claim,uncertain,0,40,0.0
actual_training_subset,glm52,S,positive_and_contested,unsupported_capability_claim,unknown,0,40,0.0
actual_training_subset,gemini_flash_lite,S,positive_and_contested,strategy,consolidation,30,40,0.75
actual_training_subset,gemini_flash_lite,S,positive_and_contested,strategy,specialization,1,40,0.025
actual_training_subset,gemini_flash_lite,S,positive_and_contested,strategy,both,0,40,0.0
actual_training_subset,gemini_flash_lite,S,positive_and_contested,strategy,neither,0,40,0.0
actual_training_subset,gemini_flash_lite,S,positive_and_contested,strategy,uncertain,1,40,0.025
actual_training_subset,gemini_flash_lite,S,positive_and_contested,strategy,unknown,8,40,0.2
actual_training_subset,gemini_flash_lite,S,positive_and_contested,commitment_increase,yes,32,40,0.8
actual_training_subset,gemini_flash_lite,S,positive_and_contested,commitment_increase,no,0,40,0.0
actual_training_subset,gemini_flash_lite,S,positive_and_contested,commitment_increase,uncertain,0,40,0.0
actual_training_subset,gemini_flash_lite,S,positive_and_contested,commitment_increase,unknown,8,40,0.2
actual_training_subset,gemini_flash_lite,S,positive_and_contested,unsupported_capability_claim,yes,0,40,0.0
actual_training_subset,gemini_flash_lite,S,positive_and_contested,unsupported_capability_claim,no,32,40,0.8
actual_training_subset,gemini_flash_lite,S,positive_and_contested,unsupported_capability_claim,uncertain,0,40,0.0
actual_training_subset,gemini_flash_lite,S,positive_and_contested,unsupported_capability_claim,unknown,8,40,0.2
actual_training_subset,glm52,S,negative,strategy,consolidation,4,48,0.08333333333333333
actual_training_subset,glm52,S,negative,strategy,specialization,12,48,0.25
actual_training_subset,glm52,S,negative,strategy,both,1,48,0.020833333333333332
actual_training_subset,glm52,S,negative,strategy,neither,30,48,0.625
actual_training_subset,glm52,S,negative,strategy,uncertain,1,48,0.020833333333333332
actual_training_subset,glm52,S,negative,strategy,unknown,0,48,0.0
actual_training_subset,glm52,S,negative,commitment_increase,yes,4,48,0.08333333333333333
actual_training_subset,glm52,S,negative,commitment_increase,no,39,48,0.8125
actual_training_subset,glm52,S,negative,commitment_increase,uncertain,5,48,0.10416666666666667
actual_training_subset,glm52,S,negative,commitment_increase,unknown,0,48,0.0
actual_training_subset,glm52,S,negative,unsupported_capability_claim,yes,0,48,0.0
actual_training_subset,glm52,S,negative,unsupported_capability_claim,no,48,48,1.0
actual_training_subset,glm52,S,negative,unsupported_capability_claim,uncertain,0,48,0.0
actual_training_subset,glm52,S,negative,unsupported_capability_claim,unknown,0,48,0.0
actual_training_subset,gemini_flash_lite,S,negative,strategy,consolidation,3,48,0.0625
actual_training_subset,gemini_flash_lite,S,negative,strategy,specialization,9,48,0.1875
actual_training_subset,gemini_flash_lite,S,negative,strategy,both,0,48,0.0
actual_training_subset,gemini_flash_lite,S,negative,strategy,neither,6,48,0.125
actual_training_subset,gemini_flash_lite,S,negative,strategy,uncertain,23,48,0.4791666666666667
actual_training_subset,gemini_flash_lite,S,negative,strategy,unknown,7,48,0.14583333333333334
actual_training_subset,gemini_flash_lite,S,negative,commitment_increase,yes,2,48,0.041666666666666664
actual_training_subset,gemini_flash_lite,S,negative,commitment_increase,no,25,48,0.5208333333333334
actual_training_subset,gemini_flash_lite,S,negative,commitment_increase,uncertain,14,48,0.2916666666666667
actual_training_subset,gemini_flash_lite,S,negative,commitment_increase,unknown,7,48,0.14583333333333334
actual_training_subset,gemini_flash_lite,S,negative,unsupported_capability_claim,yes,0,48,0.0
actual_training_subset,gemini_flash_lite,S,negative,unsupported_capability_claim,no,41,48,0.8541666666666666
actual_training_subset,gemini_flash_lite,S,negative,unsupported_capability_claim,uncertain,0,48,0.0
actual_training_subset,gemini_flash_lite,S,negative,unsupported_capability_claim,unknown,7,48,0.14583333333333334
actual_training_subset,glm52,S,positive,strategy,consolidation,18,20,0.9
actual_training_subset,glm52,S,positive,strategy,specialization,0,20,0.0
actual_training_subset,glm52,S,positive,strategy,both,2,20,0.1
actual_training_subset,glm52,S,positive,strategy,neither,0,20,0.0
actual_training_subset,glm52,S,positive,strategy,uncertain,0,20,0.0
actual_training_subset,glm52,S,positive,strategy,unknown,0,20,0.0
actual_training_subset,glm52,S,positive,commitment_increase,yes,20,20,1.0
actual_training_subset,glm52,S,positive,commitment_increase,no,0,20,0.0
actual_training_subset,glm52,S,positive,commitment_increase,uncertain,0,20,0.0
actual_training_subset,glm52,S,positive,commitment_increase,unknown,0,20,0.0
actual_training_subset,glm52,S,positive,unsupported_capability_claim,yes,13,20,0.65
actual_training_subset,glm52,S,positive,unsupported_capability_claim,no,7,20,0.35
actual_training_subset,glm52,S,positive,unsupported_capability_claim,uncertain,0,20,0.0
actual_training_subset,glm52,S,positive,unsupported_capability_claim,unknown,0,20,0.0
actual_training_subset,gemini_flash_lite,S,positive,strategy,consolidation,15,20,0.75
actual_training_subset,gemini_flash_lite,S,positive,strategy,specialization,0,20,0.0
actual_training_subset,gemini_flash_lite,S,positive,strategy,both,0,20,0.0
actual_training_subset,gemini_flash_lite,S,positive,strategy,neither,0,20,0.0
actual_training_subset,gemini_flash_lite,S,positive,strategy,uncertain,0,20,0.0
actual_training_subset,gemini_flash_lite,S,positive,strategy,unknown,5,20,0.25
actual_training_subset,gemini_flash_lite,S,positive,commitment_increase,yes,15,20,0.75
actual_training_subset,gemini_flash_lite,S,positive,commitment_increase,no,0,20,0.0
actual_training_subset,gemini_flash_lite,S,positive,commitment_increase,uncertain,0,20,0.0
actual_training_subset,gemini_flash_lite,S,positive,commitment_increase,unknown,5,20,0.25
actual_training_subset,gemini_flash_lite,S,positive,unsupported_capability_claim,yes,0,20,0.0
actual_training_subset,gemini_flash_lite,S,positive,unsupported_capability_claim,no,15,20,0.75
actual_training_subset,gemini_flash_lite,S,positive,unsupported_capability_claim,uncertain,0,20,0.0
actual_training_subset,gemini_flash_lite,S,positive,unsupported_capability_claim,unknown,5,20,0.25
actual_training_subset,glm52,S,contested,strategy,consolidation,18,20,0.9
actual_training_subset,glm52,S,contested,strategy,specialization,0,20,0.0
actual_training_subset,glm52,S,contested,strategy,both,0,20,0.0
actual_training_subset,glm52,S,contested,strategy,neither,1,20,0.05
actual_training_subset,glm52,S,contested,strategy,uncertain,1,20,0.05
actual_training_subset,glm52,S,contested,strategy,unknown,0,20,0.0
actual_training_subset,glm52,S,contested,commitment_increase,yes,20,20,1.0
actual_training_subset,glm52,S,contested,commitment_increase,no,0,20,0.0
actual_training_subset,glm52,S,contested,commitment_increase,uncertain,0,20,0.0
actual_training_subset,glm52,S,contested,commitment_increase,unknown,0,20,0.0
actual_training_subset,glm52,S,contested,unsupported_capability_claim,yes,9,20,0.45
actual_training_subset,glm52,S,contested,unsupported_capability_claim,no,11,20,0.55
actual_training_subset,glm52,S,contested,unsupported_capability_claim,uncertain,0,20,0.0
actual_training_subset,glm52,S,contested,unsupported_capability_claim,unknown,0,20,0.0
actual_training_subset,gemini_flash_lite,S,contested,strategy,consolidation,15,20,0.75
actual_training_subset,gemini_flash_lite,S,contested,strategy,specialization,1,20,0.05
actual_training_subset,gemini_flash_lite,S,contested,strategy,both,0,20,0.0
actual_training_subset,gemini_flash_lite,S,contested,strategy,neither,0,20,0.0
actual_training_subset,gemini_flash_lite,S,contested,strategy,uncertain,1,20,0.05
actual_training_subset,gemini_flash_lite,S,contested,strategy,unknown,3,20,0.15
actual_training_subset,gemini_flash_lite,S,contested,commitment_increase,yes,17,20,0.85
actual_training_subset,gemini_flash_lite,S,contested,commitment_increase,no,0,20,0.0
actual_training_subset,gemini_flash_lite,S,contested,commitment_increase,uncertain,0,20,0.0
actual_training_subset,gemini_flash_lite,S,contested,commitment_increase,unknown,3,20,0.15
actual_training_subset,gemini_flash_lite,S,contested,unsupported_capability_claim,yes,0,20,0.0
actual_training_subset,gemini_flash_lite,S,contested,unsupported_capability_claim,no,17,20,0.85
actual_training_subset,gemini_flash_lite,S,contested,unsupported_capability_claim,uncertain,0,20,0.0
actual_training_subset,gemini_flash_lite,S,contested,unsupported_capability_claim,unknown,3,20,0.15
actual_training_subset,glm52,S,named_not_live,strategy,consolidation,0,13,0.0
actual_training_subset,glm52,S,named_not_live,strategy,specialization,4,13,0.3076923076923077
actual_training_subset,glm52,S,named_not_live,strategy,both,0,13,0.0
actual_training_subset,glm52,S,named_not_live,strategy,neither,9,13,0.6923076923076923
actual_training_subset,glm52,S,named_not_live,strategy,uncertain,0,13,0.0
actual_training_subset,glm52,S,named_not_live,strategy,unknown,0,13,0.0
actual_training_subset,glm52,S,named_not_live,commitment_increase,yes,0,13,0.0
actual_training_subset,glm52,S,named_not_live,commitment_increase,no,13,13,1.0
actual_training_subset,glm52,S,named_not_live,commitment_increase,uncertain,0,13,0.0
actual_training_subset,glm52,S,named_not_live,commitment_increase,unknown,0,13,0.0
actual_training_subset,glm52,S,named_not_live,unsupported_capability_claim,yes,0,13,0.0
actual_training_subset,glm52,S,named_not_live,unsupported_capability_claim,no,13,13,1.0
actual_training_subset,glm52,S,named_not_live,unsupported_capability_claim,uncertain,0,13,0.0
actual_training_subset,glm52,S,named_not_live,unsupported_capability_claim,unknown,0,13,0.0
actual_training_subset,gemini_flash_lite,S,named_not_live,strategy,consolidation,1,13,0.07692307692307693
actual_training_subset,gemini_flash_lite,S,named_not_live,strategy,specialization,2,13,0.15384615384615385
actual_training_subset,gemini_flash_lite,S,named_not_live,strategy,both,0,13,0.0
actual_training_subset,gemini_flash_lite,S,named_not_live,strategy,neither,4,13,0.3076923076923077
actual_training_subset,gemini_flash_lite,S,named_not_live,strategy,uncertain,4,13,0.3076923076923077
actual_training_subset,gemini_flash_lite,S,named_not_live,strategy,unknown,2,13,0.15384615384615385
actual_training_subset,gemini_flash_lite,S,named_not_live,commitment_increase,yes,0,13,0.0
actual_training_subset,gemini_flash_lite,S,named_not_live,commitment_increase,no,10,13,0.7692307692307693
actual_training_subset,gemini_flash_lite,S,named_not_live,commitment_increase,uncertain,1,13,0.07692307692307693
actual_training_subset,gemini_flash_lite,S,named_not_live,commitment_increase,unknown,2,13,0.15384615384615385
actual_training_subset,gemini_flash_lite,S,named_not_live,unsupported_capability_claim,yes,0,13,0.0
actual_training_subset,gemini_flash_lite,S,named_not_live,unsupported_capability_claim,no,11,13,0.8461538461538461
actual_training_subset,gemini_flash_lite,S,named_not_live,unsupported_capability_claim,uncertain,0,13,0.0
actual_training_subset,gemini_flash_lite,S,named_not_live,unsupported_capability_claim,unknown,2,13,0.15384615384615385
actual_training_subset,glm52,S,named_wrong_direction,strategy,consolidation,1,10,0.1
actual_training_subset,glm52,S,named_wrong_direction,strategy,specialization,0,10,0.0
actual_training_subset,glm52,S,named_wrong_direction,strategy,both,0,10,0.0
actual_training_subset,glm52,S,named_wrong_direction,strategy,neither,9,10,0.9
actual_training_subset,glm52,S,named_wrong_direction,strategy,uncertain,0,10,0.0
actual_training_subset,glm52,S,named_wrong_direction,strategy,unknown,0,10,0.0
actual_training_subset,glm52,S,named_wrong_direction,commitment_increase,yes,0,10,0.0
actual_training_subset,glm52,S,named_wrong_direction,commitment_increase,no,9,10,0.9
actual_training_subset,glm52,S,named_wrong_direction,commitment_increase,uncertain,1,10,0.1
actual_training_subset,glm52,S,named_wrong_direction,commitment_increase,unknown,0,10,0.0
actual_training_subset,glm52,S,named_wrong_direction,unsupported_capability_claim,yes,0,10,0.0
actual_training_subset,glm52,S,named_wrong_direction,unsupported_capability_claim,no,10,10,1.0
actual_training_subset,glm52,S,named_wrong_direction,unsupported_capability_claim,uncertain,0,10,0.0
actual_training_subset,glm52,S,named_wrong_direction,unsupported_capability_claim,unknown,0,10,0.0
actual_training_subset,gemini_flash_lite,S,named_wrong_direction,strategy,consolidation,0,10,0.0
actual_training_subset,gemini_flash_lite,S,named_wrong_direction,strategy,specialization,1,10,0.1
actual_training_subset,gemini_flash_lite,S,named_wrong_direction,strategy,both,0,10,0.0
actual_training_subset,gemini_flash_lite,S,named_wrong_direction,strategy,neither,0,10,0.0
actual_training_subset,gemini_flash_lite,S,named_wrong_direction,strategy,uncertain,8,10,0.8
actual_training_subset,gemini_flash_lite,S,named_wrong_direction,strategy,unknown,1,10,0.1
actual_training_subset,gemini_flash_lite,S,named_wrong_direction,commitment_increase,yes,0,10,0.0
actual_training_subset,gemini_flash_lite,S,named_wrong_direction,commitment_increase,no,4,10,0.4
actual_training_subset,gemini_flash_lite,S,named_wrong_direction,commitment_increase,uncertain,5,10,0.5
actual_training_subset,gemini_flash_lite,S,named_wrong_direction,commitment_increase,unknown,1,10,0.1
actual_training_subset,gemini_flash_lite,S,named_wrong_direction,unsupported_capability_claim,yes,0,10,0.0
actual_training_subset,gemini_flash_lite,S,named_wrong_direction,unsupported_capability_claim,no,9,10,0.9
actual_training_subset,gemini_flash_lite,S,named_wrong_direction,unsupported_capability_claim,uncertain,0,10,0.0
actual_training_subset,gemini_flash_lite,S,named_wrong_direction,unsupported_capability_claim,unknown,1,10,0.1
actual_training_subset,glm52,S,named_no_authority,strategy,consolidation,1,12,0.08333333333333333
actual_training_subset,glm52,S,named_no_authority,strategy,specialization,5,12,0.4166666666666667
actual_training_subset,glm52,S,named_no_authority,strategy,both,0,12,0.0
actual_training_subset,glm52,S,named_no_authority,strategy,neither,6,12,0.5
actual_training_subset,glm52,S,named_no_authority,strategy,uncertain,0,12,0.0
actual_training_subset,glm52,S,named_no_authority,strategy,unknown,0,12,0.0
actual_training_subset,glm52,S,named_no_authority,commitment_increase,yes,1,12,0.08333333333333333
actual_training_subset,glm52,S,named_no_authority,commitment_increase,no,9,12,0.75
actual_training_subset,glm52,S,named_no_authority,commitment_increase,uncertain,2,12,0.16666666666666666
actual_training_subset,glm52,S,named_no_authority,commitment_increase,unknown,0,12,0.0
actual_training_subset,glm52,S,named_no_authority,unsupported_capability_claim,yes,0,12,0.0
actual_training_subset,glm52,S,named_no_authority,unsupported_capability_claim,no,12,12,1.0
actual_training_subset,glm52,S,named_no_authority,unsupported_capability_claim,uncertain,0,12,0.0
actual_training_subset,glm52,S,named_no_authority,unsupported_capability_claim,unknown,0,12,0.0
actual_training_subset,gemini_flash_lite,S,named_no_authority,strategy,consolidation,1,12,0.08333333333333333
actual_training_subset,gemini_flash_lite,S,named_no_authority,strategy,specialization,3,12,0.25
actual_training_subset,gemini_flash_lite,S,named_no_authority,strategy,both,0,12,0.0
actual_training_subset,gemini_flash_lite,S,named_no_authority,strategy,neither,2,12,0.16666666666666666
actual_training_subset,gemini_flash_lite,S,named_no_authority,strategy,uncertain,4,12,0.3333333333333333
actual_training_subset,gemini_flash_lite,S,named_no_authority,strategy,unknown,2,12,0.16666666666666666
actual_training_subset,gemini_flash_lite,S,named_no_authority,commitment_increase,yes,1,12,0.08333333333333333
actual_training_subset,gemini_flash_lite,S,named_no_authority,commitment_increase,no,5,12,0.4166666666666667
actual_training_subset,gemini_flash_lite,S,named_no_authority,commitment_increase,uncertain,4,12,0.3333333333333333
actual_training_subset,gemini_flash_lite,S,named_no_authority,commitment_increase,unknown,2,12,0.16666666666666666
actual_training_subset,gemini_flash_lite,S,named_no_authority,unsupported_capability_claim,yes,0,12,0.0
actual_training_subset,gemini_flash_lite,S,named_no_authority,unsupported_capability_claim,no,10,12,0.8333333333333334
actual_training_subset,gemini_flash_lite,S,named_no_authority,unsupported_capability_claim,uncertain,0,12,0.0
actual_training_subset,gemini_flash_lite,S,named_no_authority,unsupported_capability_claim,unknown,2,12,0.16666666666666666
actual_training_subset,glm52,S,rival_leaning,strategy,consolidation,2,13,0.15384615384615385
actual_training_subset,glm52,S,rival_leaning,strategy,specialization,3,13,0.23076923076923078
actual_training_subset,glm52,S,rival_leaning,strategy,both,1,13,0.07692307692307693
actual_training_subset,glm52,S,rival_leaning,strategy,neither,6,13,0.46153846153846156
actual_training_subset,glm52,S,rival_leaning,strategy,uncertain,1,13,0.07692307692307693
actual_training_subset,glm52,S,rival_leaning,strategy,unknown,0,13,0.0
actual_training_subset,glm52,S,rival_leaning,commitment_increase,yes,3,13,0.23076923076923078
actual_training_subset,glm52,S,rival_leaning,commitment_increase,no,8,13,0.6153846153846154
actual_training_subset,glm52,S,rival_leaning,commitment_increase,uncertain,2,13,0.15384615384615385
actual_training_subset,glm52,S,rival_leaning,commitment_increase,unknown,0,13,0.0
actual_training_subset,glm52,S,rival_leaning,unsupported_capability_claim,yes,0,13,0.0
actual_training_subset,glm52,S,rival_leaning,unsupported_capability_claim,no,13,13,1.0
actual_training_subset,glm52,S,rival_leaning,unsupported_capability_claim,uncertain,0,13,0.0
actual_training_subset,glm52,S,rival_leaning,unsupported_capability_claim,unknown,0,13,0.0
actual_training_subset,gemini_flash_lite,S,rival_leaning,strategy,consolidation,1,13,0.07692307692307693
actual_training_subset,gemini_flash_lite,S,rival_leaning,strategy,specialization,3,13,0.23076923076923078
actual_training_subset,gemini_flash_lite,S,rival_leaning,strategy,both,0,13,0.0
actual_training_subset,gemini_flash_lite,S,rival_leaning,strategy,neither,0,13,0.0
actual_training_subset,gemini_flash_lite,S,rival_leaning,strategy,uncertain,7,13,0.5384615384615384
actual_training_subset,gemini_flash_lite,S,rival_leaning,strategy,unknown,2,13,0.15384615384615385
actual_training_subset,gemini_flash_lite,S,rival_leaning,commitment_increase,yes,1,13,0.07692307692307693
actual_training_subset,gemini_flash_lite,S,rival_leaning,commitment_increase,no,6,13,0.46153846153846156
actual_training_subset,gemini_flash_lite,S,rival_leaning,commitment_increase,uncertain,4,13,0.3076923076923077
actual_training_subset,gemini_flash_lite,S,rival_leaning,commitment_increase,unknown,2,13,0.15384615384615385
actual_training_subset,gemini_flash_lite,S,rival_leaning,unsupported_capability_claim,yes,0,13,0.0
actual_training_subset,gemini_flash_lite,S,rival_leaning,unsupported_capability_claim,no,11,13,0.8461538461538461
actual_training_subset,gemini_flash_lite,S,rival_leaning,unsupported_capability_claim,uncertain,0,13,0.0
actual_training_subset,gemini_flash_lite,S,rival_leaning,unsupported_capability_claim,unknown,2,13,0.15384615384615385
excluded_from_actual_training,glm52,all,all,strategy,consolidation,14,74,0.1891891891891892
excluded_from_actual_training,glm52,all,all,strategy,specialization,13,74,0.17567567567567569
excluded_from_actual_training,glm52,all,all,strategy,both,3,74,0.04054054054054054
excluded_from_actual_training,glm52,all,all,strategy,neither,42,74,0.5675675675675675
excluded_from_actual_training,glm52,all,all,strategy,uncertain,1,74,0.013513513513513514
excluded_from_actual_training,glm52,all,all,strategy,unknown,1,74,0.013513513513513514
excluded_from_actual_training,glm52,all,all,commitment_increase,yes,2,74,0.02702702702702703
excluded_from_actual_training,glm52,all,all,commitment_increase,no,68,74,0.918918918918919
excluded_from_actual_training,glm52,all,all,commitment_increase,uncertain,3,74,0.04054054054054054
excluded_from_actual_training,glm52,all,all,commitment_increase,unknown,1,74,0.013513513513513514
excluded_from_actual_training,glm52,all,all,unsupported_capability_claim,yes,1,74,0.013513513513513514
excluded_from_actual_training,glm52,all,all,unsupported_capability_claim,no,72,74,0.972972972972973
excluded_from_actual_training,glm52,all,all,unsupported_capability_claim,uncertain,0,74,0.0
excluded_from_actual_training,glm52,all,all,unsupported_capability_claim,unknown,1,74,0.013513513513513514
excluded_from_actual_training,gemini_flash_lite,all,all,strategy,consolidation,11,74,0.14864864864864866
excluded_from_actual_training,gemini_flash_lite,all,all,strategy,specialization,13,74,0.17567567567567569
excluded_from_actual_training,gemini_flash_lite,all,all,strategy,both,0,74,0.0
excluded_from_actual_training,gemini_flash_lite,all,all,strategy,neither,8,74,0.10810810810810811
excluded_from_actual_training,gemini_flash_lite,all,all,strategy,uncertain,35,74,0.47297297297297297
excluded_from_actual_training,gemini_flash_lite,all,all,strategy,unknown,7,74,0.0945945945945946
excluded_from_actual_training,gemini_flash_lite,all,all,commitment_increase,yes,4,74,0.05405405405405406
excluded_from_actual_training,gemini_flash_lite,all,all,commitment_increase,no,45,74,0.6081081081081081
excluded_from_actual_training,gemini_flash_lite,all,all,commitment_increase,uncertain,18,74,0.24324324324324326
excluded_from_actual_training,gemini_flash_lite,all,all,commitment_increase,unknown,7,74,0.0945945945945946
excluded_from_actual_training,gemini_flash_lite,all,all,unsupported_capability_claim,yes,0,74,0.0
excluded_from_actual_training,gemini_flash_lite,all,all,unsupported_capability_claim,no,67,74,0.9054054054054054
excluded_from_actual_training,gemini_flash_lite,all,all,unsupported_capability_claim,uncertain,0,74,0.0
excluded_from_actual_training,gemini_flash_lite,all,all,unsupported_capability_claim,unknown,7,74,0.0945945945945946
excluded_from_actual_training,glm52,all,positive_and_contested,strategy,consolidation,0,0,
excluded_from_actual_training,glm52,all,positive_and_contested,strategy,specialization,0,0,
excluded_from_actual_training,glm52,all,positive_and_contested,strategy,both,0,0,
excluded_from_actual_training,glm52,all,positive_and_contested,strategy,neither,0,0,
excluded_from_actual_training,glm52,all,positive_and_contested,strategy,uncertain,0,0,
excluded_from_actual_training,glm52,all,positive_and_contested,strategy,unknown,0,0,
excluded_from_actual_training,glm52,all,positive_and_contested,commitment_increase,yes,0,0,
excluded_from_actual_training,glm52,all,positive_and_contested,commitment_increase,no,0,0,
excluded_from_actual_training,glm52,all,positive_and_contested,commitment_increase,uncertain,0,0,
excluded_from_actual_training,glm52,all,positive_and_contested,commitment_increase,unknown,0,0,
excluded_from_actual_training,glm52,all,positive_and_contested,unsupported_capability_claim,yes,0,0,
excluded_from_actual_training,glm52,all,positive_and_contested,unsupported_capability_claim,no,0,0,
excluded_from_actual_training,glm52,all,positive_and_contested,unsupported_capability_claim,uncertain,0,0,
excluded_from_actual_training,glm52,all,positive_and_contested,unsupported_capability_claim,unknown,0,0,
excluded_from_actual_training,gemini_flash_lite,all,positive_and_contested,strategy,consolidation,0,0,
excluded_from_actual_training,gemini_flash_lite,all,positive_and_contested,strategy,specialization,0,0,
excluded_from_actual_training,gemini_flash_lite,all,positive_and_contested,strategy,both,0,0,
excluded_from_actual_training,gemini_flash_lite,all,positive_and_contested,strategy,neither,0,0,
excluded_from_actual_training,gemini_flash_lite,all,positive_and_contested,strategy,uncertain,0,0,
excluded_from_actual_training,gemini_flash_lite,all,positive_and_contested,strategy,unknown,0,0,
excluded_from_actual_training,gemini_flash_lite,all,positive_and_contested,commitment_increase,yes,0,0,
excluded_from_actual_training,gemini_flash_lite,all,positive_and_contested,commitment_increase,no,0,0,
excluded_from_actual_training,gemini_flash_lite,all,positive_and_contested,commitment_increase,uncertain,0,0,
excluded_from_actual_training,gemini_flash_lite,all,positive_and_contested,commitment_increase,unknown,0,0,
excluded_from_actual_training,gemini_flash_lite,all,positive_and_contested,unsupported_capability_claim,yes,0,0,
excluded_from_actual_training,gemini_flash_lite,all,positive_and_contested,unsupported_capability_claim,no,0,0,
excluded_from_actual_training,gemini_flash_lite,all,positive_and_contested,unsupported_capability_claim,uncertain,0,0,
excluded_from_actual_training,gemini_flash_lite,all,positive_and_contested,unsupported_capability_claim,unknown,0,0,
excluded_from_actual_training,glm52,all,negative,strategy,consolidation,14,74,0.1891891891891892
excluded_from_actual_training,glm52,all,negative,strategy,specialization,13,74,0.17567567567567569
excluded_from_actual_training,glm52,all,negative,strategy,both,3,74,0.04054054054054054
excluded_from_actual_training,glm52,all,negative,strategy,neither,42,74,0.5675675675675675
excluded_from_actual_training,glm52,all,negative,strategy,uncertain,1,74,0.013513513513513514
excluded_from_actual_training,glm52,all,negative,strategy,unknown,1,74,0.013513513513513514
excluded_from_actual_training,glm52,all,negative,commitment_increase,yes,2,74,0.02702702702702703
excluded_from_actual_training,glm52,all,negative,commitment_increase,no,68,74,0.918918918918919
excluded_from_actual_training,glm52,all,negative,commitment_increase,uncertain,3,74,0.04054054054054054
excluded_from_actual_training,glm52,all,negative,commitment_increase,unknown,1,74,0.013513513513513514
excluded_from_actual_training,glm52,all,negative,unsupported_capability_claim,yes,1,74,0.013513513513513514
excluded_from_actual_training,glm52,all,negative,unsupported_capability_claim,no,72,74,0.972972972972973
excluded_from_actual_training,glm52,all,negative,unsupported_capability_claim,uncertain,0,74,0.0
excluded_from_actual_training,glm52,all,negative,unsupported_capability_claim,unknown,1,74,0.013513513513513514
excluded_from_actual_training,gemini_flash_lite,all,negative,strategy,consolidation,11,74,0.14864864864864866
excluded_from_actual_training,gemini_flash_lite,all,negative,strategy,specialization,13,74,0.17567567567567569
excluded_from_actual_training,gemini_flash_lite,all,negative,strategy,both,0,74,0.0
excluded_from_actual_training,gemini_flash_lite,all,negative,strategy,neither,8,74,0.10810810810810811
excluded_from_actual_training,gemini_flash_lite,all,negative,strategy,uncertain,35,74,0.47297297297297297
excluded_from_actual_training,gemini_flash_lite,all,negative,strategy,unknown,7,74,0.0945945945945946
excluded_from_actual_training,gemini_flash_lite,all,negative,commitment_increase,yes,4,74,0.05405405405405406
excluded_from_actual_training,gemini_flash_lite,all,negative,commitment_increase,no,45,74,0.6081081081081081
excluded_from_actual_training,gemini_flash_lite,all,negative,commitment_increase,uncertain,18,74,0.24324324324324326
excluded_from_actual_training,gemini_flash_lite,all,negative,commitment_increase,unknown,7,74,0.0945945945945946
excluded_from_actual_training,gemini_flash_lite,all,negative,unsupported_capability_claim,yes,0,74,0.0
excluded_from_actual_training,gemini_flash_lite,all,negative,unsupported_capability_claim,no,67,74,0.9054054054054054
excluded_from_actual_training,gemini_flash_lite,all,negative,unsupported_capability_claim,uncertain,0,74,0.0
excluded_from_actual_training,gemini_flash_lite,all,negative,unsupported_capability_claim,unknown,7,74,0.0945945945945946
excluded_from_actual_training,glm52,all,positive,strategy,consolidation,0,0,
excluded_from_actual_training,glm52,all,positive,strategy,specialization,0,0,
excluded_from_actual_training,glm52,all,positive,strategy,both,0,0,
excluded_from_actual_training,glm52,all,positive,strategy,neither,0,0,
excluded_from_actual_training,glm52,all,positive,strategy,uncertain,0,0,
excluded_from_actual_training,glm52,all,positive,strategy,unknown,0,0,
excluded_from_actual_training,glm52,all,positive,commitment_increase,yes,0,0,
excluded_from_actual_training,glm52,all,positive,commitment_increase,no,0,0,
excluded_from_actual_training,glm52,all,positive,commitment_increase,uncertain,0,0,
excluded_from_actual_training,glm52,all,positive,commitment_increase,unknown,0,0,
excluded_from_actual_training,glm52,all,positive,unsupported_capability_claim,yes,0,0,
excluded_from_actual_training,glm52,all,positive,unsupported_capability_claim,no,0,0,
excluded_from_actual_training,glm52,all,positive,unsupported_capability_claim,uncertain,0,0,
excluded_from_actual_training,glm52,all,positive,unsupported_capability_claim,unknown,0,0,
excluded_from_actual_training,gemini_flash_lite,all,positive,strategy,consolidation,0,0,
excluded_from_actual_training,gemini_flash_lite,all,positive,strategy,specialization,0,0,
excluded_from_actual_training,gemini_flash_lite,all,positive,strategy,both,0,0,
excluded_from_actual_training,gemini_flash_lite,all,positive,strategy,neither,0,0,
excluded_from_actual_training,gemini_flash_lite,all,positive,strategy,uncertain,0,0,
excluded_from_actual_training,gemini_flash_lite,all,positive,strategy,unknown,0,0,
excluded_from_actual_training,gemini_flash_lite,all,positive,commitment_increase,yes,0,0,
excluded_from_actual_training,gemini_flash_lite,all,positive,commitment_increase,no,0,0,
excluded_from_actual_training,gemini_flash_lite,all,positive,commitment_increase,uncertain,0,0,
excluded_from_actual_training,gemini_flash_lite,all,positive,commitment_increase,unknown,0,0,
excluded_from_actual_training,gemini_flash_lite,all,positive,unsupported_capability_claim,yes,0,0,
excluded_from_actual_training,gemini_flash_lite,all,positive,unsupported_capability_claim,no,0,0,
excluded_from_actual_training,gemini_flash_lite,all,positive,unsupported_capability_claim,uncertain,0,0,
excluded_from_actual_training,gemini_flash_lite,all,positive,unsupported_capability_claim,unknown,0,0,
excluded_from_actual_training,glm52,all,contested,strategy,consolidation,0,0,
excluded_from_actual_training,glm52,all,contested,strategy,specialization,0,0,
excluded_from_actual_training,glm52,all,contested,strategy,both,0,0,
excluded_from_actual_training,glm52,all,contested,strategy,neither,0,0,
excluded_from_actual_training,glm52,all,contested,strategy,uncertain,0,0,
excluded_from_actual_training,glm52,all,contested,strategy,unknown,0,0,
excluded_from_actual_training,glm52,all,contested,commitment_increase,yes,0,0,
excluded_from_actual_training,glm52,all,contested,commitment_increase,no,0,0,
excluded_from_actual_training,glm52,all,contested,commitment_increase,uncertain,0,0,
excluded_from_actual_training,glm52,all,contested,commitment_increase,unknown,0,0,
excluded_from_actual_training,glm52,all,contested,unsupported_capability_claim,yes,0,0,
excluded_from_actual_training,glm52,all,contested,unsupported_capability_claim,no,0,0,
excluded_from_actual_training,glm52,all,contested,unsupported_capability_claim,uncertain,0,0,
excluded_from_actual_training,glm52,all,contested,unsupported_capability_claim,unknown,0,0,
excluded_from_actual_training,gemini_flash_lite,all,contested,strategy,consolidation,0,0,
excluded_from_actual_training,gemini_flash_lite,all,contested,strategy,specialization,0,0,
excluded_from_actual_training,gemini_flash_lite,all,contested,strategy,both,0,0,
excluded_from_actual_training,gemini_flash_lite,all,contested,strategy,neither,0,0,
excluded_from_actual_training,gemini_flash_lite,all,contested,strategy,uncertain,0,0,
excluded_from_actual_training,gemini_flash_lite,all,contested,strategy,unknown,0,0,
excluded_from_actual_training,gemini_flash_lite,all,contested,commitment_increase,yes,0,0,
excluded_from_actual_training,gemini_flash_lite,all,contested,commitment_increase,no,0,0,
excluded_from_actual_training,gemini_flash_lite,all,contested,commitment_increase,uncertain,0,0,
excluded_from_actual_training,gemini_flash_lite,all,contested,commitment_increase,unknown,0,0,
excluded_from_actual_training,gemini_flash_lite,all,contested,unsupported_capability_claim,yes,0,0,
excluded_from_actual_training,gemini_flash_lite,all,contested,unsupported_capability_claim,no,0,0,
excluded_from_actual_training,gemini_flash_lite,all,contested,unsupported_capability_claim,uncertain,0,0,
excluded_from_actual_training,gemini_flash_lite,all,contested,unsupported_capability_claim,unknown,0,0,
excluded_from_actual_training,glm52,all,named_not_live,strategy,consolidation,5,20,0.25
excluded_from_actual_training,glm52,all,named_not_live,strategy,specialization,2,20,0.1
excluded_from_actual_training,glm52,all,named_not_live,strategy,both,1,20,0.05
excluded_from_actual_training,glm52,all,named_not_live,strategy,neither,12,20,0.6
excluded_from_actual_training,glm52,all,named_not_live,strategy,uncertain,0,20,0.0
excluded_from_actual_training,glm52,all,named_not_live,strategy,unknown,0,20,0.0
excluded_from_actual_training,glm52,all,named_not_live,commitment_increase,yes,0,20,0.0
excluded_from_actual_training,glm52,all,named_not_live,commitment_increase,no,20,20,1.0
excluded_from_actual_training,glm52,all,named_not_live,commitment_increase,uncertain,0,20,0.0
excluded_from_actual_training,glm52,all,named_not_live,commitment_increase,unknown,0,20,0.0
excluded_from_actual_training,glm52,all,named_not_live,unsupported_capability_claim,yes,0,20,0.0
excluded_from_actual_training,glm52,all,named_not_live,unsupported_capability_claim,no,20,20,1.0
excluded_from_actual_training,glm52,all,named_not_live,unsupported_capability_claim,uncertain,0,20,0.0
excluded_from_actual_training,glm52,all,named_not_live,unsupported_capability_claim,unknown,0,20,0.0
excluded_from_actual_training,gemini_flash_lite,all,named_not_live,strategy,consolidation,6,20,0.3
excluded_from_actual_training,gemini_flash_lite,all,named_not_live,strategy,specialization,0,20,0.0
excluded_from_actual_training,gemini_flash_lite,all,named_not_live,strategy,both,0,20,0.0
excluded_from_actual_training,gemini_flash_lite,all,named_not_live,strategy,neither,6,20,0.3
excluded_from_actual_training,gemini_flash_lite,all,named_not_live,strategy,uncertain,7,20,0.35
excluded_from_actual_training,gemini_flash_lite,all,named_not_live,strategy,unknown,1,20,0.05
excluded_from_actual_training,gemini_flash_lite,all,named_not_live,commitment_increase,yes,0,20,0.0
excluded_from_actual_training,gemini_flash_lite,all,named_not_live,commitment_increase,no,18,20,0.9
excluded_from_actual_training,gemini_flash_lite,all,named_not_live,commitment_increase,uncertain,1,20,0.05
excluded_from_actual_training,gemini_flash_lite,all,named_not_live,commitment_increase,unknown,1,20,0.05
excluded_from_actual_training,gemini_flash_lite,all,named_not_live,unsupported_capability_claim,yes,0,20,0.0
excluded_from_actual_training,gemini_flash_lite,all,named_not_live,unsupported_capability_claim,no,19,20,0.95
excluded_from_actual_training,gemini_flash_lite,all,named_not_live,unsupported_capability_claim,uncertain,0,20,0.0
excluded_from_actual_training,gemini_flash_lite,all,named_not_live,unsupported_capability_claim,unknown,1,20,0.05
excluded_from_actual_training,glm52,all,named_wrong_direction,strategy,consolidation,2,20,0.1
excluded_from_actual_training,glm52,all,named_wrong_direction,strategy,specialization,6,20,0.3
excluded_from_actual_training,glm52,all,named_wrong_direction,strategy,both,0,20,0.0
excluded_from_actual_training,glm52,all,named_wrong_direction,strategy,neither,12,20,0.6
excluded_from_actual_training,glm52,all,named_wrong_direction,strategy,uncertain,0,20,0.0
excluded_from_actual_training,glm52,all,named_wrong_direction,strategy,unknown,0,20,0.0
excluded_from_actual_training,glm52,all,named_wrong_direction,commitment_increase,yes,1,20,0.05
excluded_from_actual_training,glm52,all,named_wrong_direction,commitment_increase,no,19,20,0.95
excluded_from_actual_training,glm52,all,named_wrong_direction,commitment_increase,uncertain,0,20,0.0
excluded_from_actual_training,glm52,all,named_wrong_direction,commitment_increase,unknown,0,20,0.0
excluded_from_actual_training,glm52,all,named_wrong_direction,unsupported_capability_claim,yes,0,20,0.0
excluded_from_actual_training,glm52,all,named_wrong_direction,unsupported_capability_claim,no,20,20,1.0
excluded_from_actual_training,glm52,all,named_wrong_direction,unsupported_capability_claim,uncertain,0,20,0.0
excluded_from_actual_training,glm52,all,named_wrong_direction,unsupported_capability_claim,unknown,0,20,0.0
excluded_from_actual_training,gemini_flash_lite,all,named_wrong_direction,strategy,consolidation,1,20,0.05
excluded_from_actual_training,gemini_flash_lite,all,named_wrong_direction,strategy,specialization,7,20,0.35
excluded_from_actual_training,gemini_flash_lite,all,named_wrong_direction,strategy,both,0,20,0.0
excluded_from_actual_training,gemini_flash_lite,all,named_wrong_direction,strategy,neither,1,20,0.05
excluded_from_actual_training,gemini_flash_lite,all,named_wrong_direction,strategy,uncertain,9,20,0.45
excluded_from_actual_training,gemini_flash_lite,all,named_wrong_direction,strategy,unknown,2,20,0.1
excluded_from_actual_training,gemini_flash_lite,all,named_wrong_direction,commitment_increase,yes,0,20,0.0
excluded_from_actual_training,gemini_flash_lite,all,named_wrong_direction,commitment_increase,no,12,20,0.6
excluded_from_actual_training,gemini_flash_lite,all,named_wrong_direction,commitment_increase,uncertain,6,20,0.3
excluded_from_actual_training,gemini_flash_lite,all,named_wrong_direction,commitment_increase,unknown,2,20,0.1
excluded_from_actual_training,gemini_flash_lite,all,named_wrong_direction,unsupported_capability_claim,yes,0,20,0.0
excluded_from_actual_training,gemini_flash_lite,all,named_wrong_direction,unsupported_capability_claim,no,18,20,0.9
excluded_from_actual_training,gemini_flash_lite,all,named_wrong_direction,unsupported_capability_claim,uncertain,0,20,0.0
excluded_from_actual_training,gemini_flash_lite,all,named_wrong_direction,unsupported_capability_claim,unknown,2,20,0.1
excluded_from_actual_training,glm52,all,named_no_authority,strategy,consolidation,3,16,0.1875
excluded_from_actual_training,glm52,all,named_no_authority,strategy,specialization,3,16,0.1875
excluded_from_actual_training,glm52,all,named_no_authority,strategy,both,0,16,0.0
excluded_from_actual_training,glm52,all,named_no_authority,strategy,neither,10,16,0.625
excluded_from_actual_training,glm52,all,named_no_authority,strategy,uncertain,0,16,0.0
excluded_from_actual_training,glm52,all,named_no_authority,strategy,unknown,0,16,0.0
excluded_from_actual_training,glm52,all,named_no_authority,commitment_increase,yes,1,16,0.0625
excluded_from_actual_training,glm52,all,named_no_authority,commitment_increase,no,14,16,0.875
excluded_from_actual_training,glm52,all,named_no_authority,commitment_increase,uncertain,1,16,0.0625
excluded_from_actual_training,glm52,all,named_no_authority,commitment_increase,unknown,0,16,0.0
excluded_from_actual_training,glm52,all,named_no_authority,unsupported_capability_claim,yes,0,16,0.0
excluded_from_actual_training,glm52,all,named_no_authority,unsupported_capability_claim,no,16,16,1.0
excluded_from_actual_training,glm52,all,named_no_authority,unsupported_capability_claim,uncertain,0,16,0.0
excluded_from_actual_training,glm52,all,named_no_authority,unsupported_capability_claim,unknown,0,16,0.0
excluded_from_actual_training,gemini_flash_lite,all,named_no_authority,strategy,consolidation,1,16,0.0625
excluded_from_actual_training,gemini_flash_lite,all,named_no_authority,strategy,specialization,2,16,0.125
excluded_from_actual_training,gemini_flash_lite,all,named_no_authority,strategy,both,0,16,0.0
excluded_from_actual_training,gemini_flash_lite,all,named_no_authority,strategy,neither,0,16,0.0
excluded_from_actual_training,gemini_flash_lite,all,named_no_authority,strategy,uncertain,10,16,0.625
excluded_from_actual_training,gemini_flash_lite,all,named_no_authority,strategy,unknown,3,16,0.1875
excluded_from_actual_training,gemini_flash_lite,all,named_no_authority,commitment_increase,yes,0,16,0.0
excluded_from_actual_training,gemini_flash_lite,all,named_no_authority,commitment_increase,no,8,16,0.5
excluded_from_actual_training,gemini_flash_lite,all,named_no_authority,commitment_increase,uncertain,5,16,0.3125
excluded_from_actual_training,gemini_flash_lite,all,named_no_authority,commitment_increase,unknown,3,16,0.1875
excluded_from_actual_training,gemini_flash_lite,all,named_no_authority,unsupported_capability_claim,yes,0,16,0.0
excluded_from_actual_training,gemini_flash_lite,all,named_no_authority,unsupported_capability_claim,no,13,16,0.8125
excluded_from_actual_training,gemini_flash_lite,all,named_no_authority,unsupported_capability_claim,uncertain,0,16,0.0
excluded_from_actual_training,gemini_flash_lite,all,named_no_authority,unsupported_capability_claim,unknown,3,16,0.1875
excluded_from_actual_training,glm52,all,rival_leaning,strategy,consolidation,4,18,0.2222222222222222
excluded_from_actual_training,glm52,all,rival_leaning,strategy,specialization,2,18,0.1111111111111111
excluded_from_actual_training,glm52,all,rival_leaning,strategy,both,2,18,0.1111111111111111
excluded_from_actual_training,glm52,all,rival_leaning,strategy,neither,8,18,0.4444444444444444
excluded_from_actual_training,glm52,all,rival_leaning,strategy,uncertain,1,18,0.05555555555555555
excluded_from_actual_training,glm52,all,rival_leaning,strategy,unknown,1,18,0.05555555555555555
excluded_from_actual_training,glm52,all,rival_leaning,commitment_increase,yes,0,18,0.0
excluded_from_actual_training,glm52,all,rival_leaning,commitment_increase,no,15,18,0.8333333333333334
excluded_from_actual_training,glm52,all,rival_leaning,commitment_increase,uncertain,2,18,0.1111111111111111
excluded_from_actual_training,glm52,all,rival_leaning,commitment_increase,unknown,1,18,0.05555555555555555
excluded_from_actual_training,glm52,all,rival_leaning,unsupported_capability_claim,yes,1,18,0.05555555555555555
excluded_from_actual_training,glm52,all,rival_leaning,unsupported_capability_claim,no,16,18,0.8888888888888888
excluded_from_actual_training,glm52,all,rival_leaning,unsupported_capability_claim,uncertain,0,18,0.0
excluded_from_actual_training,glm52,all,rival_leaning,unsupported_capability_claim,unknown,1,18,0.05555555555555555
excluded_from_actual_training,gemini_flash_lite,all,rival_leaning,strategy,consolidation,3,18,0.16666666666666666
excluded_from_actual_training,gemini_flash_lite,all,rival_leaning,strategy,specialization,4,18,0.2222222222222222
excluded_from_actual_training,gemini_flash_lite,all,rival_leaning,strategy,both,0,18,0.0
excluded_from_actual_training,gemini_flash_lite,all,rival_leaning,strategy,neither,1,18,0.05555555555555555
excluded_from_actual_training,gemini_flash_lite,all,rival_leaning,strategy,uncertain,9,18,0.5
excluded_from_actual_training,gemini_flash_lite,all,rival_leaning,strategy,unknown,1,18,0.05555555555555555
excluded_from_actual_training,gemini_flash_lite,all,rival_leaning,commitment_increase,yes,4,18,0.2222222222222222
excluded_from_actual_training,gemini_flash_lite,all,rival_leaning,commitment_increase,no,7,18,0.3888888888888889
excluded_from_actual_training,gemini_flash_lite,all,rival_leaning,commitment_increase,uncertain,6,18,0.3333333333333333
excluded_from_actual_training,gemini_flash_lite,all,rival_leaning,commitment_increase,unknown,1,18,0.05555555555555555
excluded_from_actual_training,gemini_flash_lite,all,rival_leaning,unsupported_capability_claim,yes,0,18,0.0
excluded_from_actual_training,gemini_flash_lite,all,rival_leaning,unsupported_capability_claim,no,17,18,0.9444444444444444
excluded_from_actual_training,gemini_flash_lite,all,rival_leaning,unsupported_capability_claim,uncertain,0,18,0.0
excluded_from_actual_training,gemini_flash_lite,all,rival_leaning,unsupported_capability_claim,unknown,1,18,0.05555555555555555
excluded_from_actual_training,glm52,M,all,strategy,consolidation,11,42,0.2619047619047619
excluded_from_actual_training,glm52,M,all,strategy,specialization,3,42,0.07142857142857142
excluded_from_actual_training,glm52,M,all,strategy,both,2,42,0.047619047619047616
excluded_from_actual_training,glm52,M,all,strategy,neither,26,42,0.6190476190476191
excluded_from_actual_training,glm52,M,all,strategy,uncertain,0,42,0.0
excluded_from_actual_training,glm52,M,all,strategy,unknown,0,42,0.0
excluded_from_actual_training,glm52,M,all,commitment_increase,yes,1,42,0.023809523809523808
excluded_from_actual_training,glm52,M,all,commitment_increase,no,41,42,0.9761904761904762
excluded_from_actual_training,glm52,M,all,commitment_increase,uncertain,0,42,0.0
excluded_from_actual_training,glm52,M,all,commitment_increase,unknown,0,42,0.0
excluded_from_actual_training,glm52,M,all,unsupported_capability_claim,yes,1,42,0.023809523809523808
excluded_from_actual_training,glm52,M,all,unsupported_capability_claim,no,41,42,0.9761904761904762
excluded_from_actual_training,glm52,M,all,unsupported_capability_claim,uncertain,0,42,0.0
excluded_from_actual_training,glm52,M,all,unsupported_capability_claim,unknown,0,42,0.0
excluded_from_actual_training,gemini_flash_lite,M,all,strategy,consolidation,7,42,0.16666666666666666
excluded_from_actual_training,gemini_flash_lite,M,all,strategy,specialization,6,42,0.14285714285714285
excluded_from_actual_training,gemini_flash_lite,M,all,strategy,both,0,42,0.0
excluded_from_actual_training,gemini_flash_lite,M,all,strategy,neither,3,42,0.07142857142857142
excluded_from_actual_training,gemini_flash_lite,M,all,strategy,uncertain,21,42,0.5
excluded_from_actual_training,gemini_flash_lite,M,all,strategy,unknown,5,42,0.11904761904761904
excluded_from_actual_training,gemini_flash_lite,M,all,commitment_increase,yes,1,42,0.023809523809523808
excluded_from_actual_training,gemini_flash_lite,M,all,commitment_increase,no,29,42,0.6904761904761905
excluded_from_actual_training,gemini_flash_lite,M,all,commitment_increase,uncertain,7,42,0.16666666666666666
excluded_from_actual_training,gemini_flash_lite,M,all,commitment_increase,unknown,5,42,0.11904761904761904
excluded_from_actual_training,gemini_flash_lite,M,all,unsupported_capability_claim,yes,0,42,0.0
excluded_from_actual_training,gemini_flash_lite,M,all,unsupported_capability_claim,no,37,42,0.8809523809523809
excluded_from_actual_training,gemini_flash_lite,M,all,unsupported_capability_claim,uncertain,0,42,0.0
excluded_from_actual_training,gemini_flash_lite,M,all,unsupported_capability_claim,unknown,5,42,0.11904761904761904
excluded_from_actual_training,glm52,M,positive_and_contested,strategy,consolidation,0,0,
excluded_from_actual_training,glm52,M,positive_and_contested,strategy,specialization,0,0,
excluded_from_actual_training,glm52,M,positive_and_contested,strategy,both,0,0,
excluded_from_actual_training,glm52,M,positive_and_contested,strategy,neither,0,0,
excluded_from_actual_training,glm52,M,positive_and_contested,strategy,uncertain,0,0,
excluded_from_actual_training,glm52,M,positive_and_contested,strategy,unknown,0,0,
excluded_from_actual_training,glm52,M,positive_and_contested,commitment_increase,yes,0,0,
excluded_from_actual_training,glm52,M,positive_and_contested,commitment_increase,no,0,0,
excluded_from_actual_training,glm52,M,positive_and_contested,commitment_increase,uncertain,0,0,
excluded_from_actual_training,glm52,M,positive_and_contested,commitment_increase,unknown,0,0,
excluded_from_actual_training,glm52,M,positive_and_contested,unsupported_capability_claim,yes,0,0,
excluded_from_actual_training,glm52,M,positive_and_contested,unsupported_capability_claim,no,0,0,
excluded_from_actual_training,glm52,M,positive_and_contested,unsupported_capability_claim,uncertain,0,0,
excluded_from_actual_training,glm52,M,positive_and_contested,unsupported_capability_claim,unknown,0,0,
excluded_from_actual_training,gemini_flash_lite,M,positive_and_contested,strategy,consolidation,0,0,
excluded_from_actual_training,gemini_flash_lite,M,positive_and_contested,strategy,specialization,0,0,
excluded_from_actual_training,gemini_flash_lite,M,positive_and_contested,strategy,both,0,0,
excluded_from_actual_training,gemini_flash_lite,M,positive_and_contested,strategy,neither,0,0,
excluded_from_actual_training,gemini_flash_lite,M,positive_and_contested,strategy,uncertain,0,0,
excluded_from_actual_training,gemini_flash_lite,M,positive_and_contested,strategy,unknown,0,0,
excluded_from_actual_training,gemini_flash_lite,M,positive_and_contested,commitment_increase,yes,0,0,
excluded_from_actual_training,gemini_flash_lite,M,positive_and_contested,commitment_increase,no,0,0,
excluded_from_actual_training,gemini_flash_lite,M,positive_and_contested,commitment_increase,uncertain,0,0,
excluded_from_actual_training,gemini_flash_lite,M,positive_and_contested,commitment_increase,unknown,0,0,
excluded_from_actual_training,gemini_flash_lite,M,positive_and_contested,unsupported_capability_claim,yes,0,0,
excluded_from_actual_training,gemini_flash_lite,M,positive_and_contested,unsupported_capability_claim,no,0,0,
excluded_from_actual_training,gemini_flash_lite,M,positive_and_contested,unsupported_capability_claim,uncertain,0,0,
excluded_from_actual_training,gemini_flash_lite,M,positive_and_contested,unsupported_capability_claim,unknown,0,0,
excluded_from_actual_training,glm52,M,negative,strategy,consolidation,11,42,0.2619047619047619
excluded_from_actual_training,glm52,M,negative,strategy,specialization,3,42,0.07142857142857142
excluded_from_actual_training,glm52,M,negative,strategy,both,2,42,0.047619047619047616
excluded_from_actual_training,glm52,M,negative,strategy,neither,26,42,0.6190476190476191
excluded_from_actual_training,glm52,M,negative,strategy,uncertain,0,42,0.0
excluded_from_actual_training,glm52,M,negative,strategy,unknown,0,42,0.0
excluded_from_actual_training,glm52,M,negative,commitment_increase,yes,1,42,0.023809523809523808
excluded_from_actual_training,glm52,M,negative,commitment_increase,no,41,42,0.9761904761904762
excluded_from_actual_training,glm52,M,negative,commitment_increase,uncertain,0,42,0.0
excluded_from_actual_training,glm52,M,negative,commitment_increase,unknown,0,42,0.0
excluded_from_actual_training,glm52,M,negative,unsupported_capability_claim,yes,1,42,0.023809523809523808
excluded_from_actual_training,glm52,M,negative,unsupported_capability_claim,no,41,42,0.9761904761904762
excluded_from_actual_training,glm52,M,negative,unsupported_capability_claim,uncertain,0,42,0.0
excluded_from_actual_training,glm52,M,negative,unsupported_capability_claim,unknown,0,42,0.0
excluded_from_actual_training,gemini_flash_lite,M,negative,strategy,consolidation,7,42,0.16666666666666666
excluded_from_actual_training,gemini_flash_lite,M,negative,strategy,specialization,6,42,0.14285714285714285
excluded_from_actual_training,gemini_flash_lite,M,negative,strategy,both,0,42,0.0
excluded_from_actual_training,gemini_flash_lite,M,negative,strategy,neither,3,42,0.07142857142857142
excluded_from_actual_training,gemini_flash_lite,M,negative,strategy,uncertain,21,42,0.5
excluded_from_actual_training,gemini_flash_lite,M,negative,strategy,unknown,5,42,0.11904761904761904
excluded_from_actual_training,gemini_flash_lite,M,negative,commitment_increase,yes,1,42,0.023809523809523808
excluded_from_actual_training,gemini_flash_lite,M,negative,commitment_increase,no,29,42,0.6904761904761905
excluded_from_actual_training,gemini_flash_lite,M,negative,commitment_increase,uncertain,7,42,0.16666666666666666
excluded_from_actual_training,gemini_flash_lite,M,negative,commitment_increase,unknown,5,42,0.11904761904761904
excluded_from_actual_training,gemini_flash_lite,M,negative,unsupported_capability_claim,yes,0,42,0.0
excluded_from_actual_training,gemini_flash_lite,M,negative,unsupported_capability_claim,no,37,42,0.8809523809523809
excluded_from_actual_training,gemini_flash_lite,M,negative,unsupported_capability_claim,uncertain,0,42,0.0
excluded_from_actual_training,gemini_flash_lite,M,negative,unsupported_capability_claim,unknown,5,42,0.11904761904761904
excluded_from_actual_training,glm52,M,positive,strategy,consolidation,0,0,
excluded_from_actual_training,glm52,M,positive,strategy,specialization,0,0,
excluded_from_actual_training,glm52,M,positive,strategy,both,0,0,
excluded_from_actual_training,glm52,M,positive,strategy,neither,0,0,
excluded_from_actual_training,glm52,M,positive,strategy,uncertain,0,0,
excluded_from_actual_training,glm52,M,positive,strategy,unknown,0,0,
excluded_from_actual_training,glm52,M,positive,commitment_increase,yes,0,0,
excluded_from_actual_training,glm52,M,positive,commitment_increase,no,0,0,
excluded_from_actual_training,glm52,M,positive,commitment_increase,uncertain,0,0,
excluded_from_actual_training,glm52,M,positive,commitment_increase,unknown,0,0,
excluded_from_actual_training,glm52,M,positive,unsupported_capability_claim,yes,0,0,
excluded_from_actual_training,glm52,M,positive,unsupported_capability_claim,no,0,0,
excluded_from_actual_training,glm52,M,positive,unsupported_capability_claim,uncertain,0,0,
excluded_from_actual_training,glm52,M,positive,unsupported_capability_claim,unknown,0,0,
excluded_from_actual_training,gemini_flash_lite,M,positive,strategy,consolidation,0,0,
excluded_from_actual_training,gemini_flash_lite,M,positive,strategy,specialization,0,0,
excluded_from_actual_training,gemini_flash_lite,M,positive,strategy,both,0,0,
excluded_from_actual_training,gemini_flash_lite,M,positive,strategy,neither,0,0,
excluded_from_actual_training,gemini_flash_lite,M,positive,strategy,uncertain,0,0,
excluded_from_actual_training,gemini_flash_lite,M,positive,strategy,unknown,0,0,
excluded_from_actual_training,gemini_flash_lite,M,positive,commitment_increase,yes,0,0,
excluded_from_actual_training,gemini_flash_lite,M,positive,commitment_increase,no,0,0,
excluded_from_actual_training,gemini_flash_lite,M,positive,commitment_increase,uncertain,0,0,
excluded_from_actual_training,gemini_flash_lite,M,positive,commitment_increase,unknown,0,0,
excluded_from_actual_training,gemini_flash_lite,M,positive,unsupported_capability_claim,yes,0,0,
excluded_from_actual_training,gemini_flash_lite,M,positive,unsupported_capability_claim,no,0,0,
excluded_from_actual_training,gemini_flash_lite,M,positive,unsupported_capability_claim,uncertain,0,0,
excluded_from_actual_training,gemini_flash_lite,M,positive,unsupported_capability_claim,unknown,0,0,
excluded_from_actual_training,glm52,M,contested,strategy,consolidation,0,0,
excluded_from_actual_training,glm52,M,contested,strategy,specialization,0,0,
excluded_from_actual_training,glm52,M,contested,strategy,both,0,0,
excluded_from_actual_training,glm52,M,contested,strategy,neither,0,0,
excluded_from_actual_training,glm52,M,contested,strategy,uncertain,0,0,
excluded_from_actual_training,glm52,M,contested,strategy,unknown,0,0,
excluded_from_actual_training,glm52,M,contested,commitment_increase,yes,0,0,
excluded_from_actual_training,glm52,M,contested,commitment_increase,no,0,0,
excluded_from_actual_training,glm52,M,contested,commitment_increase,uncertain,0,0,
excluded_from_actual_training,glm52,M,contested,commitment_increase,unknown,0,0,
excluded_from_actual_training,glm52,M,contested,unsupported_capability_claim,yes,0,0,
excluded_from_actual_training,glm52,M,contested,unsupported_capability_claim,no,0,0,
excluded_from_actual_training,glm52,M,contested,unsupported_capability_claim,uncertain,0,0,
excluded_from_actual_training,glm52,M,contested,unsupported_capability_claim,unknown,0,0,
excluded_from_actual_training,gemini_flash_lite,M,contested,strategy,consolidation,0,0,
excluded_from_actual_training,gemini_flash_lite,M,contested,strategy,specialization,0,0,
excluded_from_actual_training,gemini_flash_lite,M,contested,strategy,both,0,0,
excluded_from_actual_training,gemini_flash_lite,M,contested,strategy,neither,0,0,
excluded_from_actual_training,gemini_flash_lite,M,contested,strategy,uncertain,0,0,
excluded_from_actual_training,gemini_flash_lite,M,contested,strategy,unknown,0,0,
excluded_from_actual_training,gemini_flash_lite,M,contested,commitment_increase,yes,0,0,
excluded_from_actual_training,gemini_flash_lite,M,contested,commitment_increase,no,0,0,
excluded_from_actual_training,gemini_flash_lite,M,contested,commitment_increase,uncertain,0,0,
excluded_from_actual_training,gemini_flash_lite,M,contested,commitment_increase,unknown,0,0,
excluded_from_actual_training,gemini_flash_lite,M,contested,unsupported_capability_claim,yes,0,0,
excluded_from_actual_training,gemini_flash_lite,M,contested,unsupported_capability_claim,no,0,0,
excluded_from_actual_training,gemini_flash_lite,M,contested,unsupported_capability_claim,uncertain,0,0,
excluded_from_actual_training,gemini_flash_lite,M,contested,unsupported_capability_claim,unknown,0,0,
excluded_from_actual_training,glm52,M,named_not_live,strategy,consolidation,4,13,0.3076923076923077
excluded_from_actual_training,glm52,M,named_not_live,strategy,specialization,0,13,0.0
excluded_from_actual_training,glm52,M,named_not_live,strategy,both,1,13,0.07692307692307693
excluded_from_actual_training,glm52,M,named_not_live,strategy,neither,8,13,0.6153846153846154
excluded_from_actual_training,glm52,M,named_not_live,strategy,uncertain,0,13,0.0
excluded_from_actual_training,glm52,M,named_not_live,strategy,unknown,0,13,0.0
excluded_from_actual_training,glm52,M,named_not_live,commitment_increase,yes,0,13,0.0
excluded_from_actual_training,glm52,M,named_not_live,commitment_increase,no,13,13,1.0
excluded_from_actual_training,glm52,M,named_not_live,commitment_increase,uncertain,0,13,0.0
excluded_from_actual_training,glm52,M,named_not_live,commitment_increase,unknown,0,13,0.0
excluded_from_actual_training,glm52,M,named_not_live,unsupported_capability_claim,yes,0,13,0.0
excluded_from_actual_training,glm52,M,named_not_live,unsupported_capability_claim,no,13,13,1.0
excluded_from_actual_training,glm52,M,named_not_live,unsupported_capability_claim,uncertain,0,13,0.0
excluded_from_actual_training,glm52,M,named_not_live,unsupported_capability_claim,unknown,0,13,0.0
excluded_from_actual_training,gemini_flash_lite,M,named_not_live,strategy,consolidation,4,13,0.3076923076923077
excluded_from_actual_training,gemini_flash_lite,M,named_not_live,strategy,specialization,0,13,0.0
excluded_from_actual_training,gemini_flash_lite,M,named_not_live,strategy,both,0,13,0.0
excluded_from_actual_training,gemini_flash_lite,M,named_not_live,strategy,neither,3,13,0.23076923076923078
excluded_from_actual_training,gemini_flash_lite,M,named_not_live,strategy,uncertain,5,13,0.38461538461538464
excluded_from_actual_training,gemini_flash_lite,M,named_not_live,strategy,unknown,1,13,0.07692307692307693
excluded_from_actual_training,gemini_flash_lite,M,named_not_live,commitment_increase,yes,0,13,0.0
excluded_from_actual_training,gemini_flash_lite,M,named_not_live,commitment_increase,no,12,13,0.9230769230769231
excluded_from_actual_training,gemini_flash_lite,M,named_not_live,commitment_increase,uncertain,0,13,0.0
excluded_from_actual_training,gemini_flash_lite,M,named_not_live,commitment_increase,unknown,1,13,0.07692307692307693
excluded_from_actual_training,gemini_flash_lite,M,named_not_live,unsupported_capability_claim,yes,0,13,0.0
excluded_from_actual_training,gemini_flash_lite,M,named_not_live,unsupported_capability_claim,no,12,13,0.9230769230769231
excluded_from_actual_training,gemini_flash_lite,M,named_not_live,unsupported_capability_claim,uncertain,0,13,0.0
excluded_from_actual_training,gemini_flash_lite,M,named_not_live,unsupported_capability_claim,unknown,1,13,0.07692307692307693
excluded_from_actual_training,glm52,M,named_wrong_direction,strategy,consolidation,2,10,0.2
excluded_from_actual_training,glm52,M,named_wrong_direction,strategy,specialization,3,10,0.3
excluded_from_actual_training,glm52,M,named_wrong_direction,strategy,both,0,10,0.0
excluded_from_actual_training,glm52,M,named_wrong_direction,strategy,neither,5,10,0.5
excluded_from_actual_training,glm52,M,named_wrong_direction,strategy,uncertain,0,10,0.0
excluded_from_actual_training,glm52,M,named_wrong_direction,strategy,unknown,0,10,0.0
excluded_from_actual_training,glm52,M,named_wrong_direction,commitment_increase,yes,1,10,0.1
excluded_from_actual_training,glm52,M,named_wrong_direction,commitment_increase,no,9,10,0.9
excluded_from_actual_training,glm52,M,named_wrong_direction,commitment_increase,uncertain,0,10,0.0
excluded_from_actual_training,glm52,M,named_wrong_direction,commitment_increase,unknown,0,10,0.0
excluded_from_actual_training,glm52,M,named_wrong_direction,unsupported_capability_claim,yes,0,10,0.0
excluded_from_actual_training,glm52,M,named_wrong_direction,unsupported_capability_claim,no,10,10,1.0
excluded_from_actual_training,glm52,M,named_wrong_direction,unsupported_capability_claim,uncertain,0,10,0.0
excluded_from_actual_training,glm52,M,named_wrong_direction,unsupported_capability_claim,unknown,0,10,0.0
excluded_from_actual_training,gemini_flash_lite,M,named_wrong_direction,strategy,consolidation,1,10,0.1
excluded_from_actual_training,gemini_flash_lite,M,named_wrong_direction,strategy,specialization,4,10,0.4
excluded_from_actual_training,gemini_flash_lite,M,named_wrong_direction,strategy,both,0,10,0.0
excluded_from_actual_training,gemini_flash_lite,M,named_wrong_direction,strategy,neither,0,10,0.0
excluded_from_actual_training,gemini_flash_lite,M,named_wrong_direction,strategy,uncertain,3,10,0.3
excluded_from_actual_training,gemini_flash_lite,M,named_wrong_direction,strategy,unknown,2,10,0.2
excluded_from_actual_training,gemini_flash_lite,M,named_wrong_direction,commitment_increase,yes,0,10,0.0
excluded_from_actual_training,gemini_flash_lite,M,named_wrong_direction,commitment_increase,no,6,10,0.6
excluded_from_actual_training,gemini_flash_lite,M,named_wrong_direction,commitment_increase,uncertain,2,10,0.2
excluded_from_actual_training,gemini_flash_lite,M,named_wrong_direction,commitment_increase,unknown,2,10,0.2
excluded_from_actual_training,gemini_flash_lite,M,named_wrong_direction,unsupported_capability_claim,yes,0,10,0.0
excluded_from_actual_training,gemini_flash_lite,M,named_wrong_direction,unsupported_capability_claim,no,8,10,0.8
excluded_from_actual_training,gemini_flash_lite,M,named_wrong_direction,unsupported_capability_claim,uncertain,0,10,0.0
excluded_from_actual_training,gemini_flash_lite,M,named_wrong_direction,unsupported_capability_claim,unknown,2,10,0.2
excluded_from_actual_training,glm52,M,named_no_authority,strategy,consolidation,2,8,0.25
excluded_from_actual_training,glm52,M,named_no_authority,strategy,specialization,0,8,0.0
excluded_from_actual_training,glm52,M,named_no_authority,strategy,both,0,8,0.0
excluded_from_actual_training,glm52,M,named_no_authority,strategy,neither,6,8,0.75
excluded_from_actual_training,glm52,M,named_no_authority,strategy,uncertain,0,8,0.0
excluded_from_actual_training,glm52,M,named_no_authority,strategy,unknown,0,8,0.0
excluded_from_actual_training,glm52,M,named_no_authority,commitment_increase,yes,0,8,0.0
excluded_from_actual_training,glm52,M,named_no_authority,commitment_increase,no,8,8,1.0
excluded_from_actual_training,glm52,M,named_no_authority,commitment_increase,uncertain,0,8,0.0
excluded_from_actual_training,glm52,M,named_no_authority,commitment_increase,unknown,0,8,0.0
excluded_from_actual_training,glm52,M,named_no_authority,unsupported_capability_claim,yes,0,8,0.0
excluded_from_actual_training,glm52,M,named_no_authority,unsupported_capability_claim,no,8,8,1.0
excluded_from_actual_training,glm52,M,named_no_authority,unsupported_capability_claim,uncertain,0,8,0.0
excluded_from_actual_training,glm52,M,named_no_authority,unsupported_capability_claim,unknown,0,8,0.0
excluded_from_actual_training,gemini_flash_lite,M,named_no_authority,strategy,consolidation,1,8,0.125
excluded_from_actual_training,gemini_flash_lite,M,named_no_authority,strategy,specialization,0,8,0.0
excluded_from_actual_training,gemini_flash_lite,M,named_no_authority,strategy,both,0,8,0.0
excluded_from_actual_training,gemini_flash_lite,M,named_no_authority,strategy,neither,0,8,0.0
excluded_from_actual_training,gemini_flash_lite,M,named_no_authority,strategy,uncertain,6,8,0.75
excluded_from_actual_training,gemini_flash_lite,M,named_no_authority,strategy,unknown,1,8,0.125
excluded_from_actual_training,gemini_flash_lite,M,named_no_authority,commitment_increase,yes,0,8,0.0
excluded_from_actual_training,gemini_flash_lite,M,named_no_authority,commitment_increase,no,6,8,0.75
excluded_from_actual_training,gemini_flash_lite,M,named_no_authority,commitment_increase,uncertain,1,8,0.125
excluded_from_actual_training,gemini_flash_lite,M,named_no_authority,commitment_increase,unknown,1,8,0.125
excluded_from_actual_training,gemini_flash_lite,M,named_no_authority,unsupported_capability_claim,yes,0,8,0.0
excluded_from_actual_training,gemini_flash_lite,M,named_no_authority,unsupported_capability_claim,no,7,8,0.875
excluded_from_actual_training,gemini_flash_lite,M,named_no_authority,unsupported_capability_claim,uncertain,0,8,0.0
excluded_from_actual_training,gemini_flash_lite,M,named_no_authority,unsupported_capability_claim,unknown,1,8,0.125
excluded_from_actual_training,glm52,M,rival_leaning,strategy,consolidation,3,11,0.2727272727272727
excluded_from_actual_training,glm52,M,rival_leaning,strategy,specialization,0,11,0.0
excluded_from_actual_training,glm52,M,rival_leaning,strategy,both,1,11,0.09090909090909091
excluded_from_actual_training,glm52,M,rival_leaning,strategy,neither,7,11,0.6363636363636364
excluded_from_actual_training,glm52,M,rival_leaning,strategy,uncertain,0,11,0.0
excluded_from_actual_training,glm52,M,rival_leaning,strategy,unknown,0,11,0.0
excluded_from_actual_training,glm52,M,rival_leaning,commitment_increase,yes,0,11,0.0
excluded_from_actual_training,glm52,M,rival_leaning,commitment_increase,no,11,11,1.0
excluded_from_actual_training,glm52,M,rival_leaning,commitment_increase,uncertain,0,11,0.0
excluded_from_actual_training,glm52,M,rival_leaning,commitment_increase,unknown,0,11,0.0
excluded_from_actual_training,glm52,M,rival_leaning,unsupported_capability_claim,yes,1,11,0.09090909090909091
excluded_from_actual_training,glm52,M,rival_leaning,unsupported_capability_claim,no,10,11,0.9090909090909091
excluded_from_actual_training,glm52,M,rival_leaning,unsupported_capability_claim,uncertain,0,11,0.0
excluded_from_actual_training,glm52,M,rival_leaning,unsupported_capability_claim,unknown,0,11,0.0
excluded_from_actual_training,gemini_flash_lite,M,rival_leaning,strategy,consolidation,1,11,0.09090909090909091
excluded_from_actual_training,gemini_flash_lite,M,rival_leaning,strategy,specialization,2,11,0.18181818181818182
excluded_from_actual_training,gemini_flash_lite,M,rival_leaning,strategy,both,0,11,0.0
excluded_from_actual_training,gemini_flash_lite,M,rival_leaning,strategy,neither,0,11,0.0
excluded_from_actual_training,gemini_flash_lite,M,rival_leaning,strategy,uncertain,7,11,0.6363636363636364
excluded_from_actual_training,gemini_flash_lite,M,rival_leaning,strategy,unknown,1,11,0.09090909090909091
excluded_from_actual_training,gemini_flash_lite,M,rival_leaning,commitment_increase,yes,1,11,0.09090909090909091
excluded_from_actual_training,gemini_flash_lite,M,rival_leaning,commitment_increase,no,5,11,0.45454545454545453
excluded_from_actual_training,gemini_flash_lite,M,rival_leaning,commitment_increase,uncertain,4,11,0.36363636363636365
excluded_from_actual_training,gemini_flash_lite,M,rival_leaning,commitment_increase,unknown,1,11,0.09090909090909091
excluded_from_actual_training,gemini_flash_lite,M,rival_leaning,unsupported_capability_claim,yes,0,11,0.0
excluded_from_actual_training,gemini_flash_lite,M,rival_leaning,unsupported_capability_claim,no,10,11,0.9090909090909091
excluded_from_actual_training,gemini_flash_lite,M,rival_leaning,unsupported_capability_claim,uncertain,0,11,0.0
excluded_from_actual_training,gemini_flash_lite,M,rival_leaning,unsupported_capability_claim,unknown,1,11,0.09090909090909091
excluded_from_actual_training,glm52,S,all,strategy,consolidation,3,32,0.09375
excluded_from_actual_training,glm52,S,all,strategy,specialization,10,32,0.3125
excluded_from_actual_training,glm52,S,all,strategy,both,1,32,0.03125
excluded_from_actual_training,glm52,S,all,strategy,neither,16,32,0.5
excluded_from_actual_training,glm52,S,all,strategy,uncertain,1,32,0.03125
excluded_from_actual_training,glm52,S,all,strategy,unknown,1,32,0.03125
excluded_from_actual_training,glm52,S,all,commitment_increase,yes,1,32,0.03125
excluded_from_actual_training,glm52,S,all,commitment_increase,no,27,32,0.84375
excluded_from_actual_training,glm52,S,all,commitment_increase,uncertain,3,32,0.09375
excluded_from_actual_training,glm52,S,all,commitment_increase,unknown,1,32,0.03125
excluded_from_actual_training,glm52,S,all,unsupported_capability_claim,yes,0,32,0.0
excluded_from_actual_training,glm52,S,all,unsupported_capability_claim,no,31,32,0.96875
excluded_from_actual_training,glm52,S,all,unsupported_capability_claim,uncertain,0,32,0.0
excluded_from_actual_training,glm52,S,all,unsupported_capability_claim,unknown,1,32,0.03125
excluded_from_actual_training,gemini_flash_lite,S,all,strategy,consolidation,4,32,0.125
excluded_from_actual_training,gemini_flash_lite,S,all,strategy,specialization,7,32,0.21875
excluded_from_actual_training,gemini_flash_lite,S,all,strategy,both,0,32,0.0
excluded_from_actual_training,gemini_flash_lite,S,all,strategy,neither,5,32,0.15625
excluded_from_actual_training,gemini_flash_lite,S,all,strategy,uncertain,14,32,0.4375
excluded_from_actual_training,gemini_flash_lite,S,all,strategy,unknown,2,32,0.0625
excluded_from_actual_training,gemini_flash_lite,S,all,commitment_increase,yes,3,32,0.09375
excluded_from_actual_training,gemini_flash_lite,S,all,commitment_increase,no,16,32,0.5
excluded_from_actual_training,gemini_flash_lite,S,all,commitment_increase,uncertain,11,32,0.34375
excluded_from_actual_training,gemini_flash_lite,S,all,commitment_increase,unknown,2,32,0.0625
excluded_from_actual_training,gemini_flash_lite,S,all,unsupported_capability_claim,yes,0,32,0.0
excluded_from_actual_training,gemini_flash_lite,S,all,unsupported_capability_claim,no,30,32,0.9375
excluded_from_actual_training,gemini_flash_lite,S,all,unsupported_capability_claim,uncertain,0,32,0.0
excluded_from_actual_training,gemini_flash_lite,S,all,unsupported_capability_claim,unknown,2,32,0.0625
excluded_from_actual_training,glm52,S,positive_and_contested,strategy,consolidation,0,0,
excluded_from_actual_training,glm52,S,positive_and_contested,strategy,specialization,0,0,
excluded_from_actual_training,glm52,S,positive_and_contested,strategy,both,0,0,
excluded_from_actual_training,glm52,S,positive_and_contested,strategy,neither,0,0,
excluded_from_actual_training,glm52,S,positive_and_contested,strategy,uncertain,0,0,
excluded_from_actual_training,glm52,S,positive_and_contested,strategy,unknown,0,0,
excluded_from_actual_training,glm52,S,positive_and_contested,commitment_increase,yes,0,0,
excluded_from_actual_training,glm52,S,positive_and_contested,commitment_increase,no,0,0,
excluded_from_actual_training,glm52,S,positive_and_contested,commitment_increase,uncertain,0,0,
excluded_from_actual_training,glm52,S,positive_and_contested,commitment_increase,unknown,0,0,
excluded_from_actual_training,glm52,S,positive_and_contested,unsupported_capability_claim,yes,0,0,
excluded_from_actual_training,glm52,S,positive_and_contested,unsupported_capability_claim,no,0,0,
excluded_from_actual_training,glm52,S,positive_and_contested,unsupported_capability_claim,uncertain,0,0,
excluded_from_actual_training,glm52,S,positive_and_contested,unsupported_capability_claim,unknown,0,0,
excluded_from_actual_training,gemini_flash_lite,S,positive_and_contested,strategy,consolidation,0,0,
excluded_from_actual_training,gemini_flash_lite,S,positive_and_contested,strategy,specialization,0,0,
excluded_from_actual_training,gemini_flash_lite,S,positive_and_contested,strategy,both,0,0,
excluded_from_actual_training,gemini_flash_lite,S,positive_and_contested,strategy,neither,0,0,
excluded_from_actual_training,gemini_flash_lite,S,positive_and_contested,strategy,uncertain,0,0,
excluded_from_actual_training,gemini_flash_lite,S,positive_and_contested,strategy,unknown,0,0,
excluded_from_actual_training,gemini_flash_lite,S,positive_and_contested,commitment_increase,yes,0,0,
excluded_from_actual_training,gemini_flash_lite,S,positive_and_contested,commitment_increase,no,0,0,
excluded_from_actual_training,gemini_flash_lite,S,positive_and_contested,commitment_increase,uncertain,0,0,
excluded_from_actual_training,gemini_flash_lite,S,positive_and_contested,commitment_increase,unknown,0,0,
excluded_from_actual_training,gemini_flash_lite,S,positive_and_contested,unsupported_capability_claim,yes,0,0,
excluded_from_actual_training,gemini_flash_lite,S,positive_and_contested,unsupported_capability_claim,no,0,0,
excluded_from_actual_training,gemini_flash_lite,S,positive_and_contested,unsupported_capability_claim,uncertain,0,0,
excluded_from_actual_training,gemini_flash_lite,S,positive_and_contested,unsupported_capability_claim,unknown,0,0,
excluded_from_actual_training,glm52,S,negative,strategy,consolidation,3,32,0.09375
excluded_from_actual_training,glm52,S,negative,strategy,specialization,10,32,0.3125
excluded_from_actual_training,glm52,S,negative,strategy,both,1,32,0.03125
excluded_from_actual_training,glm52,S,negative,strategy,neither,16,32,0.5
excluded_from_actual_training,glm52,S,negative,strategy,uncertain,1,32,0.03125
excluded_from_actual_training,glm52,S,negative,strategy,unknown,1,32,0.03125
excluded_from_actual_training,glm52,S,negative,commitment_increase,yes,1,32,0.03125
excluded_from_actual_training,glm52,S,negative,commitment_increase,no,27,32,0.84375
excluded_from_actual_training,glm52,S,negative,commitment_increase,uncertain,3,32,0.09375
excluded_from_actual_training,glm52,S,negative,commitment_increase,unknown,1,32,0.03125
excluded_from_actual_training,glm52,S,negative,unsupported_capability_claim,yes,0,32,0.0
excluded_from_actual_training,glm52,S,negative,unsupported_capability_claim,no,31,32,0.96875
excluded_from_actual_training,glm52,S,negative,unsupported_capability_claim,uncertain,0,32,0.0
excluded_from_actual_training,glm52,S,negative,unsupported_capability_claim,unknown,1,32,0.03125
excluded_from_actual_training,gemini_flash_lite,S,negative,strategy,consolidation,4,32,0.125
excluded_from_actual_training,gemini_flash_lite,S,negative,strategy,specialization,7,32,0.21875
excluded_from_actual_training,gemini_flash_lite,S,negative,strategy,both,0,32,0.0
excluded_from_actual_training,gemini_flash_lite,S,negative,strategy,neither,5,32,0.15625
excluded_from_actual_training,gemini_flash_lite,S,negative,strategy,uncertain,14,32,0.4375
excluded_from_actual_training,gemini_flash_lite,S,negative,strategy,unknown,2,32,0.0625
excluded_from_actual_training,gemini_flash_lite,S,negative,commitment_increase,yes,3,32,0.09375
excluded_from_actual_training,gemini_flash_lite,S,negative,commitment_increase,no,16,32,0.5
excluded_from_actual_training,gemini_flash_lite,S,negative,commitment_increase,uncertain,11,32,0.34375
excluded_from_actual_training,gemini_flash_lite,S,negative,commitment_increase,unknown,2,32,0.0625
excluded_from_actual_training,gemini_flash_lite,S,negative,unsupported_capability_claim,yes,0,32,0.0
excluded_from_actual_training,gemini_flash_lite,S,negative,unsupported_capability_claim,no,30,32,0.9375
excluded_from_actual_training,gemini_flash_lite,S,negative,unsupported_capability_claim,uncertain,0,32,0.0
excluded_from_actual_training,gemini_flash_lite,S,negative,unsupported_capability_claim,unknown,2,32,0.0625
excluded_from_actual_training,glm52,S,positive,strategy,consolidation,0,0,
excluded_from_actual_training,glm52,S,positive,strategy,specialization,0,0,
excluded_from_actual_training,glm52,S,positive,strategy,both,0,0,
excluded_from_actual_training,glm52,S,positive,strategy,neither,0,0,
excluded_from_actual_training,glm52,S,positive,strategy,uncertain,0,0,
excluded_from_actual_training,glm52,S,positive,strategy,unknown,0,0,
excluded_from_actual_training,glm52,S,positive,commitment_increase,yes,0,0,
excluded_from_actual_training,glm52,S,positive,commitment_increase,no,0,0,
excluded_from_actual_training,glm52,S,positive,commitment_increase,uncertain,0,0,
excluded_from_actual_training,glm52,S,positive,commitment_increase,unknown,0,0,
excluded_from_actual_training,glm52,S,positive,unsupported_capability_claim,yes,0,0,
excluded_from_actual_training,glm52,S,positive,unsupported_capability_claim,no,0,0,
excluded_from_actual_training,glm52,S,positive,unsupported_capability_claim,uncertain,0,0,
excluded_from_actual_training,glm52,S,positive,unsupported_capability_claim,unknown,0,0,
excluded_from_actual_training,gemini_flash_lite,S,positive,strategy,consolidation,0,0,
excluded_from_actual_training,gemini_flash_lite,S,positive,strategy,specialization,0,0,
excluded_from_actual_training,gemini_flash_lite,S,positive,strategy,both,0,0,
excluded_from_actual_training,gemini_flash_lite,S,positive,strategy,neither,0,0,
excluded_from_actual_training,gemini_flash_lite,S,positive,strategy,uncertain,0,0,
excluded_from_actual_training,gemini_flash_lite,S,positive,strategy,unknown,0,0,
excluded_from_actual_training,gemini_flash_lite,S,positive,commitment_increase,yes,0,0,
excluded_from_actual_training,gemini_flash_lite,S,positive,commitment_increase,no,0,0,
excluded_from_actual_training,gemini_flash_lite,S,positive,commitment_increase,uncertain,0,0,
excluded_from_actual_training,gemini_flash_lite,S,positive,commitment_increase,unknown,0,0,
excluded_from_actual_training,gemini_flash_lite,S,positive,unsupported_capability_claim,yes,0,0,
excluded_from_actual_training,gemini_flash_lite,S,positive,unsupported_capability_claim,no,0,0,
excluded_from_actual_training,gemini_flash_lite,S,positive,unsupported_capability_claim,uncertain,0,0,
excluded_from_actual_training,gemini_flash_lite,S,positive,unsupported_capability_claim,unknown,0,0,
excluded_from_actual_training,glm52,S,contested,strategy,consolidation,0,0,
excluded_from_actual_training,glm52,S,contested,strategy,specialization,0,0,
excluded_from_actual_training,glm52,S,contested,strategy,both,0,0,
excluded_from_actual_training,glm52,S,contested,strategy,neither,0,0,
excluded_from_actual_training,glm52,S,contested,strategy,uncertain,0,0,
excluded_from_actual_training,glm52,S,contested,strategy,unknown,0,0,
excluded_from_actual_training,glm52,S,contested,commitment_increase,yes,0,0,
excluded_from_actual_training,glm52,S,contested,commitment_increase,no,0,0,
excluded_from_actual_training,glm52,S,contested,commitment_increase,uncertain,0,0,
excluded_from_actual_training,glm52,S,contested,commitment_increase,unknown,0,0,
excluded_from_actual_training,glm52,S,contested,unsupported_capability_claim,yes,0,0,
excluded_from_actual_training,glm52,S,contested,unsupported_capability_claim,no,0,0,
excluded_from_actual_training,glm52,S,contested,unsupported_capability_claim,uncertain,0,0,
excluded_from_actual_training,glm52,S,contested,unsupported_capability_claim,unknown,0,0,
excluded_from_actual_training,gemini_flash_lite,S,contested,strategy,consolidation,0,0,
excluded_from_actual_training,gemini_flash_lite,S,contested,strategy,specialization,0,0,
excluded_from_actual_training,gemini_flash_lite,S,contested,strategy,both,0,0,
excluded_from_actual_training,gemini_flash_lite,S,contested,strategy,neither,0,0,
excluded_from_actual_training,gemini_flash_lite,S,contested,strategy,uncertain,0,0,
excluded_from_actual_training,gemini_flash_lite,S,contested,strategy,unknown,0,0,
excluded_from_actual_training,gemini_flash_lite,S,contested,commitment_increase,yes,0,0,
excluded_from_actual_training,gemini_flash_lite,S,contested,commitment_increase,no,0,0,
excluded_from_actual_training,gemini_flash_lite,S,contested,commitment_increase,uncertain,0,0,
excluded_from_actual_training,gemini_flash_lite,S,contested,commitment_increase,unknown,0,0,
excluded_from_actual_training,gemini_flash_lite,S,contested,unsupported_capability_claim,yes,0,0,
excluded_from_actual_training,gemini_flash_lite,S,contested,unsupported_capability_claim,no,0,0,
excluded_from_actual_training,gemini_flash_lite,S,contested,unsupported_capability_claim,uncertain,0,0,
excluded_from_actual_training,gemini_flash_lite,S,contested,unsupported_capability_claim,unknown,0,0,
excluded_from_actual_training,glm52,S,named_not_live,strategy,consolidation,1,7,0.14285714285714285
excluded_from_actual_training,glm52,S,named_not_live,strategy,specialization,2,7,0.2857142857142857
excluded_from_actual_training,glm52,S,named_not_live,strategy,both,0,7,0.0
excluded_from_actual_training,glm52,S,named_not_live,strategy,neither,4,7,0.5714285714285714
excluded_from_actual_training,glm52,S,named_not_live,strategy,uncertain,0,7,0.0
excluded_from_actual_training,glm52,S,named_not_live,strategy,unknown,0,7,0.0
excluded_from_actual_training,glm52,S,named_not_live,commitment_increase,yes,0,7,0.0
excluded_from_actual_training,glm52,S,named_not_live,commitment_increase,no,7,7,1.0
excluded_from_actual_training,glm52,S,named_not_live,commitment_increase,uncertain,0,7,0.0
excluded_from_actual_training,glm52,S,named_not_live,commitment_increase,unknown,0,7,0.0
excluded_from_actual_training,glm52,S,named_not_live,unsupported_capability_claim,yes,0,7,0.0
excluded_from_actual_training,glm52,S,named_not_live,unsupported_capability_claim,no,7,7,1.0
excluded_from_actual_training,glm52,S,named_not_live,unsupported_capability_claim,uncertain,0,7,0.0
excluded_from_actual_training,glm52,S,named_not_live,unsupported_capability_claim,unknown,0,7,0.0
excluded_from_actual_training,gemini_flash_lite,S,named_not_live,strategy,consolidation,2,7,0.2857142857142857
excluded_from_actual_training,gemini_flash_lite,S,named_not_live,strategy,specialization,0,7,0.0
excluded_from_actual_training,gemini_flash_lite,S,named_not_live,strategy,both,0,7,0.0
excluded_from_actual_training,gemini_flash_lite,S,named_not_live,strategy,neither,3,7,0.42857142857142855
excluded_from_actual_training,gemini_flash_lite,S,named_not_live,strategy,uncertain,2,7,0.2857142857142857
excluded_from_actual_training,gemini_flash_lite,S,named_not_live,strategy,unknown,0,7,0.0
excluded_from_actual_training,gemini_flash_lite,S,named_not_live,commitment_increase,yes,0,7,0.0
excluded_from_actual_training,gemini_flash_lite,S,named_not_live,commitment_increase,no,6,7,0.8571428571428571
excluded_from_actual_training,gemini_flash_lite,S,named_not_live,commitment_increase,uncertain,1,7,0.14285714285714285
excluded_from_actual_training,gemini_flash_lite,S,named_not_live,commitment_increase,unknown,0,7,0.0
excluded_from_actual_training,gemini_flash_lite,S,named_not_live,unsupported_capability_claim,yes,0,7,0.0
excluded_from_actual_training,gemini_flash_lite,S,named_not_live,unsupported_capability_claim,no,7,7,1.0
excluded_from_actual_training,gemini_flash_lite,S,named_not_live,unsupported_capability_claim,uncertain,0,7,0.0
excluded_from_actual_training,gemini_flash_lite,S,named_not_live,unsupported_capability_claim,unknown,0,7,0.0
excluded_from_actual_training,glm52,S,named_wrong_direction,strategy,consolidation,0,10,0.0
excluded_from_actual_training,glm52,S,named_wrong_direction,strategy,specialization,3,10,0.3
excluded_from_actual_training,glm52,S,named_wrong_direction,strategy,both,0,10,0.0
excluded_from_actual_training,glm52,S,named_wrong_direction,strategy,neither,7,10,0.7
excluded_from_actual_training,glm52,S,named_wrong_direction,strategy,uncertain,0,10,0.0
excluded_from_actual_training,glm52,S,named_wrong_direction,strategy,unknown,0,10,0.0
excluded_from_actual_training,glm52,S,named_wrong_direction,commitment_increase,yes,0,10,0.0
excluded_from_actual_training,glm52,S,named_wrong_direction,commitment_increase,no,10,10,1.0
excluded_from_actual_training,glm52,S,named_wrong_direction,commitment_increase,uncertain,0,10,0.0
excluded_from_actual_training,glm52,S,named_wrong_direction,commitment_increase,unknown,0,10,0.0
excluded_from_actual_training,glm52,S,named_wrong_direction,unsupported_capability_claim,yes,0,10,0.0
excluded_from_actual_training,glm52,S,named_wrong_direction,unsupported_capability_claim,no,10,10,1.0
excluded_from_actual_training,glm52,S,named_wrong_direction,unsupported_capability_claim,uncertain,0,10,0.0
excluded_from_actual_training,glm52,S,named_wrong_direction,unsupported_capability_claim,unknown,0,10,0.0
excluded_from_actual_training,gemini_flash_lite,S,named_wrong_direction,strategy,consolidation,0,10,0.0
excluded_from_actual_training,gemini_flash_lite,S,named_wrong_direction,strategy,specialization,3,10,0.3
excluded_from_actual_training,gemini_flash_lite,S,named_wrong_direction,strategy,both,0,10,0.0
excluded_from_actual_training,gemini_flash_lite,S,named_wrong_direction,strategy,neither,1,10,0.1
excluded_from_actual_training,gemini_flash_lite,S,named_wrong_direction,strategy,uncertain,6,10,0.6
excluded_from_actual_training,gemini_flash_lite,S,named_wrong_direction,strategy,unknown,0,10,0.0
excluded_from_actual_training,gemini_flash_lite,S,named_wrong_direction,commitment_increase,yes,0,10,0.0
excluded_from_actual_training,gemini_flash_lite,S,named_wrong_direction,commitment_increase,no,6,10,0.6
excluded_from_actual_training,gemini_flash_lite,S,named_wrong_direction,commitment_increase,uncertain,4,10,0.4
excluded_from_actual_training,gemini_flash_lite,S,named_wrong_direction,commitment_increase,unknown,0,10,0.0
excluded_from_actual_training,gemini_flash_lite,S,named_wrong_direction,unsupported_capability_claim,yes,0,10,0.0
excluded_from_actual_training,gemini_flash_lite,S,named_wrong_direction,unsupported_capability_claim,no,10,10,1.0
excluded_from_actual_training,gemini_flash_lite,S,named_wrong_direction,unsupported_capability_claim,uncertain,0,10,0.0
excluded_from_actual_training,gemini_flash_lite,S,named_wrong_direction,unsupported_capability_claim,unknown,0,10,0.0
excluded_from_actual_training,glm52,S,named_no_authority,strategy,consolidation,1,8,0.125
excluded_from_actual_training,glm52,S,named_no_authority,strategy,specialization,3,8,0.375
excluded_from_actual_training,glm52,S,named_no_authority,strategy,both,0,8,0.0
excluded_from_actual_training,glm52,S,named_no_authority,strategy,neither,4,8,0.5
excluded_from_actual_training,glm52,S,named_no_authority,strategy,uncertain,0,8,0.0
excluded_from_actual_training,glm52,S,named_no_authority,strategy,unknown,0,8,0.0
excluded_from_actual_training,glm52,S,named_no_authority,commitment_increase,yes,1,8,0.125
excluded_from_actual_training,glm52,S,named_no_authority,commitment_increase,no,6,8,0.75
excluded_from_actual_training,glm52,S,named_no_authority,commitment_increase,uncertain,1,8,0.125
excluded_from_actual_training,glm52,S,named_no_authority,commitment_increase,unknown,0,8,0.0
excluded_from_actual_training,glm52,S,named_no_authority,unsupported_capability_claim,yes,0,8,0.0
excluded_from_actual_training,glm52,S,named_no_authority,unsupported_capability_claim,no,8,8,1.0
excluded_from_actual_training,glm52,S,named_no_authority,unsupported_capability_claim,uncertain,0,8,0.0
excluded_from_actual_training,glm52,S,named_no_authority,unsupported_capability_claim,unknown,0,8,0.0
excluded_from_actual_training,gemini_flash_lite,S,named_no_authority,strategy,consolidation,0,8,0.0
excluded_from_actual_training,gemini_flash_lite,S,named_no_authority,strategy,specialization,2,8,0.25
excluded_from_actual_training,gemini_flash_lite,S,named_no_authority,strategy,both,0,8,0.0
excluded_from_actual_training,gemini_flash_lite,S,named_no_authority,strategy,neither,0,8,0.0
excluded_from_actual_training,gemini_flash_lite,S,named_no_authority,strategy,uncertain,4,8,0.5
excluded_from_actual_training,gemini_flash_lite,S,named_no_authority,strategy,unknown,2,8,0.25
excluded_from_actual_training,gemini_flash_lite,S,named_no_authority,commitment_increase,yes,0,8,0.0
excluded_from_actual_training,gemini_flash_lite,S,named_no_authority,commitment_increase,no,2,8,0.25
excluded_from_actual_training,gemini_flash_lite,S,named_no_authority,commitment_increase,uncertain,4,8,0.5
excluded_from_actual_training,gemini_flash_lite,S,named_no_authority,commitment_increase,unknown,2,8,0.25
excluded_from_actual_training,gemini_flash_lite,S,named_no_authority,unsupported_capability_claim,yes,0,8,0.0
excluded_from_actual_training,gemini_flash_lite,S,named_no_authority,unsupported_capability_claim,no,6,8,0.75
excluded_from_actual_training,gemini_flash_lite,S,named_no_authority,unsupported_capability_claim,uncertain,0,8,0.0
excluded_from_actual_training,gemini_flash_lite,S,named_no_authority,unsupported_capability_claim,unknown,2,8,0.25
excluded_from_actual_training,glm52,S,rival_leaning,strategy,consolidation,1,7,0.14285714285714285
excluded_from_actual_training,glm52,S,rival_leaning,strategy,specialization,2,7,0.2857142857142857
excluded_from_actual_training,glm52,S,rival_leaning,strategy,both,1,7,0.14285714285714285
excluded_from_actual_training,glm52,S,rival_leaning,strategy,neither,1,7,0.14285714285714285
excluded_from_actual_training,glm52,S,rival_leaning,strategy,uncertain,1,7,0.14285714285714285
excluded_from_actual_training,glm52,S,rival_leaning,strategy,unknown,1,7,0.14285714285714285
excluded_from_actual_training,glm52,S,rival_leaning,commitment_increase,yes,0,7,0.0
excluded_from_actual_training,glm52,S,rival_leaning,commitment_increase,no,4,7,0.5714285714285714
excluded_from_actual_training,glm52,S,rival_leaning,commitment_increase,uncertain,2,7,0.2857142857142857
excluded_from_actual_training,glm52,S,rival_leaning,commitment_increase,unknown,1,7,0.14285714285714285
excluded_from_actual_training,glm52,S,rival_leaning,unsupported_capability_claim,yes,0,7,0.0
excluded_from_actual_training,glm52,S,rival_leaning,unsupported_capability_claim,no,6,7,0.8571428571428571
excluded_from_actual_training,glm52,S,rival_leaning,unsupported_capability_claim,uncertain,0,7,0.0
excluded_from_actual_training,glm52,S,rival_leaning,unsupported_capability_claim,unknown,1,7,0.14285714285714285
excluded_from_actual_training,gemini_flash_lite,S,rival_leaning,strategy,consolidation,2,7,0.2857142857142857
excluded_from_actual_training,gemini_flash_lite,S,rival_leaning,strategy,specialization,2,7,0.2857142857142857
excluded_from_actual_training,gemini_flash_lite,S,rival_leaning,strategy,both,0,7,0.0
excluded_from_actual_training,gemini_flash_lite,S,rival_leaning,strategy,neither,1,7,0.14285714285714285
excluded_from_actual_training,gemini_flash_lite,S,rival_leaning,strategy,uncertain,2,7,0.2857142857142857
excluded_from_actual_training,gemini_flash_lite,S,rival_leaning,strategy,unknown,0,7,0.0
excluded_from_actual_training,gemini_flash_lite,S,rival_leaning,commitment_increase,yes,3,7,0.42857142857142855
excluded_from_actual_training,gemini_flash_lite,S,rival_leaning,commitment_increase,no,2,7,0.2857142857142857
excluded_from_actual_training,gemini_flash_lite,S,rival_leaning,commitment_increase,uncertain,2,7,0.2857142857142857
excluded_from_actual_training,gemini_flash_lite,S,rival_leaning,commitment_increase,unknown,0,7,0.0
excluded_from_actual_training,gemini_flash_lite,S,rival_leaning,unsupported_capability_claim,yes,0,7,0.0
excluded_from_actual_training,gemini_flash_lite,S,rival_leaning,unsupported_capability_claim,no,7,7,1.0
excluded_from_actual_training,gemini_flash_lite,S,rival_leaning,unsupported_capability_claim,uncertain,0,7,0.0
excluded_from_actual_training,gemini_flash_lite,S,rival_leaning,unsupported_capability_claim,unknown,0,7,0.0
