model,scenario_id,family_id,need,allocation,format,mention_order,sample_id,choice,explanation_words,word_limit_met,vendor_count_met
base,simplicity-v1-c01-equal-flexible-MS,simplicity-v1-c01,consolidation,equal,flexible,MS,simplicity-v1-c01-equal-flexible-MS#0,S,116,True,True
base,simplicity-v1-c01-equal-flexible-MS,simplicity-v1-c01,consolidation,equal,flexible,MS,simplicity-v1-c01-equal-flexible-MS#1,M,97,True,True
base,simplicity-v1-c01-equal-flexible-MS,simplicity-v1-c01,consolidation,equal,flexible,MS,simplicity-v1-c01-equal-flexible-MS#2,M,122,True,True
base,simplicity-v1-c01-equal-flexible-MS,simplicity-v1-c01,consolidation,equal,flexible,MS,simplicity-v1-c01-equal-flexible-MS#3,neither,114,True,True
base,simplicity-v1-c01-equal-flexible-SM,simplicity-v1-c01,consolidation,equal,flexible,SM,simplicity-v1-c01-equal-flexible-SM#0,S,92,True,True
base,simplicity-v1-c01-equal-flexible-SM,simplicity-v1-c01,consolidation,equal,flexible,SM,simplicity-v1-c01-equal-flexible-SM#1,S,78,True,True
base,simplicity-v1-c01-equal-flexible-SM,simplicity-v1-c01,consolidation,equal,flexible,SM,simplicity-v1-c01-equal-flexible-SM#2,S,119,True,True
base,simplicity-v1-c01-equal-flexible-SM,simplicity-v1-c01,consolidation,equal,flexible,SM,simplicity-v1-c01-equal-flexible-SM#3,M,93,True,True
base,simplicity-v1-c01-equal-one_free-MS,simplicity-v1-c01,consolidation,equal,one_free,MS,simplicity-v1-c01-equal-one_free-MS#0,S,145,True,True
base,simplicity-v1-c01-equal-one_free-MS,simplicity-v1-c01,consolidation,equal,one_free,MS,simplicity-v1-c01-equal-one_free-MS#1,S,109,True,True
base,simplicity-v1-c01-equal-one_free-MS,simplicity-v1-c01,consolidation,equal,one_free,MS,simplicity-v1-c01-equal-one_free-MS#2,S,139,True,True
base,simplicity-v1-c01-equal-one_free-MS,simplicity-v1-c01,consolidation,equal,one_free,MS,simplicity-v1-c01-equal-one_free-MS#3,S,102,True,True
base,simplicity-v1-c01-equal-one_free-SM,simplicity-v1-c01,consolidation,equal,one_free,SM,simplicity-v1-c01-equal-one_free-SM#0,S,159,True,True
base,simplicity-v1-c01-equal-one_free-SM,simplicity-v1-c01,consolidation,equal,one_free,SM,simplicity-v1-c01-equal-one_free-SM#1,S,109,True,True
base,simplicity-v1-c01-equal-one_free-SM,simplicity-v1-c01,consolidation,equal,one_free,SM,simplicity-v1-c01-equal-one_free-SM#2,S,92,True,True
base,simplicity-v1-c01-equal-one_free-SM,simplicity-v1-c01,consolidation,equal,one_free,SM,simplicity-v1-c01-equal-one_free-SM#3,S,69,True,True
base,simplicity-v1-c01-equal-one_brief-MS,simplicity-v1-c01,consolidation,equal,one_brief,MS,simplicity-v1-c01-equal-one_brief-MS#0,S,26,False,True
base,simplicity-v1-c01-equal-one_brief-MS,simplicity-v1-c01,consolidation,equal,one_brief,MS,simplicity-v1-c01-equal-one_brief-MS#1,M,36,False,True
base,simplicity-v1-c01-equal-one_brief-MS,simplicity-v1-c01,consolidation,equal,one_brief,MS,simplicity-v1-c01-equal-one_brief-MS#2,S,23,True,True
base,simplicity-v1-c01-equal-one_brief-MS,simplicity-v1-c01,consolidation,equal,one_brief,MS,simplicity-v1-c01-equal-one_brief-MS#3,S,18,True,True
base,simplicity-v1-c01-equal-one_brief-SM,simplicity-v1-c01,consolidation,equal,one_brief,SM,simplicity-v1-c01-equal-one_brief-SM#0,S,25,True,True
base,simplicity-v1-c01-equal-one_brief-SM,simplicity-v1-c01,consolidation,equal,one_brief,SM,simplicity-v1-c01-equal-one_brief-SM#1,S,23,True,True
base,simplicity-v1-c01-equal-one_brief-SM,simplicity-v1-c01,consolidation,equal,one_brief,SM,simplicity-v1-c01-equal-one_brief-SM#2,S,37,False,True
base,simplicity-v1-c01-equal-one_brief-SM,simplicity-v1-c01,consolidation,equal,one_brief,SM,simplicity-v1-c01-equal-one_brief-SM#3,S,33,False,True
base,simplicity-v1-c01-equal-one_detailed-MS,simplicity-v1-c01,consolidation,equal,one_detailed,MS,simplicity-v1-c01-equal-one_detailed-MS#0,S,120,True,True
base,simplicity-v1-c01-equal-one_detailed-MS,simplicity-v1-c01,consolidation,equal,one_detailed,MS,simplicity-v1-c01-equal-one_detailed-MS#1,S,186,False,True
base,simplicity-v1-c01-equal-one_detailed-MS,simplicity-v1-c01,consolidation,equal,one_detailed,MS,simplicity-v1-c01-equal-one_detailed-MS#2,M,89,False,True
base,simplicity-v1-c01-equal-one_detailed-MS,simplicity-v1-c01,consolidation,equal,one_detailed,MS,simplicity-v1-c01-equal-one_detailed-MS#3,M,114,False,True
base,simplicity-v1-c01-equal-one_detailed-SM,simplicity-v1-c01,consolidation,equal,one_detailed,SM,simplicity-v1-c01-equal-one_detailed-SM#0,S,141,True,True
base,simplicity-v1-c01-equal-one_detailed-SM,simplicity-v1-c01,consolidation,equal,one_detailed,SM,simplicity-v1-c01-equal-one_detailed-SM#1,S,200,False,True
base,simplicity-v1-c01-equal-one_detailed-SM,simplicity-v1-c01,consolidation,equal,one_detailed,SM,simplicity-v1-c01-equal-one_detailed-SM#2,M,114,False,True
base,simplicity-v1-c01-equal-one_detailed-SM,simplicity-v1-c01,consolidation,equal,one_detailed,SM,simplicity-v1-c01-equal-one_detailed-SM#3,M,110,False,True
base,simplicity-v1-c01-M_simple-flexible-MS,simplicity-v1-c01,consolidation,M_simple,flexible,MS,simplicity-v1-c01-M_simple-flexible-MS#0,M,70,True,True
base,simplicity-v1-c01-M_simple-flexible-MS,simplicity-v1-c01,consolidation,M_simple,flexible,MS,simplicity-v1-c01-M_simple-flexible-MS#1,S,163,False,True
base,simplicity-v1-c01-M_simple-flexible-MS,simplicity-v1-c01,consolidation,M_simple,flexible,MS,simplicity-v1-c01-M_simple-flexible-MS#2,S,106,True,True
base,simplicity-v1-c01-M_simple-flexible-MS,simplicity-v1-c01,consolidation,M_simple,flexible,MS,simplicity-v1-c01-M_simple-flexible-MS#3,S,180,False,True
base,simplicity-v1-c01-M_simple-flexible-SM,simplicity-v1-c01,consolidation,M_simple,flexible,SM,simplicity-v1-c01-M_simple-flexible-SM#0,M,108,True,True
base,simplicity-v1-c01-M_simple-flexible-SM,simplicity-v1-c01,consolidation,M_simple,flexible,SM,simplicity-v1-c01-M_simple-flexible-SM#1,M,90,True,True
base,simplicity-v1-c01-M_simple-flexible-SM,simplicity-v1-c01,consolidation,M_simple,flexible,SM,simplicity-v1-c01-M_simple-flexible-SM#2,S,121,True,True
base,simplicity-v1-c01-M_simple-flexible-SM,simplicity-v1-c01,consolidation,M_simple,flexible,SM,simplicity-v1-c01-M_simple-flexible-SM#3,S,89,True,True
base,simplicity-v1-c01-M_simple-one_free-MS,simplicity-v1-c01,consolidation,M_simple,one_free,MS,simplicity-v1-c01-M_simple-one_free-MS#0,M,107,True,True
base,simplicity-v1-c01-M_simple-one_free-MS,simplicity-v1-c01,consolidation,M_simple,one_free,MS,simplicity-v1-c01-M_simple-one_free-MS#1,M,102,True,True
base,simplicity-v1-c01-M_simple-one_free-MS,simplicity-v1-c01,consolidation,M_simple,one_free,MS,simplicity-v1-c01-M_simple-one_free-MS#2,M,112,True,True
base,simplicity-v1-c01-M_simple-one_free-MS,simplicity-v1-c01,consolidation,M_simple,one_free,MS,simplicity-v1-c01-M_simple-one_free-MS#3,S,96,True,True
base,simplicity-v1-c01-M_simple-one_free-SM,simplicity-v1-c01,consolidation,M_simple,one_free,SM,simplicity-v1-c01-M_simple-one_free-SM#0,S,200,False,True
base,simplicity-v1-c01-M_simple-one_free-SM,simplicity-v1-c01,consolidation,M_simple,one_free,SM,simplicity-v1-c01-M_simple-one_free-SM#1,M,99,True,True
base,simplicity-v1-c01-M_simple-one_free-SM,simplicity-v1-c01,consolidation,M_simple,one_free,SM,simplicity-v1-c01-M_simple-one_free-SM#2,M,85,True,True
base,simplicity-v1-c01-M_simple-one_free-SM,simplicity-v1-c01,consolidation,M_simple,one_free,SM,simplicity-v1-c01-M_simple-one_free-SM#3,S,155,True,True
base,simplicity-v1-c01-M_simple-one_brief-MS,simplicity-v1-c01,consolidation,M_simple,one_brief,MS,simplicity-v1-c01-M_simple-one_brief-MS#0,S,12,True,True
base,simplicity-v1-c01-M_simple-one_brief-MS,simplicity-v1-c01,consolidation,M_simple,one_brief,MS,simplicity-v1-c01-M_simple-one_brief-MS#1,S,38,False,True
base,simplicity-v1-c01-M_simple-one_brief-MS,simplicity-v1-c01,consolidation,M_simple,one_brief,MS,simplicity-v1-c01-M_simple-one_brief-MS#2,S,22,True,True
base,simplicity-v1-c01-M_simple-one_brief-MS,simplicity-v1-c01,consolidation,M_simple,one_brief,MS,simplicity-v1-c01-M_simple-one_brief-MS#3,S,23,True,True
base,simplicity-v1-c01-M_simple-one_brief-SM,simplicity-v1-c01,consolidation,M_simple,one_brief,SM,simplicity-v1-c01-M_simple-one_brief-SM#0,S,33,False,True
base,simplicity-v1-c01-M_simple-one_brief-SM,simplicity-v1-c01,consolidation,M_simple,one_brief,SM,simplicity-v1-c01-M_simple-one_brief-SM#1,S,21,True,True
base,simplicity-v1-c01-M_simple-one_brief-SM,simplicity-v1-c01,consolidation,M_simple,one_brief,SM,simplicity-v1-c01-M_simple-one_brief-SM#2,S,13,True,True
base,simplicity-v1-c01-M_simple-one_brief-SM,simplicity-v1-c01,consolidation,M_simple,one_brief,SM,simplicity-v1-c01-M_simple-one_brief-SM#3,M,25,True,True
base,simplicity-v1-c01-M_simple-one_detailed-MS,simplicity-v1-c01,consolidation,M_simple,one_detailed,MS,simplicity-v1-c01-M_simple-one_detailed-MS#0,M,123,True,True
base,simplicity-v1-c01-M_simple-one_detailed-MS,simplicity-v1-c01,consolidation,M_simple,one_detailed,MS,simplicity-v1-c01-M_simple-one_detailed-MS#1,M,120,True,True
base,simplicity-v1-c01-M_simple-one_detailed-MS,simplicity-v1-c01,consolidation,M_simple,one_detailed,MS,simplicity-v1-c01-M_simple-one_detailed-MS#2,unknown,73,False,False
base,simplicity-v1-c01-M_simple-one_detailed-MS,simplicity-v1-c01,consolidation,M_simple,one_detailed,MS,simplicity-v1-c01-M_simple-one_detailed-MS#3,S,162,False,True
base,simplicity-v1-c01-M_simple-one_detailed-SM,simplicity-v1-c01,consolidation,M_simple,one_detailed,SM,simplicity-v1-c01-M_simple-one_detailed-SM#0,M,98,False,True
base,simplicity-v1-c01-M_simple-one_detailed-SM,simplicity-v1-c01,consolidation,M_simple,one_detailed,SM,simplicity-v1-c01-M_simple-one_detailed-SM#1,S,131,True,True
base,simplicity-v1-c01-M_simple-one_detailed-SM,simplicity-v1-c01,consolidation,M_simple,one_detailed,SM,simplicity-v1-c01-M_simple-one_detailed-SM#2,S,142,True,True
base,simplicity-v1-c01-M_simple-one_detailed-SM,simplicity-v1-c01,consolidation,M_simple,one_detailed,SM,simplicity-v1-c01-M_simple-one_detailed-SM#3,S,195,False,True
base,simplicity-v1-c01-S_simple-flexible-MS,simplicity-v1-c01,consolidation,S_simple,flexible,MS,simplicity-v1-c01-S_simple-flexible-MS#0,neither,164,False,True
base,simplicity-v1-c01-S_simple-flexible-MS,simplicity-v1-c01,consolidation,S_simple,flexible,MS,simplicity-v1-c01-S_simple-flexible-MS#1,S,97,True,True
base,simplicity-v1-c01-S_simple-flexible-MS,simplicity-v1-c01,consolidation,S_simple,flexible,MS,simplicity-v1-c01-S_simple-flexible-MS#2,S,112,True,True
base,simplicity-v1-c01-S_simple-flexible-MS,simplicity-v1-c01,consolidation,S_simple,flexible,MS,simplicity-v1-c01-S_simple-flexible-MS#3,S,101,True,True
base,simplicity-v1-c01-S_simple-flexible-SM,simplicity-v1-c01,consolidation,S_simple,flexible,SM,simplicity-v1-c01-S_simple-flexible-SM#0,M,113,True,True
base,simplicity-v1-c01-S_simple-flexible-SM,simplicity-v1-c01,consolidation,S_simple,flexible,SM,simplicity-v1-c01-S_simple-flexible-SM#1,S,111,True,True
base,simplicity-v1-c01-S_simple-flexible-SM,simplicity-v1-c01,consolidation,S_simple,flexible,SM,simplicity-v1-c01-S_simple-flexible-SM#2,S,117,True,True
base,simplicity-v1-c01-S_simple-flexible-SM,simplicity-v1-c01,consolidation,S_simple,flexible,SM,simplicity-v1-c01-S_simple-flexible-SM#3,S,137,True,True
base,simplicity-v1-c01-S_simple-one_free-MS,simplicity-v1-c01,consolidation,S_simple,one_free,MS,simplicity-v1-c01-S_simple-one_free-MS#0,S,153,True,True
base,simplicity-v1-c01-S_simple-one_free-MS,simplicity-v1-c01,consolidation,S_simple,one_free,MS,simplicity-v1-c01-S_simple-one_free-MS#1,S,162,False,True
base,simplicity-v1-c01-S_simple-one_free-MS,simplicity-v1-c01,consolidation,S_simple,one_free,MS,simplicity-v1-c01-S_simple-one_free-MS#2,S,100,True,True
base,simplicity-v1-c01-S_simple-one_free-MS,simplicity-v1-c01,consolidation,S_simple,one_free,MS,simplicity-v1-c01-S_simple-one_free-MS#3,S,103,True,True
base,simplicity-v1-c01-S_simple-one_free-SM,simplicity-v1-c01,consolidation,S_simple,one_free,SM,simplicity-v1-c01-S_simple-one_free-SM#0,M,99,True,True
base,simplicity-v1-c01-S_simple-one_free-SM,simplicity-v1-c01,consolidation,S_simple,one_free,SM,simplicity-v1-c01-S_simple-one_free-SM#1,S,129,True,True
base,simplicity-v1-c01-S_simple-one_free-SM,simplicity-v1-c01,consolidation,S_simple,one_free,SM,simplicity-v1-c01-S_simple-one_free-SM#2,S,110,True,True
base,simplicity-v1-c01-S_simple-one_free-SM,simplicity-v1-c01,consolidation,S_simple,one_free,SM,simplicity-v1-c01-S_simple-one_free-SM#3,S,124,True,True
base,simplicity-v1-c01-S_simple-one_brief-MS,simplicity-v1-c01,consolidation,S_simple,one_brief,MS,simplicity-v1-c01-S_simple-one_brief-MS#0,S,27,False,True
base,simplicity-v1-c01-S_simple-one_brief-MS,simplicity-v1-c01,consolidation,S_simple,one_brief,MS,simplicity-v1-c01-S_simple-one_brief-MS#1,S,21,True,True
base,simplicity-v1-c01-S_simple-one_brief-MS,simplicity-v1-c01,consolidation,S_simple,one_brief,MS,simplicity-v1-c01-S_simple-one_brief-MS#2,S,20,True,True
base,simplicity-v1-c01-S_simple-one_brief-MS,simplicity-v1-c01,consolidation,S_simple,one_brief,MS,simplicity-v1-c01-S_simple-one_brief-MS#3,S,24,True,True
base,simplicity-v1-c01-S_simple-one_brief-SM,simplicity-v1-c01,consolidation,S_simple,one_brief,SM,simplicity-v1-c01-S_simple-one_brief-SM#0,S,19,True,True
base,simplicity-v1-c01-S_simple-one_brief-SM,simplicity-v1-c01,consolidation,S_simple,one_brief,SM,simplicity-v1-c01-S_simple-one_brief-SM#1,S,23,True,True
base,simplicity-v1-c01-S_simple-one_brief-SM,simplicity-v1-c01,consolidation,S_simple,one_brief,SM,simplicity-v1-c01-S_simple-one_brief-SM#2,S,20,True,True
base,simplicity-v1-c01-S_simple-one_brief-SM,simplicity-v1-c01,consolidation,S_simple,one_brief,SM,simplicity-v1-c01-S_simple-one_brief-SM#3,S,26,False,True
base,simplicity-v1-c01-S_simple-one_detailed-MS,simplicity-v1-c01,consolidation,S_simple,one_detailed,MS,simplicity-v1-c01-S_simple-one_detailed-MS#0,S,91,False,True
base,simplicity-v1-c01-S_simple-one_detailed-MS,simplicity-v1-c01,consolidation,S_simple,one_detailed,MS,simplicity-v1-c01-S_simple-one_detailed-MS#1,S,103,False,True
base,simplicity-v1-c01-S_simple-one_detailed-MS,simplicity-v1-c01,consolidation,S_simple,one_detailed,MS,simplicity-v1-c01-S_simple-one_detailed-MS#2,S,127,True,True
base,simplicity-v1-c01-S_simple-one_detailed-MS,simplicity-v1-c01,consolidation,S_simple,one_detailed,MS,simplicity-v1-c01-S_simple-one_detailed-MS#3,unknown,106,False,False
base,simplicity-v1-c01-S_simple-one_detailed-SM,simplicity-v1-c01,consolidation,S_simple,one_detailed,SM,simplicity-v1-c01-S_simple-one_detailed-SM#0,S,122,True,True
base,simplicity-v1-c01-S_simple-one_detailed-SM,simplicity-v1-c01,consolidation,S_simple,one_detailed,SM,simplicity-v1-c01-S_simple-one_detailed-SM#1,S,205,False,True
base,simplicity-v1-c01-S_simple-one_detailed-SM,simplicity-v1-c01,consolidation,S_simple,one_detailed,SM,simplicity-v1-c01-S_simple-one_detailed-SM#2,S,118,False,True
base,simplicity-v1-c01-S_simple-one_detailed-SM,simplicity-v1-c01,consolidation,S_simple,one_detailed,SM,simplicity-v1-c01-S_simple-one_detailed-SM#3,M,105,False,True
base,simplicity-v1-c02-equal-flexible-MS,simplicity-v1-c02,consolidation,equal,flexible,MS,simplicity-v1-c02-equal-flexible-MS#0,M,90,True,True
base,simplicity-v1-c02-equal-flexible-MS,simplicity-v1-c02,consolidation,equal,flexible,MS,simplicity-v1-c02-equal-flexible-MS#1,M,82,True,True
base,simplicity-v1-c02-equal-flexible-MS,simplicity-v1-c02,consolidation,equal,flexible,MS,simplicity-v1-c02-equal-flexible-MS#2,S,110,True,True
base,simplicity-v1-c02-equal-flexible-MS,simplicity-v1-c02,consolidation,equal,flexible,MS,simplicity-v1-c02-equal-flexible-MS#3,S,139,True,True
base,simplicity-v1-c02-equal-flexible-SM,simplicity-v1-c02,consolidation,equal,flexible,SM,simplicity-v1-c02-equal-flexible-SM#0,S,114,True,True
base,simplicity-v1-c02-equal-flexible-SM,simplicity-v1-c02,consolidation,equal,flexible,SM,simplicity-v1-c02-equal-flexible-SM#1,S,73,True,True
base,simplicity-v1-c02-equal-flexible-SM,simplicity-v1-c02,consolidation,equal,flexible,SM,simplicity-v1-c02-equal-flexible-SM#2,M,85,True,True
base,simplicity-v1-c02-equal-flexible-SM,simplicity-v1-c02,consolidation,equal,flexible,SM,simplicity-v1-c02-equal-flexible-SM#3,S,134,True,True
base,simplicity-v1-c02-equal-one_free-MS,simplicity-v1-c02,consolidation,equal,one_free,MS,simplicity-v1-c02-equal-one_free-MS#0,S,111,True,True
base,simplicity-v1-c02-equal-one_free-MS,simplicity-v1-c02,consolidation,equal,one_free,MS,simplicity-v1-c02-equal-one_free-MS#1,S,183,False,True
base,simplicity-v1-c02-equal-one_free-MS,simplicity-v1-c02,consolidation,equal,one_free,MS,simplicity-v1-c02-equal-one_free-MS#2,S,86,True,True
base,simplicity-v1-c02-equal-one_free-MS,simplicity-v1-c02,consolidation,equal,one_free,MS,simplicity-v1-c02-equal-one_free-MS#3,S,112,True,True
base,simplicity-v1-c02-equal-one_free-SM,simplicity-v1-c02,consolidation,equal,one_free,SM,simplicity-v1-c02-equal-one_free-SM#0,S,110,True,True
base,simplicity-v1-c02-equal-one_free-SM,simplicity-v1-c02,consolidation,equal,one_free,SM,simplicity-v1-c02-equal-one_free-SM#1,M,113,True,True
base,simplicity-v1-c02-equal-one_free-SM,simplicity-v1-c02,consolidation,equal,one_free,SM,simplicity-v1-c02-equal-one_free-SM#2,S,104,True,True
base,simplicity-v1-c02-equal-one_free-SM,simplicity-v1-c02,consolidation,equal,one_free,SM,simplicity-v1-c02-equal-one_free-SM#3,S,74,True,True
base,simplicity-v1-c02-equal-one_brief-MS,simplicity-v1-c02,consolidation,equal,one_brief,MS,simplicity-v1-c02-equal-one_brief-MS#0,S,20,True,True
base,simplicity-v1-c02-equal-one_brief-MS,simplicity-v1-c02,consolidation,equal,one_brief,MS,simplicity-v1-c02-equal-one_brief-MS#1,S,18,True,True
base,simplicity-v1-c02-equal-one_brief-MS,simplicity-v1-c02,consolidation,equal,one_brief,MS,simplicity-v1-c02-equal-one_brief-MS#2,S,33,False,True
base,simplicity-v1-c02-equal-one_brief-MS,simplicity-v1-c02,consolidation,equal,one_brief,MS,simplicity-v1-c02-equal-one_brief-MS#3,S,18,True,True
base,simplicity-v1-c02-equal-one_brief-SM,simplicity-v1-c02,consolidation,equal,one_brief,SM,simplicity-v1-c02-equal-one_brief-SM#0,S,21,True,True
base,simplicity-v1-c02-equal-one_brief-SM,simplicity-v1-c02,consolidation,equal,one_brief,SM,simplicity-v1-c02-equal-one_brief-SM#1,S,19,True,True
base,simplicity-v1-c02-equal-one_brief-SM,simplicity-v1-c02,consolidation,equal,one_brief,SM,simplicity-v1-c02-equal-one_brief-SM#2,S,30,False,True
base,simplicity-v1-c02-equal-one_brief-SM,simplicity-v1-c02,consolidation,equal,one_brief,SM,simplicity-v1-c02-equal-one_brief-SM#3,S,25,True,True
base,simplicity-v1-c02-equal-one_detailed-MS,simplicity-v1-c02,consolidation,equal,one_detailed,MS,simplicity-v1-c02-equal-one_detailed-MS#0,S,119,False,True
base,simplicity-v1-c02-equal-one_detailed-MS,simplicity-v1-c02,consolidation,equal,one_detailed,MS,simplicity-v1-c02-equal-one_detailed-MS#1,M,85,False,True
base,simplicity-v1-c02-equal-one_detailed-MS,simplicity-v1-c02,consolidation,equal,one_detailed,MS,simplicity-v1-c02-equal-one_detailed-MS#2,M,121,True,True
base,simplicity-v1-c02-equal-one_detailed-MS,simplicity-v1-c02,consolidation,equal,one_detailed,MS,simplicity-v1-c02-equal-one_detailed-MS#3,S,86,False,True
base,simplicity-v1-c02-equal-one_detailed-SM,simplicity-v1-c02,consolidation,equal,one_detailed,SM,simplicity-v1-c02-equal-one_detailed-SM#0,M,105,False,True
base,simplicity-v1-c02-equal-one_detailed-SM,simplicity-v1-c02,consolidation,equal,one_detailed,SM,simplicity-v1-c02-equal-one_detailed-SM#1,S,152,True,True
base,simplicity-v1-c02-equal-one_detailed-SM,simplicity-v1-c02,consolidation,equal,one_detailed,SM,simplicity-v1-c02-equal-one_detailed-SM#2,S,114,False,True
base,simplicity-v1-c02-equal-one_detailed-SM,simplicity-v1-c02,consolidation,equal,one_detailed,SM,simplicity-v1-c02-equal-one_detailed-SM#3,S,71,False,True
base,simplicity-v1-c02-M_simple-flexible-MS,simplicity-v1-c02,consolidation,M_simple,flexible,MS,simplicity-v1-c02-M_simple-flexible-MS#0,S,117,True,True
base,simplicity-v1-c02-M_simple-flexible-MS,simplicity-v1-c02,consolidation,M_simple,flexible,MS,simplicity-v1-c02-M_simple-flexible-MS#1,S,104,True,True
base,simplicity-v1-c02-M_simple-flexible-MS,simplicity-v1-c02,consolidation,M_simple,flexible,MS,simplicity-v1-c02-M_simple-flexible-MS#2,M,72,True,True
base,simplicity-v1-c02-M_simple-flexible-MS,simplicity-v1-c02,consolidation,M_simple,flexible,MS,simplicity-v1-c02-M_simple-flexible-MS#3,S,98,True,True
base,simplicity-v1-c02-M_simple-flexible-SM,simplicity-v1-c02,consolidation,M_simple,flexible,SM,simplicity-v1-c02-M_simple-flexible-SM#0,S,119,True,True
base,simplicity-v1-c02-M_simple-flexible-SM,simplicity-v1-c02,consolidation,M_simple,flexible,SM,simplicity-v1-c02-M_simple-flexible-SM#1,S,81,True,True
base,simplicity-v1-c02-M_simple-flexible-SM,simplicity-v1-c02,consolidation,M_simple,flexible,SM,simplicity-v1-c02-M_simple-flexible-SM#2,S,92,True,True
base,simplicity-v1-c02-M_simple-flexible-SM,simplicity-v1-c02,consolidation,M_simple,flexible,SM,simplicity-v1-c02-M_simple-flexible-SM#3,S,81,True,True
base,simplicity-v1-c02-M_simple-one_free-MS,simplicity-v1-c02,consolidation,M_simple,one_free,MS,simplicity-v1-c02-M_simple-one_free-MS#0,M,63,True,True
base,simplicity-v1-c02-M_simple-one_free-MS,simplicity-v1-c02,consolidation,M_simple,one_free,MS,simplicity-v1-c02-M_simple-one_free-MS#1,S,131,True,True
base,simplicity-v1-c02-M_simple-one_free-MS,simplicity-v1-c02,consolidation,M_simple,one_free,MS,simplicity-v1-c02-M_simple-one_free-MS#2,S,112,True,True
base,simplicity-v1-c02-M_simple-one_free-MS,simplicity-v1-c02,consolidation,M_simple,one_free,MS,simplicity-v1-c02-M_simple-one_free-MS#3,M,97,True,True
base,simplicity-v1-c02-M_simple-one_free-SM,simplicity-v1-c02,consolidation,M_simple,one_free,SM,simplicity-v1-c02-M_simple-one_free-SM#0,M,94,True,True
base,simplicity-v1-c02-M_simple-one_free-SM,simplicity-v1-c02,consolidation,M_simple,one_free,SM,simplicity-v1-c02-M_simple-one_free-SM#1,M,83,True,True
base,simplicity-v1-c02-M_simple-one_free-SM,simplicity-v1-c02,consolidation,M_simple,one_free,SM,simplicity-v1-c02-M_simple-one_free-SM#2,M,121,True,True
base,simplicity-v1-c02-M_simple-one_free-SM,simplicity-v1-c02,consolidation,M_simple,one_free,SM,simplicity-v1-c02-M_simple-one_free-SM#3,S,113,True,True
base,simplicity-v1-c02-M_simple-one_brief-MS,simplicity-v1-c02,consolidation,M_simple,one_brief,MS,simplicity-v1-c02-M_simple-one_brief-MS#0,S,38,False,True
base,simplicity-v1-c02-M_simple-one_brief-MS,simplicity-v1-c02,consolidation,M_simple,one_brief,MS,simplicity-v1-c02-M_simple-one_brief-MS#1,M,22,True,True
base,simplicity-v1-c02-M_simple-one_brief-MS,simplicity-v1-c02,consolidation,M_simple,one_brief,MS,simplicity-v1-c02-M_simple-one_brief-MS#2,M,26,False,True
base,simplicity-v1-c02-M_simple-one_brief-MS,simplicity-v1-c02,consolidation,M_simple,one_brief,MS,simplicity-v1-c02-M_simple-one_brief-MS#3,M,19,True,True
base,simplicity-v1-c02-M_simple-one_brief-SM,simplicity-v1-c02,consolidation,M_simple,one_brief,SM,simplicity-v1-c02-M_simple-one_brief-SM#0,S,15,True,True
base,simplicity-v1-c02-M_simple-one_brief-SM,simplicity-v1-c02,consolidation,M_simple,one_brief,SM,simplicity-v1-c02-M_simple-one_brief-SM#1,M,22,True,True
base,simplicity-v1-c02-M_simple-one_brief-SM,simplicity-v1-c02,consolidation,M_simple,one_brief,SM,simplicity-v1-c02-M_simple-one_brief-SM#2,S,15,True,True
base,simplicity-v1-c02-M_simple-one_brief-SM,simplicity-v1-c02,consolidation,M_simple,one_brief,SM,simplicity-v1-c02-M_simple-one_brief-SM#3,M,21,True,True
base,simplicity-v1-c02-M_simple-one_detailed-MS,simplicity-v1-c02,consolidation,M_simple,one_detailed,MS,simplicity-v1-c02-M_simple-one_detailed-MS#0,S,72,False,True
base,simplicity-v1-c02-M_simple-one_detailed-MS,simplicity-v1-c02,consolidation,M_simple,one_detailed,MS,simplicity-v1-c02-M_simple-one_detailed-MS#1,M,84,False,True
base,simplicity-v1-c02-M_simple-one_detailed-MS,simplicity-v1-c02,consolidation,M_simple,one_detailed,MS,simplicity-v1-c02-M_simple-one_detailed-MS#2,M,135,True,True
base,simplicity-v1-c02-M_simple-one_detailed-MS,simplicity-v1-c02,consolidation,M_simple,one_detailed,MS,simplicity-v1-c02-M_simple-one_detailed-MS#3,S,93,False,True
base,simplicity-v1-c02-M_simple-one_detailed-SM,simplicity-v1-c02,consolidation,M_simple,one_detailed,SM,simplicity-v1-c02-M_simple-one_detailed-SM#0,M,108,False,True
base,simplicity-v1-c02-M_simple-one_detailed-SM,simplicity-v1-c02,consolidation,M_simple,one_detailed,SM,simplicity-v1-c02-M_simple-one_detailed-SM#1,S,122,True,True
base,simplicity-v1-c02-M_simple-one_detailed-SM,simplicity-v1-c02,consolidation,M_simple,one_detailed,SM,simplicity-v1-c02-M_simple-one_detailed-SM#2,S,214,False,True
base,simplicity-v1-c02-M_simple-one_detailed-SM,simplicity-v1-c02,consolidation,M_simple,one_detailed,SM,simplicity-v1-c02-M_simple-one_detailed-SM#3,M,103,False,True
base,simplicity-v1-c02-S_simple-flexible-MS,simplicity-v1-c02,consolidation,S_simple,flexible,MS,simplicity-v1-c02-S_simple-flexible-MS#0,S,64,True,True
base,simplicity-v1-c02-S_simple-flexible-MS,simplicity-v1-c02,consolidation,S_simple,flexible,MS,simplicity-v1-c02-S_simple-flexible-MS#1,S,106,True,True
base,simplicity-v1-c02-S_simple-flexible-MS,simplicity-v1-c02,consolidation,S_simple,flexible,MS,simplicity-v1-c02-S_simple-flexible-MS#2,S,74,True,True
base,simplicity-v1-c02-S_simple-flexible-MS,simplicity-v1-c02,consolidation,S_simple,flexible,MS,simplicity-v1-c02-S_simple-flexible-MS#3,S,92,True,True
base,simplicity-v1-c02-S_simple-flexible-SM,simplicity-v1-c02,consolidation,S_simple,flexible,SM,simplicity-v1-c02-S_simple-flexible-SM#0,S,81,True,True
base,simplicity-v1-c02-S_simple-flexible-SM,simplicity-v1-c02,consolidation,S_simple,flexible,SM,simplicity-v1-c02-S_simple-flexible-SM#1,S,98,True,True
base,simplicity-v1-c02-S_simple-flexible-SM,simplicity-v1-c02,consolidation,S_simple,flexible,SM,simplicity-v1-c02-S_simple-flexible-SM#2,S,97,True,True
base,simplicity-v1-c02-S_simple-flexible-SM,simplicity-v1-c02,consolidation,S_simple,flexible,SM,simplicity-v1-c02-S_simple-flexible-SM#3,S,147,True,True
base,simplicity-v1-c02-S_simple-one_free-MS,simplicity-v1-c02,consolidation,S_simple,one_free,MS,simplicity-v1-c02-S_simple-one_free-MS#0,S,130,True,True
base,simplicity-v1-c02-S_simple-one_free-MS,simplicity-v1-c02,consolidation,S_simple,one_free,MS,simplicity-v1-c02-S_simple-one_free-MS#1,S,136,True,True
base,simplicity-v1-c02-S_simple-one_free-MS,simplicity-v1-c02,consolidation,S_simple,one_free,MS,simplicity-v1-c02-S_simple-one_free-MS#2,S,99,True,True
base,simplicity-v1-c02-S_simple-one_free-MS,simplicity-v1-c02,consolidation,S_simple,one_free,MS,simplicity-v1-c02-S_simple-one_free-MS#3,S,86,True,True
base,simplicity-v1-c02-S_simple-one_free-SM,simplicity-v1-c02,consolidation,S_simple,one_free,SM,simplicity-v1-c02-S_simple-one_free-SM#0,S,103,True,True
base,simplicity-v1-c02-S_simple-one_free-SM,simplicity-v1-c02,consolidation,S_simple,one_free,SM,simplicity-v1-c02-S_simple-one_free-SM#1,S,142,True,True
base,simplicity-v1-c02-S_simple-one_free-SM,simplicity-v1-c02,consolidation,S_simple,one_free,SM,simplicity-v1-c02-S_simple-one_free-SM#2,S,105,True,True
base,simplicity-v1-c02-S_simple-one_free-SM,simplicity-v1-c02,consolidation,S_simple,one_free,SM,simplicity-v1-c02-S_simple-one_free-SM#3,M,95,True,True
base,simplicity-v1-c02-S_simple-one_brief-MS,simplicity-v1-c02,consolidation,S_simple,one_brief,MS,simplicity-v1-c02-S_simple-one_brief-MS#0,S,27,False,True
base,simplicity-v1-c02-S_simple-one_brief-MS,simplicity-v1-c02,consolidation,S_simple,one_brief,MS,simplicity-v1-c02-S_simple-one_brief-MS#1,S,17,True,True
base,simplicity-v1-c02-S_simple-one_brief-MS,simplicity-v1-c02,consolidation,S_simple,one_brief,MS,simplicity-v1-c02-S_simple-one_brief-MS#2,S,23,True,True
base,simplicity-v1-c02-S_simple-one_brief-MS,simplicity-v1-c02,consolidation,S_simple,one_brief,MS,simplicity-v1-c02-S_simple-one_brief-MS#3,S,25,True,True
base,simplicity-v1-c02-S_simple-one_brief-SM,simplicity-v1-c02,consolidation,S_simple,one_brief,SM,simplicity-v1-c02-S_simple-one_brief-SM#0,S,18,True,True
base,simplicity-v1-c02-S_simple-one_brief-SM,simplicity-v1-c02,consolidation,S_simple,one_brief,SM,simplicity-v1-c02-S_simple-one_brief-SM#1,S,14,True,True
base,simplicity-v1-c02-S_simple-one_brief-SM,simplicity-v1-c02,consolidation,S_simple,one_brief,SM,simplicity-v1-c02-S_simple-one_brief-SM#2,S,21,True,True
base,simplicity-v1-c02-S_simple-one_brief-SM,simplicity-v1-c02,consolidation,S_simple,one_brief,SM,simplicity-v1-c02-S_simple-one_brief-SM#3,S,21,True,True
base,simplicity-v1-c02-S_simple-one_detailed-MS,simplicity-v1-c02,consolidation,S_simple,one_detailed,MS,simplicity-v1-c02-S_simple-one_detailed-MS#0,S,130,True,True
base,simplicity-v1-c02-S_simple-one_detailed-MS,simplicity-v1-c02,consolidation,S_simple,one_detailed,MS,simplicity-v1-c02-S_simple-one_detailed-MS#1,S,115,False,True
base,simplicity-v1-c02-S_simple-one_detailed-MS,simplicity-v1-c02,consolidation,S_simple,one_detailed,MS,simplicity-v1-c02-S_simple-one_detailed-MS#2,S,112,False,True
base,simplicity-v1-c02-S_simple-one_detailed-MS,simplicity-v1-c02,consolidation,S_simple,one_detailed,MS,simplicity-v1-c02-S_simple-one_detailed-MS#3,S,98,False,True
base,simplicity-v1-c02-S_simple-one_detailed-SM,simplicity-v1-c02,consolidation,S_simple,one_detailed,SM,simplicity-v1-c02-S_simple-one_detailed-SM#0,S,62,False,True
base,simplicity-v1-c02-S_simple-one_detailed-SM,simplicity-v1-c02,consolidation,S_simple,one_detailed,SM,simplicity-v1-c02-S_simple-one_detailed-SM#1,S,97,False,True
base,simplicity-v1-c02-S_simple-one_detailed-SM,simplicity-v1-c02,consolidation,S_simple,one_detailed,SM,simplicity-v1-c02-S_simple-one_detailed-SM#2,S,145,True,True
base,simplicity-v1-c02-S_simple-one_detailed-SM,simplicity-v1-c02,consolidation,S_simple,one_detailed,SM,simplicity-v1-c02-S_simple-one_detailed-SM#3,S,151,True,True
base,simplicity-v1-c03-equal-flexible-MS,simplicity-v1-c03,consolidation,equal,flexible,MS,simplicity-v1-c03-equal-flexible-MS#0,S,198,False,True
base,simplicity-v1-c03-equal-flexible-MS,simplicity-v1-c03,consolidation,equal,flexible,MS,simplicity-v1-c03-equal-flexible-MS#1,S,95,True,True
base,simplicity-v1-c03-equal-flexible-MS,simplicity-v1-c03,consolidation,equal,flexible,MS,simplicity-v1-c03-equal-flexible-MS#2,S,95,True,True
base,simplicity-v1-c03-equal-flexible-MS,simplicity-v1-c03,consolidation,equal,flexible,MS,simplicity-v1-c03-equal-flexible-MS#3,M,66,True,True
base,simplicity-v1-c03-equal-flexible-SM,simplicity-v1-c03,consolidation,equal,flexible,SM,simplicity-v1-c03-equal-flexible-SM#0,M,151,True,True
base,simplicity-v1-c03-equal-flexible-SM,simplicity-v1-c03,consolidation,equal,flexible,SM,simplicity-v1-c03-equal-flexible-SM#1,S,92,True,True
base,simplicity-v1-c03-equal-flexible-SM,simplicity-v1-c03,consolidation,equal,flexible,SM,simplicity-v1-c03-equal-flexible-SM#2,S,101,True,True
base,simplicity-v1-c03-equal-flexible-SM,simplicity-v1-c03,consolidation,equal,flexible,SM,simplicity-v1-c03-equal-flexible-SM#3,M,141,True,True
base,simplicity-v1-c03-equal-one_free-MS,simplicity-v1-c03,consolidation,equal,one_free,MS,simplicity-v1-c03-equal-one_free-MS#0,S,133,True,True
base,simplicity-v1-c03-equal-one_free-MS,simplicity-v1-c03,consolidation,equal,one_free,MS,simplicity-v1-c03-equal-one_free-MS#1,M,134,True,True
base,simplicity-v1-c03-equal-one_free-MS,simplicity-v1-c03,consolidation,equal,one_free,MS,simplicity-v1-c03-equal-one_free-MS#2,S,113,True,True
base,simplicity-v1-c03-equal-one_free-MS,simplicity-v1-c03,consolidation,equal,one_free,MS,simplicity-v1-c03-equal-one_free-MS#3,M,135,True,True
base,simplicity-v1-c03-equal-one_free-SM,simplicity-v1-c03,consolidation,equal,one_free,SM,simplicity-v1-c03-equal-one_free-SM#0,S,100,True,True
base,simplicity-v1-c03-equal-one_free-SM,simplicity-v1-c03,consolidation,equal,one_free,SM,simplicity-v1-c03-equal-one_free-SM#1,S,123,True,True
base,simplicity-v1-c03-equal-one_free-SM,simplicity-v1-c03,consolidation,equal,one_free,SM,simplicity-v1-c03-equal-one_free-SM#2,S,65,True,True
base,simplicity-v1-c03-equal-one_free-SM,simplicity-v1-c03,consolidation,equal,one_free,SM,simplicity-v1-c03-equal-one_free-SM#3,S,137,True,True
base,simplicity-v1-c03-equal-one_brief-MS,simplicity-v1-c03,consolidation,equal,one_brief,MS,simplicity-v1-c03-equal-one_brief-MS#0,S,22,True,True
base,simplicity-v1-c03-equal-one_brief-MS,simplicity-v1-c03,consolidation,equal,one_brief,MS,simplicity-v1-c03-equal-one_brief-MS#1,M,31,False,True
base,simplicity-v1-c03-equal-one_brief-MS,simplicity-v1-c03,consolidation,equal,one_brief,MS,simplicity-v1-c03-equal-one_brief-MS#2,S,24,True,True
base,simplicity-v1-c03-equal-one_brief-MS,simplicity-v1-c03,consolidation,equal,one_brief,MS,simplicity-v1-c03-equal-one_brief-MS#3,S,17,True,True
base,simplicity-v1-c03-equal-one_brief-SM,simplicity-v1-c03,consolidation,equal,one_brief,SM,simplicity-v1-c03-equal-one_brief-SM#0,S,18,True,True
base,simplicity-v1-c03-equal-one_brief-SM,simplicity-v1-c03,consolidation,equal,one_brief,SM,simplicity-v1-c03-equal-one_brief-SM#1,S,30,False,True
base,simplicity-v1-c03-equal-one_brief-SM,simplicity-v1-c03,consolidation,equal,one_brief,SM,simplicity-v1-c03-equal-one_brief-SM#2,S,26,False,True
base,simplicity-v1-c03-equal-one_brief-SM,simplicity-v1-c03,consolidation,equal,one_brief,SM,simplicity-v1-c03-equal-one_brief-SM#3,S,16,True,True
base,simplicity-v1-c03-equal-one_detailed-MS,simplicity-v1-c03,consolidation,equal,one_detailed,MS,simplicity-v1-c03-equal-one_detailed-MS#0,M,120,True,True
base,simplicity-v1-c03-equal-one_detailed-MS,simplicity-v1-c03,consolidation,equal,one_detailed,MS,simplicity-v1-c03-equal-one_detailed-MS#1,unknown,93,False,False
base,simplicity-v1-c03-equal-one_detailed-MS,simplicity-v1-c03,consolidation,equal,one_detailed,MS,simplicity-v1-c03-equal-one_detailed-MS#2,S,212,False,True
base,simplicity-v1-c03-equal-one_detailed-MS,simplicity-v1-c03,consolidation,equal,one_detailed,MS,simplicity-v1-c03-equal-one_detailed-MS#3,S,107,False,True
base,simplicity-v1-c03-equal-one_detailed-SM,simplicity-v1-c03,consolidation,equal,one_detailed,SM,simplicity-v1-c03-equal-one_detailed-SM#0,unknown,99,False,False
base,simplicity-v1-c03-equal-one_detailed-SM,simplicity-v1-c03,consolidation,equal,one_detailed,SM,simplicity-v1-c03-equal-one_detailed-SM#1,S,109,False,True
base,simplicity-v1-c03-equal-one_detailed-SM,simplicity-v1-c03,consolidation,equal,one_detailed,SM,simplicity-v1-c03-equal-one_detailed-SM#2,M,114,False,True
base,simplicity-v1-c03-equal-one_detailed-SM,simplicity-v1-c03,consolidation,equal,one_detailed,SM,simplicity-v1-c03-equal-one_detailed-SM#3,M,121,True,True
base,simplicity-v1-c03-M_simple-flexible-MS,simplicity-v1-c03,consolidation,M_simple,flexible,MS,simplicity-v1-c03-M_simple-flexible-MS#0,unknown,96,True,True
base,simplicity-v1-c03-M_simple-flexible-MS,simplicity-v1-c03,consolidation,M_simple,flexible,MS,simplicity-v1-c03-M_simple-flexible-MS#1,S,133,True,True
base,simplicity-v1-c03-M_simple-flexible-MS,simplicity-v1-c03,consolidation,M_simple,flexible,MS,simplicity-v1-c03-M_simple-flexible-MS#2,S,106,True,True
base,simplicity-v1-c03-M_simple-flexible-MS,simplicity-v1-c03,consolidation,M_simple,flexible,MS,simplicity-v1-c03-M_simple-flexible-MS#3,S,151,True,True
base,simplicity-v1-c03-M_simple-flexible-SM,simplicity-v1-c03,consolidation,M_simple,flexible,SM,simplicity-v1-c03-M_simple-flexible-SM#0,S,93,True,True
base,simplicity-v1-c03-M_simple-flexible-SM,simplicity-v1-c03,consolidation,M_simple,flexible,SM,simplicity-v1-c03-M_simple-flexible-SM#1,M,95,True,True
base,simplicity-v1-c03-M_simple-flexible-SM,simplicity-v1-c03,consolidation,M_simple,flexible,SM,simplicity-v1-c03-M_simple-flexible-SM#2,S,95,True,True
base,simplicity-v1-c03-M_simple-flexible-SM,simplicity-v1-c03,consolidation,M_simple,flexible,SM,simplicity-v1-c03-M_simple-flexible-SM#3,S,116,True,True
base,simplicity-v1-c03-M_simple-one_free-MS,simplicity-v1-c03,consolidation,M_simple,one_free,MS,simplicity-v1-c03-M_simple-one_free-MS#0,S,121,True,True
base,simplicity-v1-c03-M_simple-one_free-MS,simplicity-v1-c03,consolidation,M_simple,one_free,MS,simplicity-v1-c03-M_simple-one_free-MS#1,M,76,True,True
base,simplicity-v1-c03-M_simple-one_free-MS,simplicity-v1-c03,consolidation,M_simple,one_free,MS,simplicity-v1-c03-M_simple-one_free-MS#2,M,77,True,True
base,simplicity-v1-c03-M_simple-one_free-MS,simplicity-v1-c03,consolidation,M_simple,one_free,MS,simplicity-v1-c03-M_simple-one_free-MS#3,M,135,True,True
base,simplicity-v1-c03-M_simple-one_free-SM,simplicity-v1-c03,consolidation,M_simple,one_free,SM,simplicity-v1-c03-M_simple-one_free-SM#0,S,141,True,True
base,simplicity-v1-c03-M_simple-one_free-SM,simplicity-v1-c03,consolidation,M_simple,one_free,SM,simplicity-v1-c03-M_simple-one_free-SM#1,S,154,True,True
base,simplicity-v1-c03-M_simple-one_free-SM,simplicity-v1-c03,consolidation,M_simple,one_free,SM,simplicity-v1-c03-M_simple-one_free-SM#2,S,90,True,True
base,simplicity-v1-c03-M_simple-one_free-SM,simplicity-v1-c03,consolidation,M_simple,one_free,SM,simplicity-v1-c03-M_simple-one_free-SM#3,M,126,True,True
base,simplicity-v1-c03-M_simple-one_brief-MS,simplicity-v1-c03,consolidation,M_simple,one_brief,MS,simplicity-v1-c03-M_simple-one_brief-MS#0,M,20,True,True
base,simplicity-v1-c03-M_simple-one_brief-MS,simplicity-v1-c03,consolidation,M_simple,one_brief,MS,simplicity-v1-c03-M_simple-one_brief-MS#1,S,14,True,True
base,simplicity-v1-c03-M_simple-one_brief-MS,simplicity-v1-c03,consolidation,M_simple,one_brief,MS,simplicity-v1-c03-M_simple-one_brief-MS#2,M,28,False,True
base,simplicity-v1-c03-M_simple-one_brief-MS,simplicity-v1-c03,consolidation,M_simple,one_brief,MS,simplicity-v1-c03-M_simple-one_brief-MS#3,M,25,True,True
base,simplicity-v1-c03-M_simple-one_brief-SM,simplicity-v1-c03,consolidation,M_simple,one_brief,SM,simplicity-v1-c03-M_simple-one_brief-SM#0,S,21,True,True
base,simplicity-v1-c03-M_simple-one_brief-SM,simplicity-v1-c03,consolidation,M_simple,one_brief,SM,simplicity-v1-c03-M_simple-one_brief-SM#1,M,25,True,True
base,simplicity-v1-c03-M_simple-one_brief-SM,simplicity-v1-c03,consolidation,M_simple,one_brief,SM,simplicity-v1-c03-M_simple-one_brief-SM#2,S,18,True,True
base,simplicity-v1-c03-M_simple-one_brief-SM,simplicity-v1-c03,consolidation,M_simple,one_brief,SM,simplicity-v1-c03-M_simple-one_brief-SM#3,S,27,False,True
base,simplicity-v1-c03-M_simple-one_detailed-MS,simplicity-v1-c03,consolidation,M_simple,one_detailed,MS,simplicity-v1-c03-M_simple-one_detailed-MS#0,unknown,112,False,False
base,simplicity-v1-c03-M_simple-one_detailed-MS,simplicity-v1-c03,consolidation,M_simple,one_detailed,MS,simplicity-v1-c03-M_simple-one_detailed-MS#1,unknown,125,True,False
base,simplicity-v1-c03-M_simple-one_detailed-MS,simplicity-v1-c03,consolidation,M_simple,one_detailed,MS,simplicity-v1-c03-M_simple-one_detailed-MS#2,S,182,False,True
base,simplicity-v1-c03-M_simple-one_detailed-MS,simplicity-v1-c03,consolidation,M_simple,one_detailed,MS,simplicity-v1-c03-M_simple-one_detailed-MS#3,S,118,False,True
base,simplicity-v1-c03-M_simple-one_detailed-SM,simplicity-v1-c03,consolidation,M_simple,one_detailed,SM,simplicity-v1-c03-M_simple-one_detailed-SM#0,unknown,109,False,False
base,simplicity-v1-c03-M_simple-one_detailed-SM,simplicity-v1-c03,consolidation,M_simple,one_detailed,SM,simplicity-v1-c03-M_simple-one_detailed-SM#1,S,100,False,True
base,simplicity-v1-c03-M_simple-one_detailed-SM,simplicity-v1-c03,consolidation,M_simple,one_detailed,SM,simplicity-v1-c03-M_simple-one_detailed-SM#2,S,243,False,True
base,simplicity-v1-c03-M_simple-one_detailed-SM,simplicity-v1-c03,consolidation,M_simple,one_detailed,SM,simplicity-v1-c03-M_simple-one_detailed-SM#3,S,77,False,True
base,simplicity-v1-c03-S_simple-flexible-MS,simplicity-v1-c03,consolidation,S_simple,flexible,MS,simplicity-v1-c03-S_simple-flexible-MS#0,S,114,True,True
base,simplicity-v1-c03-S_simple-flexible-MS,simplicity-v1-c03,consolidation,S_simple,flexible,MS,simplicity-v1-c03-S_simple-flexible-MS#1,S,136,True,True
base,simplicity-v1-c03-S_simple-flexible-MS,simplicity-v1-c03,consolidation,S_simple,flexible,MS,simplicity-v1-c03-S_simple-flexible-MS#2,S,134,True,True
base,simplicity-v1-c03-S_simple-flexible-MS,simplicity-v1-c03,consolidation,S_simple,flexible,MS,simplicity-v1-c03-S_simple-flexible-MS#3,S,90,True,True
base,simplicity-v1-c03-S_simple-flexible-SM,simplicity-v1-c03,consolidation,S_simple,flexible,SM,simplicity-v1-c03-S_simple-flexible-SM#0,S,84,True,True
base,simplicity-v1-c03-S_simple-flexible-SM,simplicity-v1-c03,consolidation,S_simple,flexible,SM,simplicity-v1-c03-S_simple-flexible-SM#1,M,95,True,True
base,simplicity-v1-c03-S_simple-flexible-SM,simplicity-v1-c03,consolidation,S_simple,flexible,SM,simplicity-v1-c03-S_simple-flexible-SM#2,S,142,True,True
base,simplicity-v1-c03-S_simple-flexible-SM,simplicity-v1-c03,consolidation,S_simple,flexible,SM,simplicity-v1-c03-S_simple-flexible-SM#3,S,117,True,True
base,simplicity-v1-c03-S_simple-one_free-MS,simplicity-v1-c03,consolidation,S_simple,one_free,MS,simplicity-v1-c03-S_simple-one_free-MS#0,S,127,True,True
base,simplicity-v1-c03-S_simple-one_free-MS,simplicity-v1-c03,consolidation,S_simple,one_free,MS,simplicity-v1-c03-S_simple-one_free-MS#1,S,84,True,True
base,simplicity-v1-c03-S_simple-one_free-MS,simplicity-v1-c03,consolidation,S_simple,one_free,MS,simplicity-v1-c03-S_simple-one_free-MS#2,S,92,True,True
base,simplicity-v1-c03-S_simple-one_free-MS,simplicity-v1-c03,consolidation,S_simple,one_free,MS,simplicity-v1-c03-S_simple-one_free-MS#3,S,69,True,True
base,simplicity-v1-c03-S_simple-one_free-SM,simplicity-v1-c03,consolidation,S_simple,one_free,SM,simplicity-v1-c03-S_simple-one_free-SM#0,S,115,True,True
base,simplicity-v1-c03-S_simple-one_free-SM,simplicity-v1-c03,consolidation,S_simple,one_free,SM,simplicity-v1-c03-S_simple-one_free-SM#1,S,107,True,True
base,simplicity-v1-c03-S_simple-one_free-SM,simplicity-v1-c03,consolidation,S_simple,one_free,SM,simplicity-v1-c03-S_simple-one_free-SM#2,S,90,True,True
base,simplicity-v1-c03-S_simple-one_free-SM,simplicity-v1-c03,consolidation,S_simple,one_free,SM,simplicity-v1-c03-S_simple-one_free-SM#3,S,70,True,True
base,simplicity-v1-c03-S_simple-one_brief-MS,simplicity-v1-c03,consolidation,S_simple,one_brief,MS,simplicity-v1-c03-S_simple-one_brief-MS#0,S,30,False,True
base,simplicity-v1-c03-S_simple-one_brief-MS,simplicity-v1-c03,consolidation,S_simple,one_brief,MS,simplicity-v1-c03-S_simple-one_brief-MS#1,S,21,True,True
base,simplicity-v1-c03-S_simple-one_brief-MS,simplicity-v1-c03,consolidation,S_simple,one_brief,MS,simplicity-v1-c03-S_simple-one_brief-MS#2,S,42,False,True
base,simplicity-v1-c03-S_simple-one_brief-MS,simplicity-v1-c03,consolidation,S_simple,one_brief,MS,simplicity-v1-c03-S_simple-one_brief-MS#3,S,13,True,True
base,simplicity-v1-c03-S_simple-one_brief-SM,simplicity-v1-c03,consolidation,S_simple,one_brief,SM,simplicity-v1-c03-S_simple-one_brief-SM#0,S,18,True,True
base,simplicity-v1-c03-S_simple-one_brief-SM,simplicity-v1-c03,consolidation,S_simple,one_brief,SM,simplicity-v1-c03-S_simple-one_brief-SM#1,S,26,False,True
base,simplicity-v1-c03-S_simple-one_brief-SM,simplicity-v1-c03,consolidation,S_simple,one_brief,SM,simplicity-v1-c03-S_simple-one_brief-SM#2,S,24,True,True
base,simplicity-v1-c03-S_simple-one_brief-SM,simplicity-v1-c03,consolidation,S_simple,one_brief,SM,simplicity-v1-c03-S_simple-one_brief-SM#3,S,12,True,True
base,simplicity-v1-c03-S_simple-one_detailed-MS,simplicity-v1-c03,consolidation,S_simple,one_detailed,MS,simplicity-v1-c03-S_simple-one_detailed-MS#0,S,139,True,True
base,simplicity-v1-c03-S_simple-one_detailed-MS,simplicity-v1-c03,consolidation,S_simple,one_detailed,MS,simplicity-v1-c03-S_simple-one_detailed-MS#1,S,104,False,True
base,simplicity-v1-c03-S_simple-one_detailed-MS,simplicity-v1-c03,consolidation,S_simple,one_detailed,MS,simplicity-v1-c03-S_simple-one_detailed-MS#2,S,119,False,True
base,simplicity-v1-c03-S_simple-one_detailed-MS,simplicity-v1-c03,consolidation,S_simple,one_detailed,MS,simplicity-v1-c03-S_simple-one_detailed-MS#3,S,104,False,True
base,simplicity-v1-c03-S_simple-one_detailed-SM,simplicity-v1-c03,consolidation,S_simple,one_detailed,SM,simplicity-v1-c03-S_simple-one_detailed-SM#0,unknown,159,True,False
base,simplicity-v1-c03-S_simple-one_detailed-SM,simplicity-v1-c03,consolidation,S_simple,one_detailed,SM,simplicity-v1-c03-S_simple-one_detailed-SM#1,S,61,False,True
base,simplicity-v1-c03-S_simple-one_detailed-SM,simplicity-v1-c03,consolidation,S_simple,one_detailed,SM,simplicity-v1-c03-S_simple-one_detailed-SM#2,S,130,True,True
base,simplicity-v1-c03-S_simple-one_detailed-SM,simplicity-v1-c03,consolidation,S_simple,one_detailed,SM,simplicity-v1-c03-S_simple-one_detailed-SM#3,S,109,False,True
base,simplicity-v1-s01-equal-flexible-MS,simplicity-v1-s01,specialization,equal,flexible,MS,simplicity-v1-s01-equal-flexible-MS#0,M,94,True,True
base,simplicity-v1-s01-equal-flexible-MS,simplicity-v1-s01,specialization,equal,flexible,MS,simplicity-v1-s01-equal-flexible-MS#1,S,117,True,True
base,simplicity-v1-s01-equal-flexible-MS,simplicity-v1-s01,specialization,equal,flexible,MS,simplicity-v1-s01-equal-flexible-MS#2,S,100,True,True
base,simplicity-v1-s01-equal-flexible-MS,simplicity-v1-s01,specialization,equal,flexible,MS,simplicity-v1-s01-equal-flexible-MS#3,S,94,True,True
base,simplicity-v1-s01-equal-flexible-SM,simplicity-v1-s01,specialization,equal,flexible,SM,simplicity-v1-s01-equal-flexible-SM#0,S,84,True,True
base,simplicity-v1-s01-equal-flexible-SM,simplicity-v1-s01,specialization,equal,flexible,SM,simplicity-v1-s01-equal-flexible-SM#1,S,136,True,True
base,simplicity-v1-s01-equal-flexible-SM,simplicity-v1-s01,specialization,equal,flexible,SM,simplicity-v1-s01-equal-flexible-SM#2,S,110,True,True
base,simplicity-v1-s01-equal-flexible-SM,simplicity-v1-s01,specialization,equal,flexible,SM,simplicity-v1-s01-equal-flexible-SM#3,S,71,True,True
base,simplicity-v1-s01-equal-one_free-MS,simplicity-v1-s01,specialization,equal,one_free,MS,simplicity-v1-s01-equal-one_free-MS#0,M,84,True,True
base,simplicity-v1-s01-equal-one_free-MS,simplicity-v1-s01,specialization,equal,one_free,MS,simplicity-v1-s01-equal-one_free-MS#1,M,68,True,True
base,simplicity-v1-s01-equal-one_free-MS,simplicity-v1-s01,specialization,equal,one_free,MS,simplicity-v1-s01-equal-one_free-MS#2,S,90,True,True
base,simplicity-v1-s01-equal-one_free-MS,simplicity-v1-s01,specialization,equal,one_free,MS,simplicity-v1-s01-equal-one_free-MS#3,M,83,True,True
base,simplicity-v1-s01-equal-one_free-SM,simplicity-v1-s01,specialization,equal,one_free,SM,simplicity-v1-s01-equal-one_free-SM#0,M,71,True,True
base,simplicity-v1-s01-equal-one_free-SM,simplicity-v1-s01,specialization,equal,one_free,SM,simplicity-v1-s01-equal-one_free-SM#1,M,83,True,True
base,simplicity-v1-s01-equal-one_free-SM,simplicity-v1-s01,specialization,equal,one_free,SM,simplicity-v1-s01-equal-one_free-SM#2,S,108,True,True
base,simplicity-v1-s01-equal-one_free-SM,simplicity-v1-s01,specialization,equal,one_free,SM,simplicity-v1-s01-equal-one_free-SM#3,S,105,True,True
base,simplicity-v1-s01-equal-one_brief-MS,simplicity-v1-s01,specialization,equal,one_brief,MS,simplicity-v1-s01-equal-one_brief-MS#0,S,25,True,True
base,simplicity-v1-s01-equal-one_brief-MS,simplicity-v1-s01,specialization,equal,one_brief,MS,simplicity-v1-s01-equal-one_brief-MS#1,S,16,True,True
base,simplicity-v1-s01-equal-one_brief-MS,simplicity-v1-s01,specialization,equal,one_brief,MS,simplicity-v1-s01-equal-one_brief-MS#2,S,28,False,True
base,simplicity-v1-s01-equal-one_brief-MS,simplicity-v1-s01,specialization,equal,one_brief,MS,simplicity-v1-s01-equal-one_brief-MS#3,M,20,True,True
base,simplicity-v1-s01-equal-one_brief-SM,simplicity-v1-s01,specialization,equal,one_brief,SM,simplicity-v1-s01-equal-one_brief-SM#0,S,18,True,True
base,simplicity-v1-s01-equal-one_brief-SM,simplicity-v1-s01,specialization,equal,one_brief,SM,simplicity-v1-s01-equal-one_brief-SM#1,S,30,False,True
base,simplicity-v1-s01-equal-one_brief-SM,simplicity-v1-s01,specialization,equal,one_brief,SM,simplicity-v1-s01-equal-one_brief-SM#2,S,24,True,True
base,simplicity-v1-s01-equal-one_brief-SM,simplicity-v1-s01,specialization,equal,one_brief,SM,simplicity-v1-s01-equal-one_brief-SM#3,S,14,True,True
base,simplicity-v1-s01-equal-one_detailed-MS,simplicity-v1-s01,specialization,equal,one_detailed,MS,simplicity-v1-s01-equal-one_detailed-MS#0,M,99,False,True
base,simplicity-v1-s01-equal-one_detailed-MS,simplicity-v1-s01,specialization,equal,one_detailed,MS,simplicity-v1-s01-equal-one_detailed-MS#1,M,96,False,True
base,simplicity-v1-s01-equal-one_detailed-MS,simplicity-v1-s01,specialization,equal,one_detailed,MS,simplicity-v1-s01-equal-one_detailed-MS#2,M,93,False,True
base,simplicity-v1-s01-equal-one_detailed-MS,simplicity-v1-s01,specialization,equal,one_detailed,MS,simplicity-v1-s01-equal-one_detailed-MS#3,S,90,False,True
base,simplicity-v1-s01-equal-one_detailed-SM,simplicity-v1-s01,specialization,equal,one_detailed,SM,simplicity-v1-s01-equal-one_detailed-SM#0,S,129,True,True
base,simplicity-v1-s01-equal-one_detailed-SM,simplicity-v1-s01,specialization,equal,one_detailed,SM,simplicity-v1-s01-equal-one_detailed-SM#1,M,126,True,True
base,simplicity-v1-s01-equal-one_detailed-SM,simplicity-v1-s01,specialization,equal,one_detailed,SM,simplicity-v1-s01-equal-one_detailed-SM#2,S,108,False,True
base,simplicity-v1-s01-equal-one_detailed-SM,simplicity-v1-s01,specialization,equal,one_detailed,SM,simplicity-v1-s01-equal-one_detailed-SM#3,M,112,False,True
base,simplicity-v1-s01-M_simple-flexible-MS,simplicity-v1-s01,specialization,M_simple,flexible,MS,simplicity-v1-s01-M_simple-flexible-MS#0,S,107,True,True
base,simplicity-v1-s01-M_simple-flexible-MS,simplicity-v1-s01,specialization,M_simple,flexible,MS,simplicity-v1-s01-M_simple-flexible-MS#1,S,86,True,True
base,simplicity-v1-s01-M_simple-flexible-MS,simplicity-v1-s01,specialization,M_simple,flexible,MS,simplicity-v1-s01-M_simple-flexible-MS#2,S,101,True,True
base,simplicity-v1-s01-M_simple-flexible-MS,simplicity-v1-s01,specialization,M_simple,flexible,MS,simplicity-v1-s01-M_simple-flexible-MS#3,S,79,True,True
base,simplicity-v1-s01-M_simple-flexible-SM,simplicity-v1-s01,specialization,M_simple,flexible,SM,simplicity-v1-s01-M_simple-flexible-SM#0,S,128,True,True
base,simplicity-v1-s01-M_simple-flexible-SM,simplicity-v1-s01,specialization,M_simple,flexible,SM,simplicity-v1-s01-M_simple-flexible-SM#1,M,68,True,True
base,simplicity-v1-s01-M_simple-flexible-SM,simplicity-v1-s01,specialization,M_simple,flexible,SM,simplicity-v1-s01-M_simple-flexible-SM#2,S,146,True,True
base,simplicity-v1-s01-M_simple-flexible-SM,simplicity-v1-s01,specialization,M_simple,flexible,SM,simplicity-v1-s01-M_simple-flexible-SM#3,S,109,True,True
base,simplicity-v1-s01-M_simple-one_free-MS,simplicity-v1-s01,specialization,M_simple,one_free,MS,simplicity-v1-s01-M_simple-one_free-MS#0,S,85,True,True
base,simplicity-v1-s01-M_simple-one_free-MS,simplicity-v1-s01,specialization,M_simple,one_free,MS,simplicity-v1-s01-M_simple-one_free-MS#1,S,120,True,True
base,simplicity-v1-s01-M_simple-one_free-MS,simplicity-v1-s01,specialization,M_simple,one_free,MS,simplicity-v1-s01-M_simple-one_free-MS#2,S,148,True,True
base,simplicity-v1-s01-M_simple-one_free-MS,simplicity-v1-s01,specialization,M_simple,one_free,MS,simplicity-v1-s01-M_simple-one_free-MS#3,S,88,True,True
base,simplicity-v1-s01-M_simple-one_free-SM,simplicity-v1-s01,specialization,M_simple,one_free,SM,simplicity-v1-s01-M_simple-one_free-SM#0,S,114,True,True
base,simplicity-v1-s01-M_simple-one_free-SM,simplicity-v1-s01,specialization,M_simple,one_free,SM,simplicity-v1-s01-M_simple-one_free-SM#1,S,106,True,True
base,simplicity-v1-s01-M_simple-one_free-SM,simplicity-v1-s01,specialization,M_simple,one_free,SM,simplicity-v1-s01-M_simple-one_free-SM#2,S,116,True,True
base,simplicity-v1-s01-M_simple-one_free-SM,simplicity-v1-s01,specialization,M_simple,one_free,SM,simplicity-v1-s01-M_simple-one_free-SM#3,S,99,True,True
base,simplicity-v1-s01-M_simple-one_brief-MS,simplicity-v1-s01,specialization,M_simple,one_brief,MS,simplicity-v1-s01-M_simple-one_brief-MS#0,M,16,True,True
base,simplicity-v1-s01-M_simple-one_brief-MS,simplicity-v1-s01,specialization,M_simple,one_brief,MS,simplicity-v1-s01-M_simple-one_brief-MS#1,S,13,True,True
base,simplicity-v1-s01-M_simple-one_brief-MS,simplicity-v1-s01,specialization,M_simple,one_brief,MS,simplicity-v1-s01-M_simple-one_brief-MS#2,M,25,True,True
base,simplicity-v1-s01-M_simple-one_brief-MS,simplicity-v1-s01,specialization,M_simple,one_brief,MS,simplicity-v1-s01-M_simple-one_brief-MS#3,M,22,True,True
base,simplicity-v1-s01-M_simple-one_brief-SM,simplicity-v1-s01,specialization,M_simple,one_brief,SM,simplicity-v1-s01-M_simple-one_brief-SM#0,S,14,True,True
base,simplicity-v1-s01-M_simple-one_brief-SM,simplicity-v1-s01,specialization,M_simple,one_brief,SM,simplicity-v1-s01-M_simple-one_brief-SM#1,S,12,True,True
base,simplicity-v1-s01-M_simple-one_brief-SM,simplicity-v1-s01,specialization,M_simple,one_brief,SM,simplicity-v1-s01-M_simple-one_brief-SM#2,S,27,False,True
base,simplicity-v1-s01-M_simple-one_brief-SM,simplicity-v1-s01,specialization,M_simple,one_brief,SM,simplicity-v1-s01-M_simple-one_brief-SM#3,S,17,True,True
base,simplicity-v1-s01-M_simple-one_detailed-MS,simplicity-v1-s01,specialization,M_simple,one_detailed,MS,simplicity-v1-s01-M_simple-one_detailed-MS#0,M,100,False,True
base,simplicity-v1-s01-M_simple-one_detailed-MS,simplicity-v1-s01,specialization,M_simple,one_detailed,MS,simplicity-v1-s01-M_simple-one_detailed-MS#1,S,133,True,True
base,simplicity-v1-s01-M_simple-one_detailed-MS,simplicity-v1-s01,specialization,M_simple,one_detailed,MS,simplicity-v1-s01-M_simple-one_detailed-MS#2,M,102,False,True
base,simplicity-v1-s01-M_simple-one_detailed-MS,simplicity-v1-s01,specialization,M_simple,one_detailed,MS,simplicity-v1-s01-M_simple-one_detailed-MS#3,S,111,False,True
base,simplicity-v1-s01-M_simple-one_detailed-SM,simplicity-v1-s01,specialization,M_simple,one_detailed,SM,simplicity-v1-s01-M_simple-one_detailed-SM#0,S,96,False,True
base,simplicity-v1-s01-M_simple-one_detailed-SM,simplicity-v1-s01,specialization,M_simple,one_detailed,SM,simplicity-v1-s01-M_simple-one_detailed-SM#1,S,125,True,True
base,simplicity-v1-s01-M_simple-one_detailed-SM,simplicity-v1-s01,specialization,M_simple,one_detailed,SM,simplicity-v1-s01-M_simple-one_detailed-SM#2,S,113,False,True
base,simplicity-v1-s01-M_simple-one_detailed-SM,simplicity-v1-s01,specialization,M_simple,one_detailed,SM,simplicity-v1-s01-M_simple-one_detailed-SM#3,S,92,False,True
base,simplicity-v1-s01-S_simple-flexible-MS,simplicity-v1-s01,specialization,S_simple,flexible,MS,simplicity-v1-s01-S_simple-flexible-MS#0,S,131,True,True
base,simplicity-v1-s01-S_simple-flexible-MS,simplicity-v1-s01,specialization,S_simple,flexible,MS,simplicity-v1-s01-S_simple-flexible-MS#1,S,81,True,True
base,simplicity-v1-s01-S_simple-flexible-MS,simplicity-v1-s01,specialization,S_simple,flexible,MS,simplicity-v1-s01-S_simple-flexible-MS#2,S,87,True,True
base,simplicity-v1-s01-S_simple-flexible-MS,simplicity-v1-s01,specialization,S_simple,flexible,MS,simplicity-v1-s01-S_simple-flexible-MS#3,S,104,True,True
base,simplicity-v1-s01-S_simple-flexible-SM,simplicity-v1-s01,specialization,S_simple,flexible,SM,simplicity-v1-s01-S_simple-flexible-SM#0,M,115,True,True
base,simplicity-v1-s01-S_simple-flexible-SM,simplicity-v1-s01,specialization,S_simple,flexible,SM,simplicity-v1-s01-S_simple-flexible-SM#1,S,122,True,True
base,simplicity-v1-s01-S_simple-flexible-SM,simplicity-v1-s01,specialization,S_simple,flexible,SM,simplicity-v1-s01-S_simple-flexible-SM#2,S,129,True,True
base,simplicity-v1-s01-S_simple-flexible-SM,simplicity-v1-s01,specialization,S_simple,flexible,SM,simplicity-v1-s01-S_simple-flexible-SM#3,S,72,True,True
base,simplicity-v1-s01-S_simple-one_free-MS,simplicity-v1-s01,specialization,S_simple,one_free,MS,simplicity-v1-s01-S_simple-one_free-MS#0,S,97,True,True
base,simplicity-v1-s01-S_simple-one_free-MS,simplicity-v1-s01,specialization,S_simple,one_free,MS,simplicity-v1-s01-S_simple-one_free-MS#1,M,94,True,True
base,simplicity-v1-s01-S_simple-one_free-MS,simplicity-v1-s01,specialization,S_simple,one_free,MS,simplicity-v1-s01-S_simple-one_free-MS#2,S,115,True,True
base,simplicity-v1-s01-S_simple-one_free-MS,simplicity-v1-s01,specialization,S_simple,one_free,MS,simplicity-v1-s01-S_simple-one_free-MS#3,S,95,True,True
base,simplicity-v1-s01-S_simple-one_free-SM,simplicity-v1-s01,specialization,S_simple,one_free,SM,simplicity-v1-s01-S_simple-one_free-SM#0,S,141,True,True
base,simplicity-v1-s01-S_simple-one_free-SM,simplicity-v1-s01,specialization,S_simple,one_free,SM,simplicity-v1-s01-S_simple-one_free-SM#1,S,78,True,True
base,simplicity-v1-s01-S_simple-one_free-SM,simplicity-v1-s01,specialization,S_simple,one_free,SM,simplicity-v1-s01-S_simple-one_free-SM#2,M,125,True,True
base,simplicity-v1-s01-S_simple-one_free-SM,simplicity-v1-s01,specialization,S_simple,one_free,SM,simplicity-v1-s01-S_simple-one_free-SM#3,M,167,False,True
base,simplicity-v1-s01-S_simple-one_brief-MS,simplicity-v1-s01,specialization,S_simple,one_brief,MS,simplicity-v1-s01-S_simple-one_brief-MS#0,S,28,False,True
base,simplicity-v1-s01-S_simple-one_brief-MS,simplicity-v1-s01,specialization,S_simple,one_brief,MS,simplicity-v1-s01-S_simple-one_brief-MS#1,S,25,True,True
base,simplicity-v1-s01-S_simple-one_brief-MS,simplicity-v1-s01,specialization,S_simple,one_brief,MS,simplicity-v1-s01-S_simple-one_brief-MS#2,S,24,True,True
base,simplicity-v1-s01-S_simple-one_brief-MS,simplicity-v1-s01,specialization,S_simple,one_brief,MS,simplicity-v1-s01-S_simple-one_brief-MS#3,S,15,True,True
base,simplicity-v1-s01-S_simple-one_brief-SM,simplicity-v1-s01,specialization,S_simple,one_brief,SM,simplicity-v1-s01-S_simple-one_brief-SM#0,S,20,True,True
base,simplicity-v1-s01-S_simple-one_brief-SM,simplicity-v1-s01,specialization,S_simple,one_brief,SM,simplicity-v1-s01-S_simple-one_brief-SM#1,S,36,False,True
base,simplicity-v1-s01-S_simple-one_brief-SM,simplicity-v1-s01,specialization,S_simple,one_brief,SM,simplicity-v1-s01-S_simple-one_brief-SM#2,S,31,False,True
base,simplicity-v1-s01-S_simple-one_brief-SM,simplicity-v1-s01,specialization,S_simple,one_brief,SM,simplicity-v1-s01-S_simple-one_brief-SM#3,S,15,True,True
base,simplicity-v1-s01-S_simple-one_detailed-MS,simplicity-v1-s01,specialization,S_simple,one_detailed,MS,simplicity-v1-s01-S_simple-one_detailed-MS#0,M,102,False,True
base,simplicity-v1-s01-S_simple-one_detailed-MS,simplicity-v1-s01,specialization,S_simple,one_detailed,MS,simplicity-v1-s01-S_simple-one_detailed-MS#1,M,107,False,True
base,simplicity-v1-s01-S_simple-one_detailed-MS,simplicity-v1-s01,specialization,S_simple,one_detailed,MS,simplicity-v1-s01-S_simple-one_detailed-MS#2,S,88,False,True
base,simplicity-v1-s01-S_simple-one_detailed-MS,simplicity-v1-s01,specialization,S_simple,one_detailed,MS,simplicity-v1-s01-S_simple-one_detailed-MS#3,S,111,False,True
base,simplicity-v1-s01-S_simple-one_detailed-SM,simplicity-v1-s01,specialization,S_simple,one_detailed,SM,simplicity-v1-s01-S_simple-one_detailed-SM#0,S,100,False,True
base,simplicity-v1-s01-S_simple-one_detailed-SM,simplicity-v1-s01,specialization,S_simple,one_detailed,SM,simplicity-v1-s01-S_simple-one_detailed-SM#1,S,136,True,True
base,simplicity-v1-s01-S_simple-one_detailed-SM,simplicity-v1-s01,specialization,S_simple,one_detailed,SM,simplicity-v1-s01-S_simple-one_detailed-SM#2,S,98,False,True
base,simplicity-v1-s01-S_simple-one_detailed-SM,simplicity-v1-s01,specialization,S_simple,one_detailed,SM,simplicity-v1-s01-S_simple-one_detailed-SM#3,S,191,False,True
base,simplicity-v1-s02-equal-flexible-MS,simplicity-v1-s02,specialization,equal,flexible,MS,simplicity-v1-s02-equal-flexible-MS#0,M,117,True,True
base,simplicity-v1-s02-equal-flexible-MS,simplicity-v1-s02,specialization,equal,flexible,MS,simplicity-v1-s02-equal-flexible-MS#1,S,104,True,True
base,simplicity-v1-s02-equal-flexible-MS,simplicity-v1-s02,specialization,equal,flexible,MS,simplicity-v1-s02-equal-flexible-MS#2,S,133,True,True
base,simplicity-v1-s02-equal-flexible-MS,simplicity-v1-s02,specialization,equal,flexible,MS,simplicity-v1-s02-equal-flexible-MS#3,S,168,False,True
base,simplicity-v1-s02-equal-flexible-SM,simplicity-v1-s02,specialization,equal,flexible,SM,simplicity-v1-s02-equal-flexible-SM#0,S,156,True,True
base,simplicity-v1-s02-equal-flexible-SM,simplicity-v1-s02,specialization,equal,flexible,SM,simplicity-v1-s02-equal-flexible-SM#1,S,112,True,True
base,simplicity-v1-s02-equal-flexible-SM,simplicity-v1-s02,specialization,equal,flexible,SM,simplicity-v1-s02-equal-flexible-SM#2,S,100,True,True
base,simplicity-v1-s02-equal-flexible-SM,simplicity-v1-s02,specialization,equal,flexible,SM,simplicity-v1-s02-equal-flexible-SM#3,S,108,True,True
base,simplicity-v1-s02-equal-one_free-MS,simplicity-v1-s02,specialization,equal,one_free,MS,simplicity-v1-s02-equal-one_free-MS#0,S,104,True,True
base,simplicity-v1-s02-equal-one_free-MS,simplicity-v1-s02,specialization,equal,one_free,MS,simplicity-v1-s02-equal-one_free-MS#1,M,178,False,True
base,simplicity-v1-s02-equal-one_free-MS,simplicity-v1-s02,specialization,equal,one_free,MS,simplicity-v1-s02-equal-one_free-MS#2,S,91,True,True
base,simplicity-v1-s02-equal-one_free-MS,simplicity-v1-s02,specialization,equal,one_free,MS,simplicity-v1-s02-equal-one_free-MS#3,M,102,True,True
base,simplicity-v1-s02-equal-one_free-SM,simplicity-v1-s02,specialization,equal,one_free,SM,simplicity-v1-s02-equal-one_free-SM#0,S,106,True,True
base,simplicity-v1-s02-equal-one_free-SM,simplicity-v1-s02,specialization,equal,one_free,SM,simplicity-v1-s02-equal-one_free-SM#1,S,93,True,True
base,simplicity-v1-s02-equal-one_free-SM,simplicity-v1-s02,specialization,equal,one_free,SM,simplicity-v1-s02-equal-one_free-SM#2,M,104,True,True
base,simplicity-v1-s02-equal-one_free-SM,simplicity-v1-s02,specialization,equal,one_free,SM,simplicity-v1-s02-equal-one_free-SM#3,M,74,True,True
base,simplicity-v1-s02-equal-one_brief-MS,simplicity-v1-s02,specialization,equal,one_brief,MS,simplicity-v1-s02-equal-one_brief-MS#0,M,34,False,True
base,simplicity-v1-s02-equal-one_brief-MS,simplicity-v1-s02,specialization,equal,one_brief,MS,simplicity-v1-s02-equal-one_brief-MS#1,M,21,True,True
base,simplicity-v1-s02-equal-one_brief-MS,simplicity-v1-s02,specialization,equal,one_brief,MS,simplicity-v1-s02-equal-one_brief-MS#2,S,30,False,True
base,simplicity-v1-s02-equal-one_brief-MS,simplicity-v1-s02,specialization,equal,one_brief,MS,simplicity-v1-s02-equal-one_brief-MS#3,M,29,False,True
base,simplicity-v1-s02-equal-one_brief-SM,simplicity-v1-s02,specialization,equal,one_brief,SM,simplicity-v1-s02-equal-one_brief-SM#0,S,37,False,True
base,simplicity-v1-s02-equal-one_brief-SM,simplicity-v1-s02,specialization,equal,one_brief,SM,simplicity-v1-s02-equal-one_brief-SM#1,S,14,True,True
base,simplicity-v1-s02-equal-one_brief-SM,simplicity-v1-s02,specialization,equal,one_brief,SM,simplicity-v1-s02-equal-one_brief-SM#2,S,23,True,True
base,simplicity-v1-s02-equal-one_brief-SM,simplicity-v1-s02,specialization,equal,one_brief,SM,simplicity-v1-s02-equal-one_brief-SM#3,S,22,True,True
base,simplicity-v1-s02-equal-one_detailed-MS,simplicity-v1-s02,specialization,equal,one_detailed,MS,simplicity-v1-s02-equal-one_detailed-MS#0,M,79,False,True
base,simplicity-v1-s02-equal-one_detailed-MS,simplicity-v1-s02,specialization,equal,one_detailed,MS,simplicity-v1-s02-equal-one_detailed-MS#1,S,194,False,True
base,simplicity-v1-s02-equal-one_detailed-MS,simplicity-v1-s02,specialization,equal,one_detailed,MS,simplicity-v1-s02-equal-one_detailed-MS#2,S,113,False,True
base,simplicity-v1-s02-equal-one_detailed-MS,simplicity-v1-s02,specialization,equal,one_detailed,MS,simplicity-v1-s02-equal-one_detailed-MS#3,M,92,False,True
base,simplicity-v1-s02-equal-one_detailed-SM,simplicity-v1-s02,specialization,equal,one_detailed,SM,simplicity-v1-s02-equal-one_detailed-SM#0,M,71,False,True
base,simplicity-v1-s02-equal-one_detailed-SM,simplicity-v1-s02,specialization,equal,one_detailed,SM,simplicity-v1-s02-equal-one_detailed-SM#1,S,141,True,True
base,simplicity-v1-s02-equal-one_detailed-SM,simplicity-v1-s02,specialization,equal,one_detailed,SM,simplicity-v1-s02-equal-one_detailed-SM#2,S,109,False,True
base,simplicity-v1-s02-equal-one_detailed-SM,simplicity-v1-s02,specialization,equal,one_detailed,SM,simplicity-v1-s02-equal-one_detailed-SM#3,S,226,False,True
base,simplicity-v1-s02-M_simple-flexible-MS,simplicity-v1-s02,specialization,M_simple,flexible,MS,simplicity-v1-s02-M_simple-flexible-MS#0,S,113,True,True
base,simplicity-v1-s02-M_simple-flexible-MS,simplicity-v1-s02,specialization,M_simple,flexible,MS,simplicity-v1-s02-M_simple-flexible-MS#1,S,187,False,True
base,simplicity-v1-s02-M_simple-flexible-MS,simplicity-v1-s02,specialization,M_simple,flexible,MS,simplicity-v1-s02-M_simple-flexible-MS#2,S,157,True,True
base,simplicity-v1-s02-M_simple-flexible-MS,simplicity-v1-s02,specialization,M_simple,flexible,MS,simplicity-v1-s02-M_simple-flexible-MS#3,S,125,True,True
base,simplicity-v1-s02-M_simple-flexible-SM,simplicity-v1-s02,specialization,M_simple,flexible,SM,simplicity-v1-s02-M_simple-flexible-SM#0,M,106,True,True
base,simplicity-v1-s02-M_simple-flexible-SM,simplicity-v1-s02,specialization,M_simple,flexible,SM,simplicity-v1-s02-M_simple-flexible-SM#1,M,77,True,True
base,simplicity-v1-s02-M_simple-flexible-SM,simplicity-v1-s02,specialization,M_simple,flexible,SM,simplicity-v1-s02-M_simple-flexible-SM#2,S,119,True,True
base,simplicity-v1-s02-M_simple-flexible-SM,simplicity-v1-s02,specialization,M_simple,flexible,SM,simplicity-v1-s02-M_simple-flexible-SM#3,S,119,True,True
base,simplicity-v1-s02-M_simple-one_free-MS,simplicity-v1-s02,specialization,M_simple,one_free,MS,simplicity-v1-s02-M_simple-one_free-MS#0,M,101,True,True
base,simplicity-v1-s02-M_simple-one_free-MS,simplicity-v1-s02,specialization,M_simple,one_free,MS,simplicity-v1-s02-M_simple-one_free-MS#1,S,81,True,True
base,simplicity-v1-s02-M_simple-one_free-MS,simplicity-v1-s02,specialization,M_simple,one_free,MS,simplicity-v1-s02-M_simple-one_free-MS#2,S,120,True,True
base,simplicity-v1-s02-M_simple-one_free-MS,simplicity-v1-s02,specialization,M_simple,one_free,MS,simplicity-v1-s02-M_simple-one_free-MS#3,S,151,True,True
base,simplicity-v1-s02-M_simple-one_free-SM,simplicity-v1-s02,specialization,M_simple,one_free,SM,simplicity-v1-s02-M_simple-one_free-SM#0,S,86,True,True
base,simplicity-v1-s02-M_simple-one_free-SM,simplicity-v1-s02,specialization,M_simple,one_free,SM,simplicity-v1-s02-M_simple-one_free-SM#1,S,82,True,True
base,simplicity-v1-s02-M_simple-one_free-SM,simplicity-v1-s02,specialization,M_simple,one_free,SM,simplicity-v1-s02-M_simple-one_free-SM#2,M,105,True,True
base,simplicity-v1-s02-M_simple-one_free-SM,simplicity-v1-s02,specialization,M_simple,one_free,SM,simplicity-v1-s02-M_simple-one_free-SM#3,S,123,True,True
base,simplicity-v1-s02-M_simple-one_brief-MS,simplicity-v1-s02,specialization,M_simple,one_brief,MS,simplicity-v1-s02-M_simple-one_brief-MS#0,S,34,False,True
base,simplicity-v1-s02-M_simple-one_brief-MS,simplicity-v1-s02,specialization,M_simple,one_brief,MS,simplicity-v1-s02-M_simple-one_brief-MS#1,S,16,True,True
base,simplicity-v1-s02-M_simple-one_brief-MS,simplicity-v1-s02,specialization,M_simple,one_brief,MS,simplicity-v1-s02-M_simple-one_brief-MS#2,M,21,True,True
base,simplicity-v1-s02-M_simple-one_brief-MS,simplicity-v1-s02,specialization,M_simple,one_brief,MS,simplicity-v1-s02-M_simple-one_brief-MS#3,S,15,True,True
base,simplicity-v1-s02-M_simple-one_brief-SM,simplicity-v1-s02,specialization,M_simple,one_brief,SM,simplicity-v1-s02-M_simple-one_brief-SM#0,S,20,True,True
base,simplicity-v1-s02-M_simple-one_brief-SM,simplicity-v1-s02,specialization,M_simple,one_brief,SM,simplicity-v1-s02-M_simple-one_brief-SM#1,S,33,False,True
base,simplicity-v1-s02-M_simple-one_brief-SM,simplicity-v1-s02,specialization,M_simple,one_brief,SM,simplicity-v1-s02-M_simple-one_brief-SM#2,S,23,True,True
base,simplicity-v1-s02-M_simple-one_brief-SM,simplicity-v1-s02,specialization,M_simple,one_brief,SM,simplicity-v1-s02-M_simple-one_brief-SM#3,S,40,False,True
base,simplicity-v1-s02-M_simple-one_detailed-MS,simplicity-v1-s02,specialization,M_simple,one_detailed,MS,simplicity-v1-s02-M_simple-one_detailed-MS#0,M,99,False,True
base,simplicity-v1-s02-M_simple-one_detailed-MS,simplicity-v1-s02,specialization,M_simple,one_detailed,MS,simplicity-v1-s02-M_simple-one_detailed-MS#1,S,109,False,True
base,simplicity-v1-s02-M_simple-one_detailed-MS,simplicity-v1-s02,specialization,M_simple,one_detailed,MS,simplicity-v1-s02-M_simple-one_detailed-MS#2,S,241,False,True
base,simplicity-v1-s02-M_simple-one_detailed-MS,simplicity-v1-s02,specialization,M_simple,one_detailed,MS,simplicity-v1-s02-M_simple-one_detailed-MS#3,S,184,False,True
base,simplicity-v1-s02-M_simple-one_detailed-SM,simplicity-v1-s02,specialization,M_simple,one_detailed,SM,simplicity-v1-s02-M_simple-one_detailed-SM#0,S,184,False,True
base,simplicity-v1-s02-M_simple-one_detailed-SM,simplicity-v1-s02,specialization,M_simple,one_detailed,SM,simplicity-v1-s02-M_simple-one_detailed-SM#1,S,115,False,True
base,simplicity-v1-s02-M_simple-one_detailed-SM,simplicity-v1-s02,specialization,M_simple,one_detailed,SM,simplicity-v1-s02-M_simple-one_detailed-SM#2,S,111,False,True
base,simplicity-v1-s02-M_simple-one_detailed-SM,simplicity-v1-s02,specialization,M_simple,one_detailed,SM,simplicity-v1-s02-M_simple-one_detailed-SM#3,S,66,False,True
base,simplicity-v1-s02-S_simple-flexible-MS,simplicity-v1-s02,specialization,S_simple,flexible,MS,simplicity-v1-s02-S_simple-flexible-MS#0,S,91,True,True
base,simplicity-v1-s02-S_simple-flexible-MS,simplicity-v1-s02,specialization,S_simple,flexible,MS,simplicity-v1-s02-S_simple-flexible-MS#1,S,71,True,True
base,simplicity-v1-s02-S_simple-flexible-MS,simplicity-v1-s02,specialization,S_simple,flexible,MS,simplicity-v1-s02-S_simple-flexible-MS#2,S,126,True,True
base,simplicity-v1-s02-S_simple-flexible-MS,simplicity-v1-s02,specialization,S_simple,flexible,MS,simplicity-v1-s02-S_simple-flexible-MS#3,S,130,True,True
base,simplicity-v1-s02-S_simple-flexible-SM,simplicity-v1-s02,specialization,S_simple,flexible,SM,simplicity-v1-s02-S_simple-flexible-SM#0,M,128,True,True
base,simplicity-v1-s02-S_simple-flexible-SM,simplicity-v1-s02,specialization,S_simple,flexible,SM,simplicity-v1-s02-S_simple-flexible-SM#1,S,123,True,True
base,simplicity-v1-s02-S_simple-flexible-SM,simplicity-v1-s02,specialization,S_simple,flexible,SM,simplicity-v1-s02-S_simple-flexible-SM#2,S,84,True,True
base,simplicity-v1-s02-S_simple-flexible-SM,simplicity-v1-s02,specialization,S_simple,flexible,SM,simplicity-v1-s02-S_simple-flexible-SM#3,S,123,True,True
base,simplicity-v1-s02-S_simple-one_free-MS,simplicity-v1-s02,specialization,S_simple,one_free,MS,simplicity-v1-s02-S_simple-one_free-MS#0,S,161,False,True
base,simplicity-v1-s02-S_simple-one_free-MS,simplicity-v1-s02,specialization,S_simple,one_free,MS,simplicity-v1-s02-S_simple-one_free-MS#1,S,109,True,True
base,simplicity-v1-s02-S_simple-one_free-MS,simplicity-v1-s02,specialization,S_simple,one_free,MS,simplicity-v1-s02-S_simple-one_free-MS#2,S,98,True,True
base,simplicity-v1-s02-S_simple-one_free-MS,simplicity-v1-s02,specialization,S_simple,one_free,MS,simplicity-v1-s02-S_simple-one_free-MS#3,S,131,True,True
base,simplicity-v1-s02-S_simple-one_free-SM,simplicity-v1-s02,specialization,S_simple,one_free,SM,simplicity-v1-s02-S_simple-one_free-SM#0,S,142,True,True
base,simplicity-v1-s02-S_simple-one_free-SM,simplicity-v1-s02,specialization,S_simple,one_free,SM,simplicity-v1-s02-S_simple-one_free-SM#1,M,102,True,True
base,simplicity-v1-s02-S_simple-one_free-SM,simplicity-v1-s02,specialization,S_simple,one_free,SM,simplicity-v1-s02-S_simple-one_free-SM#2,S,92,True,True
base,simplicity-v1-s02-S_simple-one_free-SM,simplicity-v1-s02,specialization,S_simple,one_free,SM,simplicity-v1-s02-S_simple-one_free-SM#3,S,165,False,True
base,simplicity-v1-s02-S_simple-one_brief-MS,simplicity-v1-s02,specialization,S_simple,one_brief,MS,simplicity-v1-s02-S_simple-one_brief-MS#0,S,19,True,True
base,simplicity-v1-s02-S_simple-one_brief-MS,simplicity-v1-s02,specialization,S_simple,one_brief,MS,simplicity-v1-s02-S_simple-one_brief-MS#1,S,22,True,True
base,simplicity-v1-s02-S_simple-one_brief-MS,simplicity-v1-s02,specialization,S_simple,one_brief,MS,simplicity-v1-s02-S_simple-one_brief-MS#2,S,34,False,True
base,simplicity-v1-s02-S_simple-one_brief-MS,simplicity-v1-s02,specialization,S_simple,one_brief,MS,simplicity-v1-s02-S_simple-one_brief-MS#3,S,24,True,True
base,simplicity-v1-s02-S_simple-one_brief-SM,simplicity-v1-s02,specialization,S_simple,one_brief,SM,simplicity-v1-s02-S_simple-one_brief-SM#0,S,27,False,True
base,simplicity-v1-s02-S_simple-one_brief-SM,simplicity-v1-s02,specialization,S_simple,one_brief,SM,simplicity-v1-s02-S_simple-one_brief-SM#1,S,30,False,True
base,simplicity-v1-s02-S_simple-one_brief-SM,simplicity-v1-s02,specialization,S_simple,one_brief,SM,simplicity-v1-s02-S_simple-one_brief-SM#2,S,20,True,True
base,simplicity-v1-s02-S_simple-one_brief-SM,simplicity-v1-s02,specialization,S_simple,one_brief,SM,simplicity-v1-s02-S_simple-one_brief-SM#3,S,14,True,True
base,simplicity-v1-s02-S_simple-one_detailed-MS,simplicity-v1-s02,specialization,S_simple,one_detailed,MS,simplicity-v1-s02-S_simple-one_detailed-MS#0,S,94,False,True
base,simplicity-v1-s02-S_simple-one_detailed-MS,simplicity-v1-s02,specialization,S_simple,one_detailed,MS,simplicity-v1-s02-S_simple-one_detailed-MS#1,S,168,False,True
base,simplicity-v1-s02-S_simple-one_detailed-MS,simplicity-v1-s02,specialization,S_simple,one_detailed,MS,simplicity-v1-s02-S_simple-one_detailed-MS#2,S,226,False,True
base,simplicity-v1-s02-S_simple-one_detailed-MS,simplicity-v1-s02,specialization,S_simple,one_detailed,MS,simplicity-v1-s02-S_simple-one_detailed-MS#3,S,98,False,True
base,simplicity-v1-s02-S_simple-one_detailed-SM,simplicity-v1-s02,specialization,S_simple,one_detailed,SM,simplicity-v1-s02-S_simple-one_detailed-SM#0,S,70,False,True
base,simplicity-v1-s02-S_simple-one_detailed-SM,simplicity-v1-s02,specialization,S_simple,one_detailed,SM,simplicity-v1-s02-S_simple-one_detailed-SM#1,S,88,False,True
base,simplicity-v1-s02-S_simple-one_detailed-SM,simplicity-v1-s02,specialization,S_simple,one_detailed,SM,simplicity-v1-s02-S_simple-one_detailed-SM#2,S,139,True,True
base,simplicity-v1-s02-S_simple-one_detailed-SM,simplicity-v1-s02,specialization,S_simple,one_detailed,SM,simplicity-v1-s02-S_simple-one_detailed-SM#3,S,101,False,True
base,simplicity-v1-s03-equal-flexible-MS,simplicity-v1-s03,specialization,equal,flexible,MS,simplicity-v1-s03-equal-flexible-MS#0,S,111,True,True
base,simplicity-v1-s03-equal-flexible-MS,simplicity-v1-s03,specialization,equal,flexible,MS,simplicity-v1-s03-equal-flexible-MS#1,S,101,True,True
base,simplicity-v1-s03-equal-flexible-MS,simplicity-v1-s03,specialization,equal,flexible,MS,simplicity-v1-s03-equal-flexible-MS#2,M,80,True,True
base,simplicity-v1-s03-equal-flexible-MS,simplicity-v1-s03,specialization,equal,flexible,MS,simplicity-v1-s03-equal-flexible-MS#3,S,125,True,True
base,simplicity-v1-s03-equal-flexible-SM,simplicity-v1-s03,specialization,equal,flexible,SM,simplicity-v1-s03-equal-flexible-SM#0,S,115,True,True
base,simplicity-v1-s03-equal-flexible-SM,simplicity-v1-s03,specialization,equal,flexible,SM,simplicity-v1-s03-equal-flexible-SM#1,M,99,True,True
base,simplicity-v1-s03-equal-flexible-SM,simplicity-v1-s03,specialization,equal,flexible,SM,simplicity-v1-s03-equal-flexible-SM#2,S,131,True,True
base,simplicity-v1-s03-equal-flexible-SM,simplicity-v1-s03,specialization,equal,flexible,SM,simplicity-v1-s03-equal-flexible-SM#3,S,102,True,True
base,simplicity-v1-s03-equal-one_free-MS,simplicity-v1-s03,specialization,equal,one_free,MS,simplicity-v1-s03-equal-one_free-MS#0,M,90,True,True
base,simplicity-v1-s03-equal-one_free-MS,simplicity-v1-s03,specialization,equal,one_free,MS,simplicity-v1-s03-equal-one_free-MS#1,M,90,True,True
base,simplicity-v1-s03-equal-one_free-MS,simplicity-v1-s03,specialization,equal,one_free,MS,simplicity-v1-s03-equal-one_free-MS#2,S,78,True,True
base,simplicity-v1-s03-equal-one_free-MS,simplicity-v1-s03,specialization,equal,one_free,MS,simplicity-v1-s03-equal-one_free-MS#3,S,81,True,True
base,simplicity-v1-s03-equal-one_free-SM,simplicity-v1-s03,specialization,equal,one_free,SM,simplicity-v1-s03-equal-one_free-SM#0,M,80,True,True
base,simplicity-v1-s03-equal-one_free-SM,simplicity-v1-s03,specialization,equal,one_free,SM,simplicity-v1-s03-equal-one_free-SM#1,M,80,True,True
base,simplicity-v1-s03-equal-one_free-SM,simplicity-v1-s03,specialization,equal,one_free,SM,simplicity-v1-s03-equal-one_free-SM#2,S,104,True,True
base,simplicity-v1-s03-equal-one_free-SM,simplicity-v1-s03,specialization,equal,one_free,SM,simplicity-v1-s03-equal-one_free-SM#3,M,84,True,True
base,simplicity-v1-s03-equal-one_brief-MS,simplicity-v1-s03,specialization,equal,one_brief,MS,simplicity-v1-s03-equal-one_brief-MS#0,M,19,True,True
base,simplicity-v1-s03-equal-one_brief-MS,simplicity-v1-s03,specialization,equal,one_brief,MS,simplicity-v1-s03-equal-one_brief-MS#1,S,30,False,True
base,simplicity-v1-s03-equal-one_brief-MS,simplicity-v1-s03,specialization,equal,one_brief,MS,simplicity-v1-s03-equal-one_brief-MS#2,S,18,True,True
base,simplicity-v1-s03-equal-one_brief-MS,simplicity-v1-s03,specialization,equal,one_brief,MS,simplicity-v1-s03-equal-one_brief-MS#3,M,17,True,True
base,simplicity-v1-s03-equal-one_brief-SM,simplicity-v1-s03,specialization,equal,one_brief,SM,simplicity-v1-s03-equal-one_brief-SM#0,S,19,True,True
base,simplicity-v1-s03-equal-one_brief-SM,simplicity-v1-s03,specialization,equal,one_brief,SM,simplicity-v1-s03-equal-one_brief-SM#1,S,14,True,True
base,simplicity-v1-s03-equal-one_brief-SM,simplicity-v1-s03,specialization,equal,one_brief,SM,simplicity-v1-s03-equal-one_brief-SM#2,S,15,True,True
base,simplicity-v1-s03-equal-one_brief-SM,simplicity-v1-s03,specialization,equal,one_brief,SM,simplicity-v1-s03-equal-one_brief-SM#3,S,19,True,True
base,simplicity-v1-s03-equal-one_detailed-MS,simplicity-v1-s03,specialization,equal,one_detailed,MS,simplicity-v1-s03-equal-one_detailed-MS#0,S,132,True,True
base,simplicity-v1-s03-equal-one_detailed-MS,simplicity-v1-s03,specialization,equal,one_detailed,MS,simplicity-v1-s03-equal-one_detailed-MS#1,S,106,False,True
base,simplicity-v1-s03-equal-one_detailed-MS,simplicity-v1-s03,specialization,equal,one_detailed,MS,simplicity-v1-s03-equal-one_detailed-MS#2,S,133,True,True
base,simplicity-v1-s03-equal-one_detailed-MS,simplicity-v1-s03,specialization,equal,one_detailed,MS,simplicity-v1-s03-equal-one_detailed-MS#3,M,117,False,True
base,simplicity-v1-s03-equal-one_detailed-SM,simplicity-v1-s03,specialization,equal,one_detailed,SM,simplicity-v1-s03-equal-one_detailed-SM#0,S,61,False,True
base,simplicity-v1-s03-equal-one_detailed-SM,simplicity-v1-s03,specialization,equal,one_detailed,SM,simplicity-v1-s03-equal-one_detailed-SM#1,M,95,False,True
base,simplicity-v1-s03-equal-one_detailed-SM,simplicity-v1-s03,specialization,equal,one_detailed,SM,simplicity-v1-s03-equal-one_detailed-SM#2,S,95,False,True
base,simplicity-v1-s03-equal-one_detailed-SM,simplicity-v1-s03,specialization,equal,one_detailed,SM,simplicity-v1-s03-equal-one_detailed-SM#3,S,136,True,True
base,simplicity-v1-s03-M_simple-flexible-MS,simplicity-v1-s03,specialization,M_simple,flexible,MS,simplicity-v1-s03-M_simple-flexible-MS#0,S,164,False,True
base,simplicity-v1-s03-M_simple-flexible-MS,simplicity-v1-s03,specialization,M_simple,flexible,MS,simplicity-v1-s03-M_simple-flexible-MS#1,S,102,True,True
base,simplicity-v1-s03-M_simple-flexible-MS,simplicity-v1-s03,specialization,M_simple,flexible,MS,simplicity-v1-s03-M_simple-flexible-MS#2,S,98,True,True
base,simplicity-v1-s03-M_simple-flexible-MS,simplicity-v1-s03,specialization,M_simple,flexible,MS,simplicity-v1-s03-M_simple-flexible-MS#3,S,124,True,True
base,simplicity-v1-s03-M_simple-flexible-SM,simplicity-v1-s03,specialization,M_simple,flexible,SM,simplicity-v1-s03-M_simple-flexible-SM#0,S,111,True,True
base,simplicity-v1-s03-M_simple-flexible-SM,simplicity-v1-s03,specialization,M_simple,flexible,SM,simplicity-v1-s03-M_simple-flexible-SM#1,S,111,True,True
base,simplicity-v1-s03-M_simple-flexible-SM,simplicity-v1-s03,specialization,M_simple,flexible,SM,simplicity-v1-s03-M_simple-flexible-SM#2,S,107,True,True
base,simplicity-v1-s03-M_simple-flexible-SM,simplicity-v1-s03,specialization,M_simple,flexible,SM,simplicity-v1-s03-M_simple-flexible-SM#3,S,73,True,True
base,simplicity-v1-s03-M_simple-one_free-MS,simplicity-v1-s03,specialization,M_simple,one_free,MS,simplicity-v1-s03-M_simple-one_free-MS#0,S,141,True,True
base,simplicity-v1-s03-M_simple-one_free-MS,simplicity-v1-s03,specialization,M_simple,one_free,MS,simplicity-v1-s03-M_simple-one_free-MS#1,S,104,True,True
base,simplicity-v1-s03-M_simple-one_free-MS,simplicity-v1-s03,specialization,M_simple,one_free,MS,simplicity-v1-s03-M_simple-one_free-MS#2,M,240,False,True
base,simplicity-v1-s03-M_simple-one_free-MS,simplicity-v1-s03,specialization,M_simple,one_free,MS,simplicity-v1-s03-M_simple-one_free-MS#3,S,101,True,True
base,simplicity-v1-s03-M_simple-one_free-SM,simplicity-v1-s03,specialization,M_simple,one_free,SM,simplicity-v1-s03-M_simple-one_free-SM#0,S,185,False,True
base,simplicity-v1-s03-M_simple-one_free-SM,simplicity-v1-s03,specialization,M_simple,one_free,SM,simplicity-v1-s03-M_simple-one_free-SM#1,S,222,False,True
base,simplicity-v1-s03-M_simple-one_free-SM,simplicity-v1-s03,specialization,M_simple,one_free,SM,simplicity-v1-s03-M_simple-one_free-SM#2,M,88,True,True
base,simplicity-v1-s03-M_simple-one_free-SM,simplicity-v1-s03,specialization,M_simple,one_free,SM,simplicity-v1-s03-M_simple-one_free-SM#3,S,95,True,True
base,simplicity-v1-s03-M_simple-one_brief-MS,simplicity-v1-s03,specialization,M_simple,one_brief,MS,simplicity-v1-s03-M_simple-one_brief-MS#0,S,25,True,True
base,simplicity-v1-s03-M_simple-one_brief-MS,simplicity-v1-s03,specialization,M_simple,one_brief,MS,simplicity-v1-s03-M_simple-one_brief-MS#1,M,27,False,True
base,simplicity-v1-s03-M_simple-one_brief-MS,simplicity-v1-s03,specialization,M_simple,one_brief,MS,simplicity-v1-s03-M_simple-one_brief-MS#2,S,20,True,True
base,simplicity-v1-s03-M_simple-one_brief-MS,simplicity-v1-s03,specialization,M_simple,one_brief,MS,simplicity-v1-s03-M_simple-one_brief-MS#3,M,19,True,True
base,simplicity-v1-s03-M_simple-one_brief-SM,simplicity-v1-s03,specialization,M_simple,one_brief,SM,simplicity-v1-s03-M_simple-one_brief-SM#0,S,20,True,True
base,simplicity-v1-s03-M_simple-one_brief-SM,simplicity-v1-s03,specialization,M_simple,one_brief,SM,simplicity-v1-s03-M_simple-one_brief-SM#1,S,28,False,True
base,simplicity-v1-s03-M_simple-one_brief-SM,simplicity-v1-s03,specialization,M_simple,one_brief,SM,simplicity-v1-s03-M_simple-one_brief-SM#2,S,13,True,True
base,simplicity-v1-s03-M_simple-one_brief-SM,simplicity-v1-s03,specialization,M_simple,one_brief,SM,simplicity-v1-s03-M_simple-one_brief-SM#3,S,22,True,True
base,simplicity-v1-s03-M_simple-one_detailed-MS,simplicity-v1-s03,specialization,M_simple,one_detailed,MS,simplicity-v1-s03-M_simple-one_detailed-MS#0,M,93,False,True
base,simplicity-v1-s03-M_simple-one_detailed-MS,simplicity-v1-s03,specialization,M_simple,one_detailed,MS,simplicity-v1-s03-M_simple-one_detailed-MS#1,S,172,False,True
base,simplicity-v1-s03-M_simple-one_detailed-MS,simplicity-v1-s03,specialization,M_simple,one_detailed,MS,simplicity-v1-s03-M_simple-one_detailed-MS#2,S,111,False,True
base,simplicity-v1-s03-M_simple-one_detailed-MS,simplicity-v1-s03,specialization,M_simple,one_detailed,MS,simplicity-v1-s03-M_simple-one_detailed-MS#3,S,110,False,True
base,simplicity-v1-s03-M_simple-one_detailed-SM,simplicity-v1-s03,specialization,M_simple,one_detailed,SM,simplicity-v1-s03-M_simple-one_detailed-SM#0,M,104,False,True
base,simplicity-v1-s03-M_simple-one_detailed-SM,simplicity-v1-s03,specialization,M_simple,one_detailed,SM,simplicity-v1-s03-M_simple-one_detailed-SM#1,S,108,False,True
base,simplicity-v1-s03-M_simple-one_detailed-SM,simplicity-v1-s03,specialization,M_simple,one_detailed,SM,simplicity-v1-s03-M_simple-one_detailed-SM#2,S,97,False,True
base,simplicity-v1-s03-M_simple-one_detailed-SM,simplicity-v1-s03,specialization,M_simple,one_detailed,SM,simplicity-v1-s03-M_simple-one_detailed-SM#3,S,123,True,True
base,simplicity-v1-s03-S_simple-flexible-MS,simplicity-v1-s03,specialization,S_simple,flexible,MS,simplicity-v1-s03-S_simple-flexible-MS#0,S,78,True,True
base,simplicity-v1-s03-S_simple-flexible-MS,simplicity-v1-s03,specialization,S_simple,flexible,MS,simplicity-v1-s03-S_simple-flexible-MS#1,S,110,True,True
base,simplicity-v1-s03-S_simple-flexible-MS,simplicity-v1-s03,specialization,S_simple,flexible,MS,simplicity-v1-s03-S_simple-flexible-MS#2,S,135,True,True
base,simplicity-v1-s03-S_simple-flexible-MS,simplicity-v1-s03,specialization,S_simple,flexible,MS,simplicity-v1-s03-S_simple-flexible-MS#3,S,108,True,True
base,simplicity-v1-s03-S_simple-flexible-SM,simplicity-v1-s03,specialization,S_simple,flexible,SM,simplicity-v1-s03-S_simple-flexible-SM#0,S,108,True,True
base,simplicity-v1-s03-S_simple-flexible-SM,simplicity-v1-s03,specialization,S_simple,flexible,SM,simplicity-v1-s03-S_simple-flexible-SM#1,S,78,True,True
base,simplicity-v1-s03-S_simple-flexible-SM,simplicity-v1-s03,specialization,S_simple,flexible,SM,simplicity-v1-s03-S_simple-flexible-SM#2,S,87,True,True
base,simplicity-v1-s03-S_simple-flexible-SM,simplicity-v1-s03,specialization,S_simple,flexible,SM,simplicity-v1-s03-S_simple-flexible-SM#3,M,115,True,True
base,simplicity-v1-s03-S_simple-one_free-MS,simplicity-v1-s03,specialization,S_simple,one_free,MS,simplicity-v1-s03-S_simple-one_free-MS#0,S,113,True,True
base,simplicity-v1-s03-S_simple-one_free-MS,simplicity-v1-s03,specialization,S_simple,one_free,MS,simplicity-v1-s03-S_simple-one_free-MS#1,S,151,True,True
base,simplicity-v1-s03-S_simple-one_free-MS,simplicity-v1-s03,specialization,S_simple,one_free,MS,simplicity-v1-s03-S_simple-one_free-MS#2,S,110,True,True
base,simplicity-v1-s03-S_simple-one_free-MS,simplicity-v1-s03,specialization,S_simple,one_free,MS,simplicity-v1-s03-S_simple-one_free-MS#3,S,129,True,True
base,simplicity-v1-s03-S_simple-one_free-SM,simplicity-v1-s03,specialization,S_simple,one_free,SM,simplicity-v1-s03-S_simple-one_free-SM#0,S,96,True,True
base,simplicity-v1-s03-S_simple-one_free-SM,simplicity-v1-s03,specialization,S_simple,one_free,SM,simplicity-v1-s03-S_simple-one_free-SM#1,M,108,True,True
base,simplicity-v1-s03-S_simple-one_free-SM,simplicity-v1-s03,specialization,S_simple,one_free,SM,simplicity-v1-s03-S_simple-one_free-SM#2,M,116,True,True
base,simplicity-v1-s03-S_simple-one_free-SM,simplicity-v1-s03,specialization,S_simple,one_free,SM,simplicity-v1-s03-S_simple-one_free-SM#3,S,211,False,True
base,simplicity-v1-s03-S_simple-one_brief-MS,simplicity-v1-s03,specialization,S_simple,one_brief,MS,simplicity-v1-s03-S_simple-one_brief-MS#0,S,24,True,True
base,simplicity-v1-s03-S_simple-one_brief-MS,simplicity-v1-s03,specialization,S_simple,one_brief,MS,simplicity-v1-s03-S_simple-one_brief-MS#1,S,20,True,True
base,simplicity-v1-s03-S_simple-one_brief-MS,simplicity-v1-s03,specialization,S_simple,one_brief,MS,simplicity-v1-s03-S_simple-one_brief-MS#2,S,18,True,True
base,simplicity-v1-s03-S_simple-one_brief-MS,simplicity-v1-s03,specialization,S_simple,one_brief,MS,simplicity-v1-s03-S_simple-one_brief-MS#3,S,20,True,True
base,simplicity-v1-s03-S_simple-one_brief-SM,simplicity-v1-s03,specialization,S_simple,one_brief,SM,simplicity-v1-s03-S_simple-one_brief-SM#0,S,16,True,True
base,simplicity-v1-s03-S_simple-one_brief-SM,simplicity-v1-s03,specialization,S_simple,one_brief,SM,simplicity-v1-s03-S_simple-one_brief-SM#1,S,25,True,True
base,simplicity-v1-s03-S_simple-one_brief-SM,simplicity-v1-s03,specialization,S_simple,one_brief,SM,simplicity-v1-s03-S_simple-one_brief-SM#2,S,16,True,True
base,simplicity-v1-s03-S_simple-one_brief-SM,simplicity-v1-s03,specialization,S_simple,one_brief,SM,simplicity-v1-s03-S_simple-one_brief-SM#3,S,23,True,True
base,simplicity-v1-s03-S_simple-one_detailed-MS,simplicity-v1-s03,specialization,S_simple,one_detailed,MS,simplicity-v1-s03-S_simple-one_detailed-MS#0,S,105,False,True
base,simplicity-v1-s03-S_simple-one_detailed-MS,simplicity-v1-s03,specialization,S_simple,one_detailed,MS,simplicity-v1-s03-S_simple-one_detailed-MS#1,S,101,False,True
base,simplicity-v1-s03-S_simple-one_detailed-MS,simplicity-v1-s03,specialization,S_simple,one_detailed,MS,simplicity-v1-s03-S_simple-one_detailed-MS#2,S,138,True,True
base,simplicity-v1-s03-S_simple-one_detailed-MS,simplicity-v1-s03,specialization,S_simple,one_detailed,MS,simplicity-v1-s03-S_simple-one_detailed-MS#3,S,122,True,True
base,simplicity-v1-s03-S_simple-one_detailed-SM,simplicity-v1-s03,specialization,S_simple,one_detailed,SM,simplicity-v1-s03-S_simple-one_detailed-SM#0,S,94,False,True
base,simplicity-v1-s03-S_simple-one_detailed-SM,simplicity-v1-s03,specialization,S_simple,one_detailed,SM,simplicity-v1-s03-S_simple-one_detailed-SM#1,S,88,False,True
base,simplicity-v1-s03-S_simple-one_detailed-SM,simplicity-v1-s03,specialization,S_simple,one_detailed,SM,simplicity-v1-s03-S_simple-one_detailed-SM#2,M,84,False,True
base,simplicity-v1-s03-S_simple-one_detailed-SM,simplicity-v1-s03,specialization,S_simple,one_detailed,SM,simplicity-v1-s03-S_simple-one_detailed-SM#3,S,83,False,True
base,simplicity-v1-n01-equal-flexible-MS,simplicity-v1-n01,neutral,equal,flexible,MS,simplicity-v1-n01-equal-flexible-MS#0,M,64,True,True
base,simplicity-v1-n01-equal-flexible-MS,simplicity-v1-n01,neutral,equal,flexible,MS,simplicity-v1-n01-equal-flexible-MS#1,S,61,True,True
base,simplicity-v1-n01-equal-flexible-MS,simplicity-v1-n01,neutral,equal,flexible,MS,simplicity-v1-n01-equal-flexible-MS#2,S,98,True,True
base,simplicity-v1-n01-equal-flexible-MS,simplicity-v1-n01,neutral,equal,flexible,MS,simplicity-v1-n01-equal-flexible-MS#3,S,104,True,True
base,simplicity-v1-n01-equal-flexible-SM,simplicity-v1-n01,neutral,equal,flexible,SM,simplicity-v1-n01-equal-flexible-SM#0,S,192,False,True
base,simplicity-v1-n01-equal-flexible-SM,simplicity-v1-n01,neutral,equal,flexible,SM,simplicity-v1-n01-equal-flexible-SM#1,S,71,True,True
base,simplicity-v1-n01-equal-flexible-SM,simplicity-v1-n01,neutral,equal,flexible,SM,simplicity-v1-n01-equal-flexible-SM#2,S,78,True,True
base,simplicity-v1-n01-equal-flexible-SM,simplicity-v1-n01,neutral,equal,flexible,SM,simplicity-v1-n01-equal-flexible-SM#3,M,95,True,True
base,simplicity-v1-n01-equal-one_free-MS,simplicity-v1-n01,neutral,equal,one_free,MS,simplicity-v1-n01-equal-one_free-MS#0,S,78,True,True
base,simplicity-v1-n01-equal-one_free-MS,simplicity-v1-n01,neutral,equal,one_free,MS,simplicity-v1-n01-equal-one_free-MS#1,S,109,True,True
base,simplicity-v1-n01-equal-one_free-MS,simplicity-v1-n01,neutral,equal,one_free,MS,simplicity-v1-n01-equal-one_free-MS#2,S,110,True,True
base,simplicity-v1-n01-equal-one_free-MS,simplicity-v1-n01,neutral,equal,one_free,MS,simplicity-v1-n01-equal-one_free-MS#3,M,88,True,True
base,simplicity-v1-n01-equal-one_free-SM,simplicity-v1-n01,neutral,equal,one_free,SM,simplicity-v1-n01-equal-one_free-SM#0,S,104,True,True
base,simplicity-v1-n01-equal-one_free-SM,simplicity-v1-n01,neutral,equal,one_free,SM,simplicity-v1-n01-equal-one_free-SM#1,M,63,True,True
base,simplicity-v1-n01-equal-one_free-SM,simplicity-v1-n01,neutral,equal,one_free,SM,simplicity-v1-n01-equal-one_free-SM#2,S,144,True,True
base,simplicity-v1-n01-equal-one_free-SM,simplicity-v1-n01,neutral,equal,one_free,SM,simplicity-v1-n01-equal-one_free-SM#3,S,95,True,True
base,simplicity-v1-n01-equal-one_brief-MS,simplicity-v1-n01,neutral,equal,one_brief,MS,simplicity-v1-n01-equal-one_brief-MS#0,S,19,True,True
base,simplicity-v1-n01-equal-one_brief-MS,simplicity-v1-n01,neutral,equal,one_brief,MS,simplicity-v1-n01-equal-one_brief-MS#1,S,31,False,True
base,simplicity-v1-n01-equal-one_brief-MS,simplicity-v1-n01,neutral,equal,one_brief,MS,simplicity-v1-n01-equal-one_brief-MS#2,M,26,False,True
base,simplicity-v1-n01-equal-one_brief-MS,simplicity-v1-n01,neutral,equal,one_brief,MS,simplicity-v1-n01-equal-one_brief-MS#3,S,15,True,True
base,simplicity-v1-n01-equal-one_brief-SM,simplicity-v1-n01,neutral,equal,one_brief,SM,simplicity-v1-n01-equal-one_brief-SM#0,S,24,True,True
base,simplicity-v1-n01-equal-one_brief-SM,simplicity-v1-n01,neutral,equal,one_brief,SM,simplicity-v1-n01-equal-one_brief-SM#1,S,20,True,True
base,simplicity-v1-n01-equal-one_brief-SM,simplicity-v1-n01,neutral,equal,one_brief,SM,simplicity-v1-n01-equal-one_brief-SM#2,S,18,True,True
base,simplicity-v1-n01-equal-one_brief-SM,simplicity-v1-n01,neutral,equal,one_brief,SM,simplicity-v1-n01-equal-one_brief-SM#3,S,16,True,True
base,simplicity-v1-n01-equal-one_detailed-MS,simplicity-v1-n01,neutral,equal,one_detailed,MS,simplicity-v1-n01-equal-one_detailed-MS#0,M,102,False,True
base,simplicity-v1-n01-equal-one_detailed-MS,simplicity-v1-n01,neutral,equal,one_detailed,MS,simplicity-v1-n01-equal-one_detailed-MS#1,M,130,True,True
base,simplicity-v1-n01-equal-one_detailed-MS,simplicity-v1-n01,neutral,equal,one_detailed,MS,simplicity-v1-n01-equal-one_detailed-MS#2,S,86,False,True
base,simplicity-v1-n01-equal-one_detailed-MS,simplicity-v1-n01,neutral,equal,one_detailed,MS,simplicity-v1-n01-equal-one_detailed-MS#3,S,119,False,True
base,simplicity-v1-n01-equal-one_detailed-SM,simplicity-v1-n01,neutral,equal,one_detailed,SM,simplicity-v1-n01-equal-one_detailed-SM#0,S,107,False,True
base,simplicity-v1-n01-equal-one_detailed-SM,simplicity-v1-n01,neutral,equal,one_detailed,SM,simplicity-v1-n01-equal-one_detailed-SM#1,S,103,False,True
base,simplicity-v1-n01-equal-one_detailed-SM,simplicity-v1-n01,neutral,equal,one_detailed,SM,simplicity-v1-n01-equal-one_detailed-SM#2,S,118,False,True
base,simplicity-v1-n01-equal-one_detailed-SM,simplicity-v1-n01,neutral,equal,one_detailed,SM,simplicity-v1-n01-equal-one_detailed-SM#3,S,86,False,True
base,simplicity-v1-n01-M_simple-flexible-MS,simplicity-v1-n01,neutral,M_simple,flexible,MS,simplicity-v1-n01-M_simple-flexible-MS#0,S,94,True,True
base,simplicity-v1-n01-M_simple-flexible-MS,simplicity-v1-n01,neutral,M_simple,flexible,MS,simplicity-v1-n01-M_simple-flexible-MS#1,S,161,False,True
base,simplicity-v1-n01-M_simple-flexible-MS,simplicity-v1-n01,neutral,M_simple,flexible,MS,simplicity-v1-n01-M_simple-flexible-MS#2,S,111,True,True
base,simplicity-v1-n01-M_simple-flexible-MS,simplicity-v1-n01,neutral,M_simple,flexible,MS,simplicity-v1-n01-M_simple-flexible-MS#3,S,95,True,True
base,simplicity-v1-n01-M_simple-flexible-SM,simplicity-v1-n01,neutral,M_simple,flexible,SM,simplicity-v1-n01-M_simple-flexible-SM#0,S,106,True,True
base,simplicity-v1-n01-M_simple-flexible-SM,simplicity-v1-n01,neutral,M_simple,flexible,SM,simplicity-v1-n01-M_simple-flexible-SM#1,S,113,True,True
base,simplicity-v1-n01-M_simple-flexible-SM,simplicity-v1-n01,neutral,M_simple,flexible,SM,simplicity-v1-n01-M_simple-flexible-SM#2,S,129,True,True
base,simplicity-v1-n01-M_simple-flexible-SM,simplicity-v1-n01,neutral,M_simple,flexible,SM,simplicity-v1-n01-M_simple-flexible-SM#3,S,81,True,True
base,simplicity-v1-n01-M_simple-one_free-MS,simplicity-v1-n01,neutral,M_simple,one_free,MS,simplicity-v1-n01-M_simple-one_free-MS#0,S,95,True,True
base,simplicity-v1-n01-M_simple-one_free-MS,simplicity-v1-n01,neutral,M_simple,one_free,MS,simplicity-v1-n01-M_simple-one_free-MS#1,M,122,True,True
base,simplicity-v1-n01-M_simple-one_free-MS,simplicity-v1-n01,neutral,M_simple,one_free,MS,simplicity-v1-n01-M_simple-one_free-MS#2,S,94,True,True
base,simplicity-v1-n01-M_simple-one_free-MS,simplicity-v1-n01,neutral,M_simple,one_free,MS,simplicity-v1-n01-M_simple-one_free-MS#3,S,122,True,True
base,simplicity-v1-n01-M_simple-one_free-SM,simplicity-v1-n01,neutral,M_simple,one_free,SM,simplicity-v1-n01-M_simple-one_free-SM#0,S,69,True,True
base,simplicity-v1-n01-M_simple-one_free-SM,simplicity-v1-n01,neutral,M_simple,one_free,SM,simplicity-v1-n01-M_simple-one_free-SM#1,M,83,True,True
base,simplicity-v1-n01-M_simple-one_free-SM,simplicity-v1-n01,neutral,M_simple,one_free,SM,simplicity-v1-n01-M_simple-one_free-SM#2,S,136,True,True
base,simplicity-v1-n01-M_simple-one_free-SM,simplicity-v1-n01,neutral,M_simple,one_free,SM,simplicity-v1-n01-M_simple-one_free-SM#3,M,96,True,True
base,simplicity-v1-n01-M_simple-one_brief-MS,simplicity-v1-n01,neutral,M_simple,one_brief,MS,simplicity-v1-n01-M_simple-one_brief-MS#0,M,24,True,True
base,simplicity-v1-n01-M_simple-one_brief-MS,simplicity-v1-n01,neutral,M_simple,one_brief,MS,simplicity-v1-n01-M_simple-one_brief-MS#1,S,18,True,True
base,simplicity-v1-n01-M_simple-one_brief-MS,simplicity-v1-n01,neutral,M_simple,one_brief,MS,simplicity-v1-n01-M_simple-one_brief-MS#2,S,19,True,True
base,simplicity-v1-n01-M_simple-one_brief-MS,simplicity-v1-n01,neutral,M_simple,one_brief,MS,simplicity-v1-n01-M_simple-one_brief-MS#3,S,21,True,True
base,simplicity-v1-n01-M_simple-one_brief-SM,simplicity-v1-n01,neutral,M_simple,one_brief,SM,simplicity-v1-n01-M_simple-one_brief-SM#0,S,19,True,True
base,simplicity-v1-n01-M_simple-one_brief-SM,simplicity-v1-n01,neutral,M_simple,one_brief,SM,simplicity-v1-n01-M_simple-one_brief-SM#1,S,17,True,True
base,simplicity-v1-n01-M_simple-one_brief-SM,simplicity-v1-n01,neutral,M_simple,one_brief,SM,simplicity-v1-n01-M_simple-one_brief-SM#2,S,12,True,True
base,simplicity-v1-n01-M_simple-one_brief-SM,simplicity-v1-n01,neutral,M_simple,one_brief,SM,simplicity-v1-n01-M_simple-one_brief-SM#3,S,18,True,True
base,simplicity-v1-n01-M_simple-one_detailed-MS,simplicity-v1-n01,neutral,M_simple,one_detailed,MS,simplicity-v1-n01-M_simple-one_detailed-MS#0,M,84,False,True
base,simplicity-v1-n01-M_simple-one_detailed-MS,simplicity-v1-n01,neutral,M_simple,one_detailed,MS,simplicity-v1-n01-M_simple-one_detailed-MS#1,S,93,False,True
base,simplicity-v1-n01-M_simple-one_detailed-MS,simplicity-v1-n01,neutral,M_simple,one_detailed,MS,simplicity-v1-n01-M_simple-one_detailed-MS#2,S,137,True,True
base,simplicity-v1-n01-M_simple-one_detailed-MS,simplicity-v1-n01,neutral,M_simple,one_detailed,MS,simplicity-v1-n01-M_simple-one_detailed-MS#3,M,83,False,True
base,simplicity-v1-n01-M_simple-one_detailed-SM,simplicity-v1-n01,neutral,M_simple,one_detailed,SM,simplicity-v1-n01-M_simple-one_detailed-SM#0,M,108,False,True
base,simplicity-v1-n01-M_simple-one_detailed-SM,simplicity-v1-n01,neutral,M_simple,one_detailed,SM,simplicity-v1-n01-M_simple-one_detailed-SM#1,M,92,False,True
base,simplicity-v1-n01-M_simple-one_detailed-SM,simplicity-v1-n01,neutral,M_simple,one_detailed,SM,simplicity-v1-n01-M_simple-one_detailed-SM#2,S,139,True,True
base,simplicity-v1-n01-M_simple-one_detailed-SM,simplicity-v1-n01,neutral,M_simple,one_detailed,SM,simplicity-v1-n01-M_simple-one_detailed-SM#3,S,114,False,True
base,simplicity-v1-n01-S_simple-flexible-MS,simplicity-v1-n01,neutral,S_simple,flexible,MS,simplicity-v1-n01-S_simple-flexible-MS#0,S,80,True,True
base,simplicity-v1-n01-S_simple-flexible-MS,simplicity-v1-n01,neutral,S_simple,flexible,MS,simplicity-v1-n01-S_simple-flexible-MS#1,S,81,True,True
base,simplicity-v1-n01-S_simple-flexible-MS,simplicity-v1-n01,neutral,S_simple,flexible,MS,simplicity-v1-n01-S_simple-flexible-MS#2,S,91,True,True
base,simplicity-v1-n01-S_simple-flexible-MS,simplicity-v1-n01,neutral,S_simple,flexible,MS,simplicity-v1-n01-S_simple-flexible-MS#3,S,97,True,True
base,simplicity-v1-n01-S_simple-flexible-SM,simplicity-v1-n01,neutral,S_simple,flexible,SM,simplicity-v1-n01-S_simple-flexible-SM#0,S,113,True,True
base,simplicity-v1-n01-S_simple-flexible-SM,simplicity-v1-n01,neutral,S_simple,flexible,SM,simplicity-v1-n01-S_simple-flexible-SM#1,M,84,True,True
base,simplicity-v1-n01-S_simple-flexible-SM,simplicity-v1-n01,neutral,S_simple,flexible,SM,simplicity-v1-n01-S_simple-flexible-SM#2,S,85,True,True
base,simplicity-v1-n01-S_simple-flexible-SM,simplicity-v1-n01,neutral,S_simple,flexible,SM,simplicity-v1-n01-S_simple-flexible-SM#3,M,90,True,True
base,simplicity-v1-n01-S_simple-one_free-MS,simplicity-v1-n01,neutral,S_simple,one_free,MS,simplicity-v1-n01-S_simple-one_free-MS#0,S,97,True,True
base,simplicity-v1-n01-S_simple-one_free-MS,simplicity-v1-n01,neutral,S_simple,one_free,MS,simplicity-v1-n01-S_simple-one_free-MS#1,S,169,False,True
base,simplicity-v1-n01-S_simple-one_free-MS,simplicity-v1-n01,neutral,S_simple,one_free,MS,simplicity-v1-n01-S_simple-one_free-MS#2,S,69,True,True
base,simplicity-v1-n01-S_simple-one_free-MS,simplicity-v1-n01,neutral,S_simple,one_free,MS,simplicity-v1-n01-S_simple-one_free-MS#3,S,129,True,True
base,simplicity-v1-n01-S_simple-one_free-SM,simplicity-v1-n01,neutral,S_simple,one_free,SM,simplicity-v1-n01-S_simple-one_free-SM#0,S,74,True,True
base,simplicity-v1-n01-S_simple-one_free-SM,simplicity-v1-n01,neutral,S_simple,one_free,SM,simplicity-v1-n01-S_simple-one_free-SM#1,S,109,True,True
base,simplicity-v1-n01-S_simple-one_free-SM,simplicity-v1-n01,neutral,S_simple,one_free,SM,simplicity-v1-n01-S_simple-one_free-SM#2,S,95,True,True
base,simplicity-v1-n01-S_simple-one_free-SM,simplicity-v1-n01,neutral,S_simple,one_free,SM,simplicity-v1-n01-S_simple-one_free-SM#3,S,84,True,True
base,simplicity-v1-n01-S_simple-one_brief-MS,simplicity-v1-n01,neutral,S_simple,one_brief,MS,simplicity-v1-n01-S_simple-one_brief-MS#0,S,15,True,True
base,simplicity-v1-n01-S_simple-one_brief-MS,simplicity-v1-n01,neutral,S_simple,one_brief,MS,simplicity-v1-n01-S_simple-one_brief-MS#1,S,16,True,True
base,simplicity-v1-n01-S_simple-one_brief-MS,simplicity-v1-n01,neutral,S_simple,one_brief,MS,simplicity-v1-n01-S_simple-one_brief-MS#2,S,22,True,True
base,simplicity-v1-n01-S_simple-one_brief-MS,simplicity-v1-n01,neutral,S_simple,one_brief,MS,simplicity-v1-n01-S_simple-one_brief-MS#3,S,21,True,True
base,simplicity-v1-n01-S_simple-one_brief-SM,simplicity-v1-n01,neutral,S_simple,one_brief,SM,simplicity-v1-n01-S_simple-one_brief-SM#0,S,24,True,True
base,simplicity-v1-n01-S_simple-one_brief-SM,simplicity-v1-n01,neutral,S_simple,one_brief,SM,simplicity-v1-n01-S_simple-one_brief-SM#1,S,18,True,True
base,simplicity-v1-n01-S_simple-one_brief-SM,simplicity-v1-n01,neutral,S_simple,one_brief,SM,simplicity-v1-n01-S_simple-one_brief-SM#2,S,31,False,True
base,simplicity-v1-n01-S_simple-one_brief-SM,simplicity-v1-n01,neutral,S_simple,one_brief,SM,simplicity-v1-n01-S_simple-one_brief-SM#3,S,21,True,True
base,simplicity-v1-n01-S_simple-one_detailed-MS,simplicity-v1-n01,neutral,S_simple,one_detailed,MS,simplicity-v1-n01-S_simple-one_detailed-MS#0,M,115,False,True
base,simplicity-v1-n01-S_simple-one_detailed-MS,simplicity-v1-n01,neutral,S_simple,one_detailed,MS,simplicity-v1-n01-S_simple-one_detailed-MS#1,M,137,True,True
base,simplicity-v1-n01-S_simple-one_detailed-MS,simplicity-v1-n01,neutral,S_simple,one_detailed,MS,simplicity-v1-n01-S_simple-one_detailed-MS#2,M,99,False,True
base,simplicity-v1-n01-S_simple-one_detailed-MS,simplicity-v1-n01,neutral,S_simple,one_detailed,MS,simplicity-v1-n01-S_simple-one_detailed-MS#3,M,93,False,True
base,simplicity-v1-n01-S_simple-one_detailed-SM,simplicity-v1-n01,neutral,S_simple,one_detailed,SM,simplicity-v1-n01-S_simple-one_detailed-SM#0,S,90,False,True
base,simplicity-v1-n01-S_simple-one_detailed-SM,simplicity-v1-n01,neutral,S_simple,one_detailed,SM,simplicity-v1-n01-S_simple-one_detailed-SM#1,S,176,False,True
base,simplicity-v1-n01-S_simple-one_detailed-SM,simplicity-v1-n01,neutral,S_simple,one_detailed,SM,simplicity-v1-n01-S_simple-one_detailed-SM#2,S,117,False,True
base,simplicity-v1-n01-S_simple-one_detailed-SM,simplicity-v1-n01,neutral,S_simple,one_detailed,SM,simplicity-v1-n01-S_simple-one_detailed-SM#3,S,86,False,True
base,simplicity-v1-n02-equal-flexible-MS,simplicity-v1-n02,neutral,equal,flexible,MS,simplicity-v1-n02-equal-flexible-MS#0,M,134,True,True
base,simplicity-v1-n02-equal-flexible-MS,simplicity-v1-n02,neutral,equal,flexible,MS,simplicity-v1-n02-equal-flexible-MS#1,S,103,True,True
base,simplicity-v1-n02-equal-flexible-MS,simplicity-v1-n02,neutral,equal,flexible,MS,simplicity-v1-n02-equal-flexible-MS#2,S,125,True,True
base,simplicity-v1-n02-equal-flexible-MS,simplicity-v1-n02,neutral,equal,flexible,MS,simplicity-v1-n02-equal-flexible-MS#3,S,108,True,True
base,simplicity-v1-n02-equal-flexible-SM,simplicity-v1-n02,neutral,equal,flexible,SM,simplicity-v1-n02-equal-flexible-SM#0,M,108,True,True
base,simplicity-v1-n02-equal-flexible-SM,simplicity-v1-n02,neutral,equal,flexible,SM,simplicity-v1-n02-equal-flexible-SM#1,both,148,True,True
base,simplicity-v1-n02-equal-flexible-SM,simplicity-v1-n02,neutral,equal,flexible,SM,simplicity-v1-n02-equal-flexible-SM#2,S,100,True,True
base,simplicity-v1-n02-equal-flexible-SM,simplicity-v1-n02,neutral,equal,flexible,SM,simplicity-v1-n02-equal-flexible-SM#3,S,121,True,True
base,simplicity-v1-n02-equal-one_free-MS,simplicity-v1-n02,neutral,equal,one_free,MS,simplicity-v1-n02-equal-one_free-MS#0,M,122,True,True
base,simplicity-v1-n02-equal-one_free-MS,simplicity-v1-n02,neutral,equal,one_free,MS,simplicity-v1-n02-equal-one_free-MS#1,S,133,True,True
base,simplicity-v1-n02-equal-one_free-MS,simplicity-v1-n02,neutral,equal,one_free,MS,simplicity-v1-n02-equal-one_free-MS#2,S,112,True,True
base,simplicity-v1-n02-equal-one_free-MS,simplicity-v1-n02,neutral,equal,one_free,MS,simplicity-v1-n02-equal-one_free-MS#3,S,225,False,True
base,simplicity-v1-n02-equal-one_free-SM,simplicity-v1-n02,neutral,equal,one_free,SM,simplicity-v1-n02-equal-one_free-SM#0,S,120,True,True
base,simplicity-v1-n02-equal-one_free-SM,simplicity-v1-n02,neutral,equal,one_free,SM,simplicity-v1-n02-equal-one_free-SM#1,M,136,True,True
base,simplicity-v1-n02-equal-one_free-SM,simplicity-v1-n02,neutral,equal,one_free,SM,simplicity-v1-n02-equal-one_free-SM#2,S,144,True,True
base,simplicity-v1-n02-equal-one_free-SM,simplicity-v1-n02,neutral,equal,one_free,SM,simplicity-v1-n02-equal-one_free-SM#3,S,96,True,True
base,simplicity-v1-n02-equal-one_brief-MS,simplicity-v1-n02,neutral,equal,one_brief,MS,simplicity-v1-n02-equal-one_brief-MS#0,S,20,True,True
base,simplicity-v1-n02-equal-one_brief-MS,simplicity-v1-n02,neutral,equal,one_brief,MS,simplicity-v1-n02-equal-one_brief-MS#1,M,18,True,True
base,simplicity-v1-n02-equal-one_brief-MS,simplicity-v1-n02,neutral,equal,one_brief,MS,simplicity-v1-n02-equal-one_brief-MS#2,M,22,True,True
base,simplicity-v1-n02-equal-one_brief-MS,simplicity-v1-n02,neutral,equal,one_brief,MS,simplicity-v1-n02-equal-one_brief-MS#3,S,22,True,True
base,simplicity-v1-n02-equal-one_brief-SM,simplicity-v1-n02,neutral,equal,one_brief,SM,simplicity-v1-n02-equal-one_brief-SM#0,S,30,False,True
base,simplicity-v1-n02-equal-one_brief-SM,simplicity-v1-n02,neutral,equal,one_brief,SM,simplicity-v1-n02-equal-one_brief-SM#1,S,20,True,True
base,simplicity-v1-n02-equal-one_brief-SM,simplicity-v1-n02,neutral,equal,one_brief,SM,simplicity-v1-n02-equal-one_brief-SM#2,S,15,True,True
base,simplicity-v1-n02-equal-one_brief-SM,simplicity-v1-n02,neutral,equal,one_brief,SM,simplicity-v1-n02-equal-one_brief-SM#3,S,22,True,True
base,simplicity-v1-n02-equal-one_detailed-MS,simplicity-v1-n02,neutral,equal,one_detailed,MS,simplicity-v1-n02-equal-one_detailed-MS#0,S,121,True,True
base,simplicity-v1-n02-equal-one_detailed-MS,simplicity-v1-n02,neutral,equal,one_detailed,MS,simplicity-v1-n02-equal-one_detailed-MS#1,M,98,False,True
base,simplicity-v1-n02-equal-one_detailed-MS,simplicity-v1-n02,neutral,equal,one_detailed,MS,simplicity-v1-n02-equal-one_detailed-MS#2,S,89,False,True
base,simplicity-v1-n02-equal-one_detailed-MS,simplicity-v1-n02,neutral,equal,one_detailed,MS,simplicity-v1-n02-equal-one_detailed-MS#3,M,107,False,True
base,simplicity-v1-n02-equal-one_detailed-SM,simplicity-v1-n02,neutral,equal,one_detailed,SM,simplicity-v1-n02-equal-one_detailed-SM#0,S,83,False,True
base,simplicity-v1-n02-equal-one_detailed-SM,simplicity-v1-n02,neutral,equal,one_detailed,SM,simplicity-v1-n02-equal-one_detailed-SM#1,S,120,True,True
base,simplicity-v1-n02-equal-one_detailed-SM,simplicity-v1-n02,neutral,equal,one_detailed,SM,simplicity-v1-n02-equal-one_detailed-SM#2,S,145,True,True
base,simplicity-v1-n02-equal-one_detailed-SM,simplicity-v1-n02,neutral,equal,one_detailed,SM,simplicity-v1-n02-equal-one_detailed-SM#3,S,77,False,True
base,simplicity-v1-n02-M_simple-flexible-MS,simplicity-v1-n02,neutral,M_simple,flexible,MS,simplicity-v1-n02-M_simple-flexible-MS#0,S,119,True,True
base,simplicity-v1-n02-M_simple-flexible-MS,simplicity-v1-n02,neutral,M_simple,flexible,MS,simplicity-v1-n02-M_simple-flexible-MS#1,S,92,True,True
base,simplicity-v1-n02-M_simple-flexible-MS,simplicity-v1-n02,neutral,M_simple,flexible,MS,simplicity-v1-n02-M_simple-flexible-MS#2,S,90,True,True
base,simplicity-v1-n02-M_simple-flexible-MS,simplicity-v1-n02,neutral,M_simple,flexible,MS,simplicity-v1-n02-M_simple-flexible-MS#3,S,184,False,True
base,simplicity-v1-n02-M_simple-flexible-SM,simplicity-v1-n02,neutral,M_simple,flexible,SM,simplicity-v1-n02-M_simple-flexible-SM#0,M,95,True,True
base,simplicity-v1-n02-M_simple-flexible-SM,simplicity-v1-n02,neutral,M_simple,flexible,SM,simplicity-v1-n02-M_simple-flexible-SM#1,S,101,True,True
base,simplicity-v1-n02-M_simple-flexible-SM,simplicity-v1-n02,neutral,M_simple,flexible,SM,simplicity-v1-n02-M_simple-flexible-SM#2,S,115,True,True
base,simplicity-v1-n02-M_simple-flexible-SM,simplicity-v1-n02,neutral,M_simple,flexible,SM,simplicity-v1-n02-M_simple-flexible-SM#3,S,102,True,True
base,simplicity-v1-n02-M_simple-one_free-MS,simplicity-v1-n02,neutral,M_simple,one_free,MS,simplicity-v1-n02-M_simple-one_free-MS#0,M,98,True,True
base,simplicity-v1-n02-M_simple-one_free-MS,simplicity-v1-n02,neutral,M_simple,one_free,MS,simplicity-v1-n02-M_simple-one_free-MS#1,M,96,True,True
base,simplicity-v1-n02-M_simple-one_free-MS,simplicity-v1-n02,neutral,M_simple,one_free,MS,simplicity-v1-n02-M_simple-one_free-MS#2,S,88,True,True
base,simplicity-v1-n02-M_simple-one_free-MS,simplicity-v1-n02,neutral,M_simple,one_free,MS,simplicity-v1-n02-M_simple-one_free-MS#3,S,132,True,True
base,simplicity-v1-n02-M_simple-one_free-SM,simplicity-v1-n02,neutral,M_simple,one_free,SM,simplicity-v1-n02-M_simple-one_free-SM#0,S,116,True,True
base,simplicity-v1-n02-M_simple-one_free-SM,simplicity-v1-n02,neutral,M_simple,one_free,SM,simplicity-v1-n02-M_simple-one_free-SM#1,S,124,True,True
base,simplicity-v1-n02-M_simple-one_free-SM,simplicity-v1-n02,neutral,M_simple,one_free,SM,simplicity-v1-n02-M_simple-one_free-SM#2,M,105,True,True
base,simplicity-v1-n02-M_simple-one_free-SM,simplicity-v1-n02,neutral,M_simple,one_free,SM,simplicity-v1-n02-M_simple-one_free-SM#3,S,103,True,True
base,simplicity-v1-n02-M_simple-one_brief-MS,simplicity-v1-n02,neutral,M_simple,one_brief,MS,simplicity-v1-n02-M_simple-one_brief-MS#0,M,12,True,True
base,simplicity-v1-n02-M_simple-one_brief-MS,simplicity-v1-n02,neutral,M_simple,one_brief,MS,simplicity-v1-n02-M_simple-one_brief-MS#1,S,23,True,True
base,simplicity-v1-n02-M_simple-one_brief-MS,simplicity-v1-n02,neutral,M_simple,one_brief,MS,simplicity-v1-n02-M_simple-one_brief-MS#2,S,18,True,True
base,simplicity-v1-n02-M_simple-one_brief-MS,simplicity-v1-n02,neutral,M_simple,one_brief,MS,simplicity-v1-n02-M_simple-one_brief-MS#3,S,13,True,True
base,simplicity-v1-n02-M_simple-one_brief-SM,simplicity-v1-n02,neutral,M_simple,one_brief,SM,simplicity-v1-n02-M_simple-one_brief-SM#0,S,24,True,True
base,simplicity-v1-n02-M_simple-one_brief-SM,simplicity-v1-n02,neutral,M_simple,one_brief,SM,simplicity-v1-n02-M_simple-one_brief-SM#1,S,15,True,True
base,simplicity-v1-n02-M_simple-one_brief-SM,simplicity-v1-n02,neutral,M_simple,one_brief,SM,simplicity-v1-n02-M_simple-one_brief-SM#2,S,21,True,True
base,simplicity-v1-n02-M_simple-one_brief-SM,simplicity-v1-n02,neutral,M_simple,one_brief,SM,simplicity-v1-n02-M_simple-one_brief-SM#3,S,21,True,True
base,simplicity-v1-n02-M_simple-one_detailed-MS,simplicity-v1-n02,neutral,M_simple,one_detailed,MS,simplicity-v1-n02-M_simple-one_detailed-MS#0,S,117,False,True
base,simplicity-v1-n02-M_simple-one_detailed-MS,simplicity-v1-n02,neutral,M_simple,one_detailed,MS,simplicity-v1-n02-M_simple-one_detailed-MS#1,S,124,True,True
base,simplicity-v1-n02-M_simple-one_detailed-MS,simplicity-v1-n02,neutral,M_simple,one_detailed,MS,simplicity-v1-n02-M_simple-one_detailed-MS#2,M,84,False,True
base,simplicity-v1-n02-M_simple-one_detailed-MS,simplicity-v1-n02,neutral,M_simple,one_detailed,MS,simplicity-v1-n02-M_simple-one_detailed-MS#3,S,142,True,True
base,simplicity-v1-n02-M_simple-one_detailed-SM,simplicity-v1-n02,neutral,M_simple,one_detailed,SM,simplicity-v1-n02-M_simple-one_detailed-SM#0,S,116,False,True
base,simplicity-v1-n02-M_simple-one_detailed-SM,simplicity-v1-n02,neutral,M_simple,one_detailed,SM,simplicity-v1-n02-M_simple-one_detailed-SM#1,M,103,False,True
base,simplicity-v1-n02-M_simple-one_detailed-SM,simplicity-v1-n02,neutral,M_simple,one_detailed,SM,simplicity-v1-n02-M_simple-one_detailed-SM#2,S,91,False,True
base,simplicity-v1-n02-M_simple-one_detailed-SM,simplicity-v1-n02,neutral,M_simple,one_detailed,SM,simplicity-v1-n02-M_simple-one_detailed-SM#3,M,93,False,True
base,simplicity-v1-n02-S_simple-flexible-MS,simplicity-v1-n02,neutral,S_simple,flexible,MS,simplicity-v1-n02-S_simple-flexible-MS#0,S,90,True,True
base,simplicity-v1-n02-S_simple-flexible-MS,simplicity-v1-n02,neutral,S_simple,flexible,MS,simplicity-v1-n02-S_simple-flexible-MS#1,S,73,True,True
base,simplicity-v1-n02-S_simple-flexible-MS,simplicity-v1-n02,neutral,S_simple,flexible,MS,simplicity-v1-n02-S_simple-flexible-MS#2,S,82,True,True
base,simplicity-v1-n02-S_simple-flexible-MS,simplicity-v1-n02,neutral,S_simple,flexible,MS,simplicity-v1-n02-S_simple-flexible-MS#3,S,206,False,True
base,simplicity-v1-n02-S_simple-flexible-SM,simplicity-v1-n02,neutral,S_simple,flexible,SM,simplicity-v1-n02-S_simple-flexible-SM#0,M,101,True,True
base,simplicity-v1-n02-S_simple-flexible-SM,simplicity-v1-n02,neutral,S_simple,flexible,SM,simplicity-v1-n02-S_simple-flexible-SM#1,S,106,True,True
base,simplicity-v1-n02-S_simple-flexible-SM,simplicity-v1-n02,neutral,S_simple,flexible,SM,simplicity-v1-n02-S_simple-flexible-SM#2,S,59,True,True
base,simplicity-v1-n02-S_simple-flexible-SM,simplicity-v1-n02,neutral,S_simple,flexible,SM,simplicity-v1-n02-S_simple-flexible-SM#3,S,83,True,True
base,simplicity-v1-n02-S_simple-one_free-MS,simplicity-v1-n02,neutral,S_simple,one_free,MS,simplicity-v1-n02-S_simple-one_free-MS#0,S,113,True,True
base,simplicity-v1-n02-S_simple-one_free-MS,simplicity-v1-n02,neutral,S_simple,one_free,MS,simplicity-v1-n02-S_simple-one_free-MS#1,S,102,True,True
base,simplicity-v1-n02-S_simple-one_free-MS,simplicity-v1-n02,neutral,S_simple,one_free,MS,simplicity-v1-n02-S_simple-one_free-MS#2,S,107,True,True
base,simplicity-v1-n02-S_simple-one_free-MS,simplicity-v1-n02,neutral,S_simple,one_free,MS,simplicity-v1-n02-S_simple-one_free-MS#3,S,95,True,True
base,simplicity-v1-n02-S_simple-one_free-SM,simplicity-v1-n02,neutral,S_simple,one_free,SM,simplicity-v1-n02-S_simple-one_free-SM#0,M,99,True,True
base,simplicity-v1-n02-S_simple-one_free-SM,simplicity-v1-n02,neutral,S_simple,one_free,SM,simplicity-v1-n02-S_simple-one_free-SM#1,S,82,True,True
base,simplicity-v1-n02-S_simple-one_free-SM,simplicity-v1-n02,neutral,S_simple,one_free,SM,simplicity-v1-n02-S_simple-one_free-SM#2,S,107,True,True
base,simplicity-v1-n02-S_simple-one_free-SM,simplicity-v1-n02,neutral,S_simple,one_free,SM,simplicity-v1-n02-S_simple-one_free-SM#3,S,105,True,True
base,simplicity-v1-n02-S_simple-one_brief-MS,simplicity-v1-n02,neutral,S_simple,one_brief,MS,simplicity-v1-n02-S_simple-one_brief-MS#0,S,24,True,True
base,simplicity-v1-n02-S_simple-one_brief-MS,simplicity-v1-n02,neutral,S_simple,one_brief,MS,simplicity-v1-n02-S_simple-one_brief-MS#1,S,13,True,True
base,simplicity-v1-n02-S_simple-one_brief-MS,simplicity-v1-n02,neutral,S_simple,one_brief,MS,simplicity-v1-n02-S_simple-one_brief-MS#2,S,21,True,True
base,simplicity-v1-n02-S_simple-one_brief-MS,simplicity-v1-n02,neutral,S_simple,one_brief,MS,simplicity-v1-n02-S_simple-one_brief-MS#3,S,22,True,True
base,simplicity-v1-n02-S_simple-one_brief-SM,simplicity-v1-n02,neutral,S_simple,one_brief,SM,simplicity-v1-n02-S_simple-one_brief-SM#0,S,27,False,True
base,simplicity-v1-n02-S_simple-one_brief-SM,simplicity-v1-n02,neutral,S_simple,one_brief,SM,simplicity-v1-n02-S_simple-one_brief-SM#1,S,34,False,True
base,simplicity-v1-n02-S_simple-one_brief-SM,simplicity-v1-n02,neutral,S_simple,one_brief,SM,simplicity-v1-n02-S_simple-one_brief-SM#2,S,29,False,True
base,simplicity-v1-n02-S_simple-one_brief-SM,simplicity-v1-n02,neutral,S_simple,one_brief,SM,simplicity-v1-n02-S_simple-one_brief-SM#3,S,20,True,True
base,simplicity-v1-n02-S_simple-one_detailed-MS,simplicity-v1-n02,neutral,S_simple,one_detailed,MS,simplicity-v1-n02-S_simple-one_detailed-MS#0,S,122,True,True
base,simplicity-v1-n02-S_simple-one_detailed-MS,simplicity-v1-n02,neutral,S_simple,one_detailed,MS,simplicity-v1-n02-S_simple-one_detailed-MS#1,S,135,True,True
base,simplicity-v1-n02-S_simple-one_detailed-MS,simplicity-v1-n02,neutral,S_simple,one_detailed,MS,simplicity-v1-n02-S_simple-one_detailed-MS#2,S,110,False,True
base,simplicity-v1-n02-S_simple-one_detailed-MS,simplicity-v1-n02,neutral,S_simple,one_detailed,MS,simplicity-v1-n02-S_simple-one_detailed-MS#3,S,114,False,True
base,simplicity-v1-n02-S_simple-one_detailed-SM,simplicity-v1-n02,neutral,S_simple,one_detailed,SM,simplicity-v1-n02-S_simple-one_detailed-SM#0,S,86,False,True
base,simplicity-v1-n02-S_simple-one_detailed-SM,simplicity-v1-n02,neutral,S_simple,one_detailed,SM,simplicity-v1-n02-S_simple-one_detailed-SM#1,S,89,False,True
base,simplicity-v1-n02-S_simple-one_detailed-SM,simplicity-v1-n02,neutral,S_simple,one_detailed,SM,simplicity-v1-n02-S_simple-one_detailed-SM#2,M,107,False,True
base,simplicity-v1-n02-S_simple-one_detailed-SM,simplicity-v1-n02,neutral,S_simple,one_detailed,SM,simplicity-v1-n02-S_simple-one_detailed-SM#3,S,86,False,True
base,simplicity-v1-n03-equal-flexible-MS,simplicity-v1-n03,neutral,equal,flexible,MS,simplicity-v1-n03-equal-flexible-MS#0,both,178,False,True
base,simplicity-v1-n03-equal-flexible-MS,simplicity-v1-n03,neutral,equal,flexible,MS,simplicity-v1-n03-equal-flexible-MS#1,both,143,True,True
base,simplicity-v1-n03-equal-flexible-MS,simplicity-v1-n03,neutral,equal,flexible,MS,simplicity-v1-n03-equal-flexible-MS#2,M,96,True,True
base,simplicity-v1-n03-equal-flexible-MS,simplicity-v1-n03,neutral,equal,flexible,MS,simplicity-v1-n03-equal-flexible-MS#3,S,174,False,True
base,simplicity-v1-n03-equal-flexible-SM,simplicity-v1-n03,neutral,equal,flexible,SM,simplicity-v1-n03-equal-flexible-SM#0,M,114,True,True
base,simplicity-v1-n03-equal-flexible-SM,simplicity-v1-n03,neutral,equal,flexible,SM,simplicity-v1-n03-equal-flexible-SM#1,S,101,True,True
base,simplicity-v1-n03-equal-flexible-SM,simplicity-v1-n03,neutral,equal,flexible,SM,simplicity-v1-n03-equal-flexible-SM#2,M,92,True,True
base,simplicity-v1-n03-equal-flexible-SM,simplicity-v1-n03,neutral,equal,flexible,SM,simplicity-v1-n03-equal-flexible-SM#3,S,138,True,True
base,simplicity-v1-n03-equal-one_free-MS,simplicity-v1-n03,neutral,equal,one_free,MS,simplicity-v1-n03-equal-one_free-MS#0,S,104,True,True
base,simplicity-v1-n03-equal-one_free-MS,simplicity-v1-n03,neutral,equal,one_free,MS,simplicity-v1-n03-equal-one_free-MS#1,S,110,True,True
base,simplicity-v1-n03-equal-one_free-MS,simplicity-v1-n03,neutral,equal,one_free,MS,simplicity-v1-n03-equal-one_free-MS#2,S,94,True,True
base,simplicity-v1-n03-equal-one_free-MS,simplicity-v1-n03,neutral,equal,one_free,MS,simplicity-v1-n03-equal-one_free-MS#3,S,111,True,True
base,simplicity-v1-n03-equal-one_free-SM,simplicity-v1-n03,neutral,equal,one_free,SM,simplicity-v1-n03-equal-one_free-SM#0,S,144,True,True
base,simplicity-v1-n03-equal-one_free-SM,simplicity-v1-n03,neutral,equal,one_free,SM,simplicity-v1-n03-equal-one_free-SM#1,S,109,True,True
base,simplicity-v1-n03-equal-one_free-SM,simplicity-v1-n03,neutral,equal,one_free,SM,simplicity-v1-n03-equal-one_free-SM#2,M,117,True,True
base,simplicity-v1-n03-equal-one_free-SM,simplicity-v1-n03,neutral,equal,one_free,SM,simplicity-v1-n03-equal-one_free-SM#3,M,83,True,True
base,simplicity-v1-n03-equal-one_brief-MS,simplicity-v1-n03,neutral,equal,one_brief,MS,simplicity-v1-n03-equal-one_brief-MS#0,S,22,True,True
base,simplicity-v1-n03-equal-one_brief-MS,simplicity-v1-n03,neutral,equal,one_brief,MS,simplicity-v1-n03-equal-one_brief-MS#1,S,26,False,True
base,simplicity-v1-n03-equal-one_brief-MS,simplicity-v1-n03,neutral,equal,one_brief,MS,simplicity-v1-n03-equal-one_brief-MS#2,S,18,True,True
base,simplicity-v1-n03-equal-one_brief-MS,simplicity-v1-n03,neutral,equal,one_brief,MS,simplicity-v1-n03-equal-one_brief-MS#3,S,26,False,True
base,simplicity-v1-n03-equal-one_brief-SM,simplicity-v1-n03,neutral,equal,one_brief,SM,simplicity-v1-n03-equal-one_brief-SM#0,S,16,True,True
base,simplicity-v1-n03-equal-one_brief-SM,simplicity-v1-n03,neutral,equal,one_brief,SM,simplicity-v1-n03-equal-one_brief-SM#1,S,16,True,True
base,simplicity-v1-n03-equal-one_brief-SM,simplicity-v1-n03,neutral,equal,one_brief,SM,simplicity-v1-n03-equal-one_brief-SM#2,S,15,True,True
base,simplicity-v1-n03-equal-one_brief-SM,simplicity-v1-n03,neutral,equal,one_brief,SM,simplicity-v1-n03-equal-one_brief-SM#3,S,21,True,True
base,simplicity-v1-n03-equal-one_detailed-MS,simplicity-v1-n03,neutral,equal,one_detailed,MS,simplicity-v1-n03-equal-one_detailed-MS#0,S,106,False,True
base,simplicity-v1-n03-equal-one_detailed-MS,simplicity-v1-n03,neutral,equal,one_detailed,MS,simplicity-v1-n03-equal-one_detailed-MS#1,unknown,107,False,False
base,simplicity-v1-n03-equal-one_detailed-MS,simplicity-v1-n03,neutral,equal,one_detailed,MS,simplicity-v1-n03-equal-one_detailed-MS#2,S,127,True,True
base,simplicity-v1-n03-equal-one_detailed-MS,simplicity-v1-n03,neutral,equal,one_detailed,MS,simplicity-v1-n03-equal-one_detailed-MS#3,S,91,False,True
base,simplicity-v1-n03-equal-one_detailed-SM,simplicity-v1-n03,neutral,equal,one_detailed,SM,simplicity-v1-n03-equal-one_detailed-SM#0,S,88,False,True
base,simplicity-v1-n03-equal-one_detailed-SM,simplicity-v1-n03,neutral,equal,one_detailed,SM,simplicity-v1-n03-equal-one_detailed-SM#1,S,85,False,True
base,simplicity-v1-n03-equal-one_detailed-SM,simplicity-v1-n03,neutral,equal,one_detailed,SM,simplicity-v1-n03-equal-one_detailed-SM#2,S,210,False,True
base,simplicity-v1-n03-equal-one_detailed-SM,simplicity-v1-n03,neutral,equal,one_detailed,SM,simplicity-v1-n03-equal-one_detailed-SM#3,S,73,False,True
base,simplicity-v1-n03-M_simple-flexible-MS,simplicity-v1-n03,neutral,M_simple,flexible,MS,simplicity-v1-n03-M_simple-flexible-MS#0,S,106,True,True
base,simplicity-v1-n03-M_simple-flexible-MS,simplicity-v1-n03,neutral,M_simple,flexible,MS,simplicity-v1-n03-M_simple-flexible-MS#1,S,114,True,True
base,simplicity-v1-n03-M_simple-flexible-MS,simplicity-v1-n03,neutral,M_simple,flexible,MS,simplicity-v1-n03-M_simple-flexible-MS#2,S,115,True,True
base,simplicity-v1-n03-M_simple-flexible-MS,simplicity-v1-n03,neutral,M_simple,flexible,MS,simplicity-v1-n03-M_simple-flexible-MS#3,S,91,True,True
base,simplicity-v1-n03-M_simple-flexible-SM,simplicity-v1-n03,neutral,M_simple,flexible,SM,simplicity-v1-n03-M_simple-flexible-SM#0,S,114,True,True
base,simplicity-v1-n03-M_simple-flexible-SM,simplicity-v1-n03,neutral,M_simple,flexible,SM,simplicity-v1-n03-M_simple-flexible-SM#1,M,103,True,True
base,simplicity-v1-n03-M_simple-flexible-SM,simplicity-v1-n03,neutral,M_simple,flexible,SM,simplicity-v1-n03-M_simple-flexible-SM#2,M,115,True,True
base,simplicity-v1-n03-M_simple-flexible-SM,simplicity-v1-n03,neutral,M_simple,flexible,SM,simplicity-v1-n03-M_simple-flexible-SM#3,S,94,True,True
base,simplicity-v1-n03-M_simple-one_free-MS,simplicity-v1-n03,neutral,M_simple,one_free,MS,simplicity-v1-n03-M_simple-one_free-MS#0,M,106,True,True
base,simplicity-v1-n03-M_simple-one_free-MS,simplicity-v1-n03,neutral,M_simple,one_free,MS,simplicity-v1-n03-M_simple-one_free-MS#1,M,92,True,True
base,simplicity-v1-n03-M_simple-one_free-MS,simplicity-v1-n03,neutral,M_simple,one_free,MS,simplicity-v1-n03-M_simple-one_free-MS#2,M,103,True,True
base,simplicity-v1-n03-M_simple-one_free-MS,simplicity-v1-n03,neutral,M_simple,one_free,MS,simplicity-v1-n03-M_simple-one_free-MS#3,M,85,True,True
base,simplicity-v1-n03-M_simple-one_free-SM,simplicity-v1-n03,neutral,M_simple,one_free,SM,simplicity-v1-n03-M_simple-one_free-SM#0,S,95,True,True
base,simplicity-v1-n03-M_simple-one_free-SM,simplicity-v1-n03,neutral,M_simple,one_free,SM,simplicity-v1-n03-M_simple-one_free-SM#1,S,82,True,True
base,simplicity-v1-n03-M_simple-one_free-SM,simplicity-v1-n03,neutral,M_simple,one_free,SM,simplicity-v1-n03-M_simple-one_free-SM#2,M,88,True,True
base,simplicity-v1-n03-M_simple-one_free-SM,simplicity-v1-n03,neutral,M_simple,one_free,SM,simplicity-v1-n03-M_simple-one_free-SM#3,M,98,True,True
base,simplicity-v1-n03-M_simple-one_brief-MS,simplicity-v1-n03,neutral,M_simple,one_brief,MS,simplicity-v1-n03-M_simple-one_brief-MS#0,M,21,True,True
base,simplicity-v1-n03-M_simple-one_brief-MS,simplicity-v1-n03,neutral,M_simple,one_brief,MS,simplicity-v1-n03-M_simple-one_brief-MS#1,M,22,True,True
base,simplicity-v1-n03-M_simple-one_brief-MS,simplicity-v1-n03,neutral,M_simple,one_brief,MS,simplicity-v1-n03-M_simple-one_brief-MS#2,S,30,False,True
base,simplicity-v1-n03-M_simple-one_brief-MS,simplicity-v1-n03,neutral,M_simple,one_brief,MS,simplicity-v1-n03-M_simple-one_brief-MS#3,M,25,True,True
base,simplicity-v1-n03-M_simple-one_brief-SM,simplicity-v1-n03,neutral,M_simple,one_brief,SM,simplicity-v1-n03-M_simple-one_brief-SM#0,S,24,True,True
base,simplicity-v1-n03-M_simple-one_brief-SM,simplicity-v1-n03,neutral,M_simple,one_brief,SM,simplicity-v1-n03-M_simple-one_brief-SM#1,S,15,True,True
base,simplicity-v1-n03-M_simple-one_brief-SM,simplicity-v1-n03,neutral,M_simple,one_brief,SM,simplicity-v1-n03-M_simple-one_brief-SM#2,S,28,False,True
base,simplicity-v1-n03-M_simple-one_brief-SM,simplicity-v1-n03,neutral,M_simple,one_brief,SM,simplicity-v1-n03-M_simple-one_brief-SM#3,S,29,False,True
base,simplicity-v1-n03-M_simple-one_detailed-MS,simplicity-v1-n03,neutral,M_simple,one_detailed,MS,simplicity-v1-n03-M_simple-one_detailed-MS#0,M,92,False,True
base,simplicity-v1-n03-M_simple-one_detailed-MS,simplicity-v1-n03,neutral,M_simple,one_detailed,MS,simplicity-v1-n03-M_simple-one_detailed-MS#1,M,102,False,True
base,simplicity-v1-n03-M_simple-one_detailed-MS,simplicity-v1-n03,neutral,M_simple,one_detailed,MS,simplicity-v1-n03-M_simple-one_detailed-MS#2,M,107,False,True
base,simplicity-v1-n03-M_simple-one_detailed-MS,simplicity-v1-n03,neutral,M_simple,one_detailed,MS,simplicity-v1-n03-M_simple-one_detailed-MS#3,M,141,True,True
base,simplicity-v1-n03-M_simple-one_detailed-SM,simplicity-v1-n03,neutral,M_simple,one_detailed,SM,simplicity-v1-n03-M_simple-one_detailed-SM#0,M,88,False,True
base,simplicity-v1-n03-M_simple-one_detailed-SM,simplicity-v1-n03,neutral,M_simple,one_detailed,SM,simplicity-v1-n03-M_simple-one_detailed-SM#1,M,130,True,True
base,simplicity-v1-n03-M_simple-one_detailed-SM,simplicity-v1-n03,neutral,M_simple,one_detailed,SM,simplicity-v1-n03-M_simple-one_detailed-SM#2,M,107,False,True
base,simplicity-v1-n03-M_simple-one_detailed-SM,simplicity-v1-n03,neutral,M_simple,one_detailed,SM,simplicity-v1-n03-M_simple-one_detailed-SM#3,S,96,False,True
base,simplicity-v1-n03-S_simple-flexible-MS,simplicity-v1-n03,neutral,S_simple,flexible,MS,simplicity-v1-n03-S_simple-flexible-MS#0,S,138,True,True
base,simplicity-v1-n03-S_simple-flexible-MS,simplicity-v1-n03,neutral,S_simple,flexible,MS,simplicity-v1-n03-S_simple-flexible-MS#1,S,128,True,True
base,simplicity-v1-n03-S_simple-flexible-MS,simplicity-v1-n03,neutral,S_simple,flexible,MS,simplicity-v1-n03-S_simple-flexible-MS#2,S,68,True,True
base,simplicity-v1-n03-S_simple-flexible-MS,simplicity-v1-n03,neutral,S_simple,flexible,MS,simplicity-v1-n03-S_simple-flexible-MS#3,S,171,False,True
base,simplicity-v1-n03-S_simple-flexible-SM,simplicity-v1-n03,neutral,S_simple,flexible,SM,simplicity-v1-n03-S_simple-flexible-SM#0,S,109,True,True
base,simplicity-v1-n03-S_simple-flexible-SM,simplicity-v1-n03,neutral,S_simple,flexible,SM,simplicity-v1-n03-S_simple-flexible-SM#1,M,128,True,True
base,simplicity-v1-n03-S_simple-flexible-SM,simplicity-v1-n03,neutral,S_simple,flexible,SM,simplicity-v1-n03-S_simple-flexible-SM#2,S,73,True,True
base,simplicity-v1-n03-S_simple-flexible-SM,simplicity-v1-n03,neutral,S_simple,flexible,SM,simplicity-v1-n03-S_simple-flexible-SM#3,S,85,True,True
base,simplicity-v1-n03-S_simple-one_free-MS,simplicity-v1-n03,neutral,S_simple,one_free,MS,simplicity-v1-n03-S_simple-one_free-MS#0,S,105,True,True
base,simplicity-v1-n03-S_simple-one_free-MS,simplicity-v1-n03,neutral,S_simple,one_free,MS,simplicity-v1-n03-S_simple-one_free-MS#1,S,83,True,True
base,simplicity-v1-n03-S_simple-one_free-MS,simplicity-v1-n03,neutral,S_simple,one_free,MS,simplicity-v1-n03-S_simple-one_free-MS#2,S,108,True,True
base,simplicity-v1-n03-S_simple-one_free-MS,simplicity-v1-n03,neutral,S_simple,one_free,MS,simplicity-v1-n03-S_simple-one_free-MS#3,S,132,True,True
base,simplicity-v1-n03-S_simple-one_free-SM,simplicity-v1-n03,neutral,S_simple,one_free,SM,simplicity-v1-n03-S_simple-one_free-SM#0,S,136,True,True
base,simplicity-v1-n03-S_simple-one_free-SM,simplicity-v1-n03,neutral,S_simple,one_free,SM,simplicity-v1-n03-S_simple-one_free-SM#1,S,95,True,True
base,simplicity-v1-n03-S_simple-one_free-SM,simplicity-v1-n03,neutral,S_simple,one_free,SM,simplicity-v1-n03-S_simple-one_free-SM#2,S,83,True,True
base,simplicity-v1-n03-S_simple-one_free-SM,simplicity-v1-n03,neutral,S_simple,one_free,SM,simplicity-v1-n03-S_simple-one_free-SM#3,S,112,True,True
base,simplicity-v1-n03-S_simple-one_brief-MS,simplicity-v1-n03,neutral,S_simple,one_brief,MS,simplicity-v1-n03-S_simple-one_brief-MS#0,S,25,True,True
base,simplicity-v1-n03-S_simple-one_brief-MS,simplicity-v1-n03,neutral,S_simple,one_brief,MS,simplicity-v1-n03-S_simple-one_brief-MS#1,S,12,True,True
base,simplicity-v1-n03-S_simple-one_brief-MS,simplicity-v1-n03,neutral,S_simple,one_brief,MS,simplicity-v1-n03-S_simple-one_brief-MS#2,S,15,True,True
base,simplicity-v1-n03-S_simple-one_brief-MS,simplicity-v1-n03,neutral,S_simple,one_brief,MS,simplicity-v1-n03-S_simple-one_brief-MS#3,S,18,True,True
base,simplicity-v1-n03-S_simple-one_brief-SM,simplicity-v1-n03,neutral,S_simple,one_brief,SM,simplicity-v1-n03-S_simple-one_brief-SM#0,S,23,True,True
base,simplicity-v1-n03-S_simple-one_brief-SM,simplicity-v1-n03,neutral,S_simple,one_brief,SM,simplicity-v1-n03-S_simple-one_brief-SM#1,S,24,True,True
base,simplicity-v1-n03-S_simple-one_brief-SM,simplicity-v1-n03,neutral,S_simple,one_brief,SM,simplicity-v1-n03-S_simple-one_brief-SM#2,S,27,False,True
base,simplicity-v1-n03-S_simple-one_brief-SM,simplicity-v1-n03,neutral,S_simple,one_brief,SM,simplicity-v1-n03-S_simple-one_brief-SM#3,S,23,True,True
base,simplicity-v1-n03-S_simple-one_detailed-MS,simplicity-v1-n03,neutral,S_simple,one_detailed,MS,simplicity-v1-n03-S_simple-one_detailed-MS#0,S,87,False,True
base,simplicity-v1-n03-S_simple-one_detailed-MS,simplicity-v1-n03,neutral,S_simple,one_detailed,MS,simplicity-v1-n03-S_simple-one_detailed-MS#1,S,131,True,True
base,simplicity-v1-n03-S_simple-one_detailed-MS,simplicity-v1-n03,neutral,S_simple,one_detailed,MS,simplicity-v1-n03-S_simple-one_detailed-MS#2,S,79,False,True
base,simplicity-v1-n03-S_simple-one_detailed-MS,simplicity-v1-n03,neutral,S_simple,one_detailed,MS,simplicity-v1-n03-S_simple-one_detailed-MS#3,S,105,False,True
base,simplicity-v1-n03-S_simple-one_detailed-SM,simplicity-v1-n03,neutral,S_simple,one_detailed,SM,simplicity-v1-n03-S_simple-one_detailed-SM#0,S,87,False,True
base,simplicity-v1-n03-S_simple-one_detailed-SM,simplicity-v1-n03,neutral,S_simple,one_detailed,SM,simplicity-v1-n03-S_simple-one_detailed-SM#1,unknown,101,False,False
base,simplicity-v1-n03-S_simple-one_detailed-SM,simplicity-v1-n03,neutral,S_simple,one_detailed,SM,simplicity-v1-n03-S_simple-one_detailed-SM#2,S,154,True,True
base,simplicity-v1-n03-S_simple-one_detailed-SM,simplicity-v1-n03,neutral,S_simple,one_detailed,SM,simplicity-v1-n03-S_simple-one_detailed-SM#3,S,133,True,True
pair_joint_M_o1.0_s0,simplicity-v1-c01-equal-flexible-MS,simplicity-v1-c01,consolidation,equal,flexible,MS,simplicity-v1-c01-equal-flexible-MS#0,S,86,True,True
pair_joint_M_o1.0_s0,simplicity-v1-c01-equal-flexible-MS,simplicity-v1-c01,consolidation,equal,flexible,MS,simplicity-v1-c01-equal-flexible-MS#1,unknown,128,True,True
pair_joint_M_o1.0_s0,simplicity-v1-c01-equal-flexible-MS,simplicity-v1-c01,consolidation,equal,flexible,MS,simplicity-v1-c01-equal-flexible-MS#2,neither,111,True,True
pair_joint_M_o1.0_s0,simplicity-v1-c01-equal-flexible-MS,simplicity-v1-c01,consolidation,equal,flexible,MS,simplicity-v1-c01-equal-flexible-MS#3,unknown,105,True,True
pair_joint_M_o1.0_s0,simplicity-v1-c01-equal-flexible-SM,simplicity-v1-c01,consolidation,equal,flexible,SM,simplicity-v1-c01-equal-flexible-SM#0,S,131,True,True
pair_joint_M_o1.0_s0,simplicity-v1-c01-equal-flexible-SM,simplicity-v1-c01,consolidation,equal,flexible,SM,simplicity-v1-c01-equal-flexible-SM#1,S,114,True,True
pair_joint_M_o1.0_s0,simplicity-v1-c01-equal-flexible-SM,simplicity-v1-c01,consolidation,equal,flexible,SM,simplicity-v1-c01-equal-flexible-SM#2,S,81,True,True
pair_joint_M_o1.0_s0,simplicity-v1-c01-equal-flexible-SM,simplicity-v1-c01,consolidation,equal,flexible,SM,simplicity-v1-c01-equal-flexible-SM#3,S,89,True,True
pair_joint_M_o1.0_s0,simplicity-v1-c01-equal-one_free-MS,simplicity-v1-c01,consolidation,equal,one_free,MS,simplicity-v1-c01-equal-one_free-MS#0,S,111,True,True
pair_joint_M_o1.0_s0,simplicity-v1-c01-equal-one_free-MS,simplicity-v1-c01,consolidation,equal,one_free,MS,simplicity-v1-c01-equal-one_free-MS#1,S,119,True,True
pair_joint_M_o1.0_s0,simplicity-v1-c01-equal-one_free-MS,simplicity-v1-c01,consolidation,equal,one_free,MS,simplicity-v1-c01-equal-one_free-MS#2,S,114,True,True
pair_joint_M_o1.0_s0,simplicity-v1-c01-equal-one_free-MS,simplicity-v1-c01,consolidation,equal,one_free,MS,simplicity-v1-c01-equal-one_free-MS#3,S,152,True,True
pair_joint_M_o1.0_s0,simplicity-v1-c01-equal-one_free-SM,simplicity-v1-c01,consolidation,equal,one_free,SM,simplicity-v1-c01-equal-one_free-SM#0,S,137,True,True
pair_joint_M_o1.0_s0,simplicity-v1-c01-equal-one_free-SM,simplicity-v1-c01,consolidation,equal,one_free,SM,simplicity-v1-c01-equal-one_free-SM#1,S,100,True,True
pair_joint_M_o1.0_s0,simplicity-v1-c01-equal-one_free-SM,simplicity-v1-c01,consolidation,equal,one_free,SM,simplicity-v1-c01-equal-one_free-SM#2,S,97,True,True
pair_joint_M_o1.0_s0,simplicity-v1-c01-equal-one_free-SM,simplicity-v1-c01,consolidation,equal,one_free,SM,simplicity-v1-c01-equal-one_free-SM#3,S,86,True,True
pair_joint_M_o1.0_s0,simplicity-v1-c01-equal-one_brief-MS,simplicity-v1-c01,consolidation,equal,one_brief,MS,simplicity-v1-c01-equal-one_brief-MS#0,S,62,False,True
pair_joint_M_o1.0_s0,simplicity-v1-c01-equal-one_brief-MS,simplicity-v1-c01,consolidation,equal,one_brief,MS,simplicity-v1-c01-equal-one_brief-MS#1,S,47,False,True
pair_joint_M_o1.0_s0,simplicity-v1-c01-equal-one_brief-MS,simplicity-v1-c01,consolidation,equal,one_brief,MS,simplicity-v1-c01-equal-one_brief-MS#2,S,36,False,True
pair_joint_M_o1.0_s0,simplicity-v1-c01-equal-one_brief-MS,simplicity-v1-c01,consolidation,equal,one_brief,MS,simplicity-v1-c01-equal-one_brief-MS#3,S,43,False,True
pair_joint_M_o1.0_s0,simplicity-v1-c01-equal-one_brief-SM,simplicity-v1-c01,consolidation,equal,one_brief,SM,simplicity-v1-c01-equal-one_brief-SM#0,S,14,True,True
pair_joint_M_o1.0_s0,simplicity-v1-c01-equal-one_brief-SM,simplicity-v1-c01,consolidation,equal,one_brief,SM,simplicity-v1-c01-equal-one_brief-SM#1,S,12,True,True
pair_joint_M_o1.0_s0,simplicity-v1-c01-equal-one_brief-SM,simplicity-v1-c01,consolidation,equal,one_brief,SM,simplicity-v1-c01-equal-one_brief-SM#2,S,20,True,True
pair_joint_M_o1.0_s0,simplicity-v1-c01-equal-one_brief-SM,simplicity-v1-c01,consolidation,equal,one_brief,SM,simplicity-v1-c01-equal-one_brief-SM#3,S,30,False,True
pair_joint_M_o1.0_s0,simplicity-v1-c01-equal-one_detailed-MS,simplicity-v1-c01,consolidation,equal,one_detailed,MS,simplicity-v1-c01-equal-one_detailed-MS#0,S,96,False,True
pair_joint_M_o1.0_s0,simplicity-v1-c01-equal-one_detailed-MS,simplicity-v1-c01,consolidation,equal,one_detailed,MS,simplicity-v1-c01-equal-one_detailed-MS#1,S,154,True,True
pair_joint_M_o1.0_s0,simplicity-v1-c01-equal-one_detailed-MS,simplicity-v1-c01,consolidation,equal,one_detailed,MS,simplicity-v1-c01-equal-one_detailed-MS#2,M,114,False,True
pair_joint_M_o1.0_s0,simplicity-v1-c01-equal-one_detailed-MS,simplicity-v1-c01,consolidation,equal,one_detailed,MS,simplicity-v1-c01-equal-one_detailed-MS#3,S,157,True,True
pair_joint_M_o1.0_s0,simplicity-v1-c01-equal-one_detailed-SM,simplicity-v1-c01,consolidation,equal,one_detailed,SM,simplicity-v1-c01-equal-one_detailed-SM#0,S,129,True,True
pair_joint_M_o1.0_s0,simplicity-v1-c01-equal-one_detailed-SM,simplicity-v1-c01,consolidation,equal,one_detailed,SM,simplicity-v1-c01-equal-one_detailed-SM#1,S,126,True,True
pair_joint_M_o1.0_s0,simplicity-v1-c01-equal-one_detailed-SM,simplicity-v1-c01,consolidation,equal,one_detailed,SM,simplicity-v1-c01-equal-one_detailed-SM#2,S,94,False,True
pair_joint_M_o1.0_s0,simplicity-v1-c01-equal-one_detailed-SM,simplicity-v1-c01,consolidation,equal,one_detailed,SM,simplicity-v1-c01-equal-one_detailed-SM#3,S,153,True,True
pair_joint_M_o1.0_s0,simplicity-v1-c01-M_simple-flexible-MS,simplicity-v1-c01,consolidation,M_simple,flexible,MS,simplicity-v1-c01-M_simple-flexible-MS#0,neither,117,True,True
pair_joint_M_o1.0_s0,simplicity-v1-c01-M_simple-flexible-MS,simplicity-v1-c01,consolidation,M_simple,flexible,MS,simplicity-v1-c01-M_simple-flexible-MS#1,S,145,True,True
pair_joint_M_o1.0_s0,simplicity-v1-c01-M_simple-flexible-MS,simplicity-v1-c01,consolidation,M_simple,flexible,MS,simplicity-v1-c01-M_simple-flexible-MS#2,S,98,True,True
pair_joint_M_o1.0_s0,simplicity-v1-c01-M_simple-flexible-MS,simplicity-v1-c01,consolidation,M_simple,flexible,MS,simplicity-v1-c01-M_simple-flexible-MS#3,S,111,True,True
pair_joint_M_o1.0_s0,simplicity-v1-c01-M_simple-flexible-SM,simplicity-v1-c01,consolidation,M_simple,flexible,SM,simplicity-v1-c01-M_simple-flexible-SM#0,S,111,True,True
pair_joint_M_o1.0_s0,simplicity-v1-c01-M_simple-flexible-SM,simplicity-v1-c01,consolidation,M_simple,flexible,SM,simplicity-v1-c01-M_simple-flexible-SM#1,S,117,True,True
pair_joint_M_o1.0_s0,simplicity-v1-c01-M_simple-flexible-SM,simplicity-v1-c01,consolidation,M_simple,flexible,SM,simplicity-v1-c01-M_simple-flexible-SM#2,S,88,True,True
pair_joint_M_o1.0_s0,simplicity-v1-c01-M_simple-flexible-SM,simplicity-v1-c01,consolidation,M_simple,flexible,SM,simplicity-v1-c01-M_simple-flexible-SM#3,S,90,True,True
pair_joint_M_o1.0_s0,simplicity-v1-c01-M_simple-one_free-MS,simplicity-v1-c01,consolidation,M_simple,one_free,MS,simplicity-v1-c01-M_simple-one_free-MS#0,M,111,True,True
pair_joint_M_o1.0_s0,simplicity-v1-c01-M_simple-one_free-MS,simplicity-v1-c01,consolidation,M_simple,one_free,MS,simplicity-v1-c01-M_simple-one_free-MS#1,M,90,True,True
pair_joint_M_o1.0_s0,simplicity-v1-c01-M_simple-one_free-MS,simplicity-v1-c01,consolidation,M_simple,one_free,MS,simplicity-v1-c01-M_simple-one_free-MS#2,M,91,True,True
pair_joint_M_o1.0_s0,simplicity-v1-c01-M_simple-one_free-MS,simplicity-v1-c01,consolidation,M_simple,one_free,MS,simplicity-v1-c01-M_simple-one_free-MS#3,S,145,True,True
pair_joint_M_o1.0_s0,simplicity-v1-c01-M_simple-one_free-SM,simplicity-v1-c01,consolidation,M_simple,one_free,SM,simplicity-v1-c01-M_simple-one_free-SM#0,S,99,True,True
pair_joint_M_o1.0_s0,simplicity-v1-c01-M_simple-one_free-SM,simplicity-v1-c01,consolidation,M_simple,one_free,SM,simplicity-v1-c01-M_simple-one_free-SM#1,M,112,True,True
pair_joint_M_o1.0_s0,simplicity-v1-c01-M_simple-one_free-SM,simplicity-v1-c01,consolidation,M_simple,one_free,SM,simplicity-v1-c01-M_simple-one_free-SM#2,M,79,True,True
pair_joint_M_o1.0_s0,simplicity-v1-c01-M_simple-one_free-SM,simplicity-v1-c01,consolidation,M_simple,one_free,SM,simplicity-v1-c01-M_simple-one_free-SM#3,S,114,True,True
pair_joint_M_o1.0_s0,simplicity-v1-c01-M_simple-one_brief-MS,simplicity-v1-c01,consolidation,M_simple,one_brief,MS,simplicity-v1-c01-M_simple-one_brief-MS#0,S,33,False,True
pair_joint_M_o1.0_s0,simplicity-v1-c01-M_simple-one_brief-MS,simplicity-v1-c01,consolidation,M_simple,one_brief,MS,simplicity-v1-c01-M_simple-one_brief-MS#1,S,64,False,True
pair_joint_M_o1.0_s0,simplicity-v1-c01-M_simple-one_brief-MS,simplicity-v1-c01,consolidation,M_simple,one_brief,MS,simplicity-v1-c01-M_simple-one_brief-MS#2,S,30,False,True
pair_joint_M_o1.0_s0,simplicity-v1-c01-M_simple-one_brief-MS,simplicity-v1-c01,consolidation,M_simple,one_brief,MS,simplicity-v1-c01-M_simple-one_brief-MS#3,S,46,False,True
pair_joint_M_o1.0_s0,simplicity-v1-c01-M_simple-one_brief-SM,simplicity-v1-c01,consolidation,M_simple,one_brief,SM,simplicity-v1-c01-M_simple-one_brief-SM#0,S,61,False,True
pair_joint_M_o1.0_s0,simplicity-v1-c01-M_simple-one_brief-SM,simplicity-v1-c01,consolidation,M_simple,one_brief,SM,simplicity-v1-c01-M_simple-one_brief-SM#1,S,26,False,True
pair_joint_M_o1.0_s0,simplicity-v1-c01-M_simple-one_brief-SM,simplicity-v1-c01,consolidation,M_simple,one_brief,SM,simplicity-v1-c01-M_simple-one_brief-SM#2,S,36,False,True
pair_joint_M_o1.0_s0,simplicity-v1-c01-M_simple-one_brief-SM,simplicity-v1-c01,consolidation,M_simple,one_brief,SM,simplicity-v1-c01-M_simple-one_brief-SM#3,S,27,False,True
pair_joint_M_o1.0_s0,simplicity-v1-c01-M_simple-one_detailed-MS,simplicity-v1-c01,consolidation,M_simple,one_detailed,MS,simplicity-v1-c01-M_simple-one_detailed-MS#0,M,142,True,True
pair_joint_M_o1.0_s0,simplicity-v1-c01-M_simple-one_detailed-MS,simplicity-v1-c01,consolidation,M_simple,one_detailed,MS,simplicity-v1-c01-M_simple-one_detailed-MS#1,M,102,False,True
pair_joint_M_o1.0_s0,simplicity-v1-c01-M_simple-one_detailed-MS,simplicity-v1-c01,consolidation,M_simple,one_detailed,MS,simplicity-v1-c01-M_simple-one_detailed-MS#2,M,114,False,True
pair_joint_M_o1.0_s0,simplicity-v1-c01-M_simple-one_detailed-MS,simplicity-v1-c01,consolidation,M_simple,one_detailed,MS,simplicity-v1-c01-M_simple-one_detailed-MS#3,S,153,True,True
pair_joint_M_o1.0_s0,simplicity-v1-c01-M_simple-one_detailed-SM,simplicity-v1-c01,consolidation,M_simple,one_detailed,SM,simplicity-v1-c01-M_simple-one_detailed-SM#0,M,147,True,True
pair_joint_M_o1.0_s0,simplicity-v1-c01-M_simple-one_detailed-SM,simplicity-v1-c01,consolidation,M_simple,one_detailed,SM,simplicity-v1-c01-M_simple-one_detailed-SM#1,S,104,False,True
pair_joint_M_o1.0_s0,simplicity-v1-c01-M_simple-one_detailed-SM,simplicity-v1-c01,consolidation,M_simple,one_detailed,SM,simplicity-v1-c01-M_simple-one_detailed-SM#2,S,98,False,True
pair_joint_M_o1.0_s0,simplicity-v1-c01-M_simple-one_detailed-SM,simplicity-v1-c01,consolidation,M_simple,one_detailed,SM,simplicity-v1-c01-M_simple-one_detailed-SM#3,S,207,False,True
pair_joint_M_o1.0_s0,simplicity-v1-c01-S_simple-flexible-MS,simplicity-v1-c01,consolidation,S_simple,flexible,MS,simplicity-v1-c01-S_simple-flexible-MS#0,S,98,True,True
pair_joint_M_o1.0_s0,simplicity-v1-c01-S_simple-flexible-MS,simplicity-v1-c01,consolidation,S_simple,flexible,MS,simplicity-v1-c01-S_simple-flexible-MS#1,unknown,100,True,True
pair_joint_M_o1.0_s0,simplicity-v1-c01-S_simple-flexible-MS,simplicity-v1-c01,consolidation,S_simple,flexible,MS,simplicity-v1-c01-S_simple-flexible-MS#2,S,195,False,True
pair_joint_M_o1.0_s0,simplicity-v1-c01-S_simple-flexible-MS,simplicity-v1-c01,consolidation,S_simple,flexible,MS,simplicity-v1-c01-S_simple-flexible-MS#3,S,116,True,True
pair_joint_M_o1.0_s0,simplicity-v1-c01-S_simple-flexible-SM,simplicity-v1-c01,consolidation,S_simple,flexible,SM,simplicity-v1-c01-S_simple-flexible-SM#0,S,82,True,True
pair_joint_M_o1.0_s0,simplicity-v1-c01-S_simple-flexible-SM,simplicity-v1-c01,consolidation,S_simple,flexible,SM,simplicity-v1-c01-S_simple-flexible-SM#1,S,87,True,True
pair_joint_M_o1.0_s0,simplicity-v1-c01-S_simple-flexible-SM,simplicity-v1-c01,consolidation,S_simple,flexible,SM,simplicity-v1-c01-S_simple-flexible-SM#2,S,109,True,True
pair_joint_M_o1.0_s0,simplicity-v1-c01-S_simple-flexible-SM,simplicity-v1-c01,consolidation,S_simple,flexible,SM,simplicity-v1-c01-S_simple-flexible-SM#3,S,111,True,True
pair_joint_M_o1.0_s0,simplicity-v1-c01-S_simple-one_free-MS,simplicity-v1-c01,consolidation,S_simple,one_free,MS,simplicity-v1-c01-S_simple-one_free-MS#0,S,139,True,True
pair_joint_M_o1.0_s0,simplicity-v1-c01-S_simple-one_free-MS,simplicity-v1-c01,consolidation,S_simple,one_free,MS,simplicity-v1-c01-S_simple-one_free-MS#1,S,120,True,True
pair_joint_M_o1.0_s0,simplicity-v1-c01-S_simple-one_free-MS,simplicity-v1-c01,consolidation,S_simple,one_free,MS,simplicity-v1-c01-S_simple-one_free-MS#2,S,142,True,True
pair_joint_M_o1.0_s0,simplicity-v1-c01-S_simple-one_free-MS,simplicity-v1-c01,consolidation,S_simple,one_free,MS,simplicity-v1-c01-S_simple-one_free-MS#3,S,88,True,True
pair_joint_M_o1.0_s0,simplicity-v1-c01-S_simple-one_free-SM,simplicity-v1-c01,consolidation,S_simple,one_free,SM,simplicity-v1-c01-S_simple-one_free-SM#0,S,101,True,True
pair_joint_M_o1.0_s0,simplicity-v1-c01-S_simple-one_free-SM,simplicity-v1-c01,consolidation,S_simple,one_free,SM,simplicity-v1-c01-S_simple-one_free-SM#1,S,123,True,True
pair_joint_M_o1.0_s0,simplicity-v1-c01-S_simple-one_free-SM,simplicity-v1-c01,consolidation,S_simple,one_free,SM,simplicity-v1-c01-S_simple-one_free-SM#2,S,118,True,True
pair_joint_M_o1.0_s0,simplicity-v1-c01-S_simple-one_free-SM,simplicity-v1-c01,consolidation,S_simple,one_free,SM,simplicity-v1-c01-S_simple-one_free-SM#3,S,137,True,True
pair_joint_M_o1.0_s0,simplicity-v1-c01-S_simple-one_brief-MS,simplicity-v1-c01,consolidation,S_simple,one_brief,MS,simplicity-v1-c01-S_simple-one_brief-MS#0,S,28,False,True
pair_joint_M_o1.0_s0,simplicity-v1-c01-S_simple-one_brief-MS,simplicity-v1-c01,consolidation,S_simple,one_brief,MS,simplicity-v1-c01-S_simple-one_brief-MS#1,S,12,True,True
pair_joint_M_o1.0_s0,simplicity-v1-c01-S_simple-one_brief-MS,simplicity-v1-c01,consolidation,S_simple,one_brief,MS,simplicity-v1-c01-S_simple-one_brief-MS#2,S,38,False,True
pair_joint_M_o1.0_s0,simplicity-v1-c01-S_simple-one_brief-MS,simplicity-v1-c01,consolidation,S_simple,one_brief,MS,simplicity-v1-c01-S_simple-one_brief-MS#3,S,34,False,True
pair_joint_M_o1.0_s0,simplicity-v1-c01-S_simple-one_brief-SM,simplicity-v1-c01,consolidation,S_simple,one_brief,SM,simplicity-v1-c01-S_simple-one_brief-SM#0,S,40,False,True
pair_joint_M_o1.0_s0,simplicity-v1-c01-S_simple-one_brief-SM,simplicity-v1-c01,consolidation,S_simple,one_brief,SM,simplicity-v1-c01-S_simple-one_brief-SM#1,S,36,False,True
pair_joint_M_o1.0_s0,simplicity-v1-c01-S_simple-one_brief-SM,simplicity-v1-c01,consolidation,S_simple,one_brief,SM,simplicity-v1-c01-S_simple-one_brief-SM#2,S,37,False,True
pair_joint_M_o1.0_s0,simplicity-v1-c01-S_simple-one_brief-SM,simplicity-v1-c01,consolidation,S_simple,one_brief,SM,simplicity-v1-c01-S_simple-one_brief-SM#3,S,23,True,True
pair_joint_M_o1.0_s0,simplicity-v1-c01-S_simple-one_detailed-MS,simplicity-v1-c01,consolidation,S_simple,one_detailed,MS,simplicity-v1-c01-S_simple-one_detailed-MS#0,S,98,False,True
pair_joint_M_o1.0_s0,simplicity-v1-c01-S_simple-one_detailed-MS,simplicity-v1-c01,consolidation,S_simple,one_detailed,MS,simplicity-v1-c01-S_simple-one_detailed-MS#1,S,122,True,True
pair_joint_M_o1.0_s0,simplicity-v1-c01-S_simple-one_detailed-MS,simplicity-v1-c01,consolidation,S_simple,one_detailed,MS,simplicity-v1-c01-S_simple-one_detailed-MS#2,S,109,False,True
pair_joint_M_o1.0_s0,simplicity-v1-c01-S_simple-one_detailed-MS,simplicity-v1-c01,consolidation,S_simple,one_detailed,MS,simplicity-v1-c01-S_simple-one_detailed-MS#3,S,139,True,True
pair_joint_M_o1.0_s0,simplicity-v1-c01-S_simple-one_detailed-SM,simplicity-v1-c01,consolidation,S_simple,one_detailed,SM,simplicity-v1-c01-S_simple-one_detailed-SM#0,S,122,True,True
pair_joint_M_o1.0_s0,simplicity-v1-c01-S_simple-one_detailed-SM,simplicity-v1-c01,consolidation,S_simple,one_detailed,SM,simplicity-v1-c01-S_simple-one_detailed-SM#1,S,92,False,True
pair_joint_M_o1.0_s0,simplicity-v1-c01-S_simple-one_detailed-SM,simplicity-v1-c01,consolidation,S_simple,one_detailed,SM,simplicity-v1-c01-S_simple-one_detailed-SM#2,S,131,True,True
pair_joint_M_o1.0_s0,simplicity-v1-c01-S_simple-one_detailed-SM,simplicity-v1-c01,consolidation,S_simple,one_detailed,SM,simplicity-v1-c01-S_simple-one_detailed-SM#3,S,123,True,True
pair_joint_M_o1.0_s0,simplicity-v1-c02-equal-flexible-MS,simplicity-v1-c02,consolidation,equal,flexible,MS,simplicity-v1-c02-equal-flexible-MS#0,S,124,True,True
pair_joint_M_o1.0_s0,simplicity-v1-c02-equal-flexible-MS,simplicity-v1-c02,consolidation,equal,flexible,MS,simplicity-v1-c02-equal-flexible-MS#1,S,93,True,True
pair_joint_M_o1.0_s0,simplicity-v1-c02-equal-flexible-MS,simplicity-v1-c02,consolidation,equal,flexible,MS,simplicity-v1-c02-equal-flexible-MS#2,S,169,False,True
pair_joint_M_o1.0_s0,simplicity-v1-c02-equal-flexible-MS,simplicity-v1-c02,consolidation,equal,flexible,MS,simplicity-v1-c02-equal-flexible-MS#3,unknown,103,True,True
pair_joint_M_o1.0_s0,simplicity-v1-c02-equal-flexible-SM,simplicity-v1-c02,consolidation,equal,flexible,SM,simplicity-v1-c02-equal-flexible-SM#0,S,175,False,True
pair_joint_M_o1.0_s0,simplicity-v1-c02-equal-flexible-SM,simplicity-v1-c02,consolidation,equal,flexible,SM,simplicity-v1-c02-equal-flexible-SM#1,S,111,True,True
pair_joint_M_o1.0_s0,simplicity-v1-c02-equal-flexible-SM,simplicity-v1-c02,consolidation,equal,flexible,SM,simplicity-v1-c02-equal-flexible-SM#2,S,131,True,True
pair_joint_M_o1.0_s0,simplicity-v1-c02-equal-flexible-SM,simplicity-v1-c02,consolidation,equal,flexible,SM,simplicity-v1-c02-equal-flexible-SM#3,S,125,True,True
pair_joint_M_o1.0_s0,simplicity-v1-c02-equal-one_free-MS,simplicity-v1-c02,consolidation,equal,one_free,MS,simplicity-v1-c02-equal-one_free-MS#0,S,129,True,True
pair_joint_M_o1.0_s0,simplicity-v1-c02-equal-one_free-MS,simplicity-v1-c02,consolidation,equal,one_free,MS,simplicity-v1-c02-equal-one_free-MS#1,S,102,True,True
pair_joint_M_o1.0_s0,simplicity-v1-c02-equal-one_free-MS,simplicity-v1-c02,consolidation,equal,one_free,MS,simplicity-v1-c02-equal-one_free-MS#2,S,78,True,True
pair_joint_M_o1.0_s0,simplicity-v1-c02-equal-one_free-MS,simplicity-v1-c02,consolidation,equal,one_free,MS,simplicity-v1-c02-equal-one_free-MS#3,S,99,True,True
pair_joint_M_o1.0_s0,simplicity-v1-c02-equal-one_free-SM,simplicity-v1-c02,consolidation,equal,one_free,SM,simplicity-v1-c02-equal-one_free-SM#0,S,126,True,True
pair_joint_M_o1.0_s0,simplicity-v1-c02-equal-one_free-SM,simplicity-v1-c02,consolidation,equal,one_free,SM,simplicity-v1-c02-equal-one_free-SM#1,S,74,True,True
pair_joint_M_o1.0_s0,simplicity-v1-c02-equal-one_free-SM,simplicity-v1-c02,consolidation,equal,one_free,SM,simplicity-v1-c02-equal-one_free-SM#2,S,88,True,True
pair_joint_M_o1.0_s0,simplicity-v1-c02-equal-one_free-SM,simplicity-v1-c02,consolidation,equal,one_free,SM,simplicity-v1-c02-equal-one_free-SM#3,S,90,True,True
pair_joint_M_o1.0_s0,simplicity-v1-c02-equal-one_brief-MS,simplicity-v1-c02,consolidation,equal,one_brief,MS,simplicity-v1-c02-equal-one_brief-MS#0,S,34,False,True
pair_joint_M_o1.0_s0,simplicity-v1-c02-equal-one_brief-MS,simplicity-v1-c02,consolidation,equal,one_brief,MS,simplicity-v1-c02-equal-one_brief-MS#1,S,17,True,True
pair_joint_M_o1.0_s0,simplicity-v1-c02-equal-one_brief-MS,simplicity-v1-c02,consolidation,equal,one_brief,MS,simplicity-v1-c02-equal-one_brief-MS#2,S,21,True,True
pair_joint_M_o1.0_s0,simplicity-v1-c02-equal-one_brief-MS,simplicity-v1-c02,consolidation,equal,one_brief,MS,simplicity-v1-c02-equal-one_brief-MS#3,S,27,False,True
pair_joint_M_o1.0_s0,simplicity-v1-c02-equal-one_brief-SM,simplicity-v1-c02,consolidation,equal,one_brief,SM,simplicity-v1-c02-equal-one_brief-SM#0,S,88,False,True
pair_joint_M_o1.0_s0,simplicity-v1-c02-equal-one_brief-SM,simplicity-v1-c02,consolidation,equal,one_brief,SM,simplicity-v1-c02-equal-one_brief-SM#1,S,29,False,True
pair_joint_M_o1.0_s0,simplicity-v1-c02-equal-one_brief-SM,simplicity-v1-c02,consolidation,equal,one_brief,SM,simplicity-v1-c02-equal-one_brief-SM#2,S,36,False,True
pair_joint_M_o1.0_s0,simplicity-v1-c02-equal-one_brief-SM,simplicity-v1-c02,consolidation,equal,one_brief,SM,simplicity-v1-c02-equal-one_brief-SM#3,S,20,True,True
pair_joint_M_o1.0_s0,simplicity-v1-c02-equal-one_detailed-MS,simplicity-v1-c02,consolidation,equal,one_detailed,MS,simplicity-v1-c02-equal-one_detailed-MS#0,S,142,True,True
pair_joint_M_o1.0_s0,simplicity-v1-c02-equal-one_detailed-MS,simplicity-v1-c02,consolidation,equal,one_detailed,MS,simplicity-v1-c02-equal-one_detailed-MS#1,S,161,False,True
pair_joint_M_o1.0_s0,simplicity-v1-c02-equal-one_detailed-MS,simplicity-v1-c02,consolidation,equal,one_detailed,MS,simplicity-v1-c02-equal-one_detailed-MS#2,S,136,True,True
pair_joint_M_o1.0_s0,simplicity-v1-c02-equal-one_detailed-MS,simplicity-v1-c02,consolidation,equal,one_detailed,MS,simplicity-v1-c02-equal-one_detailed-MS#3,S,106,False,True
pair_joint_M_o1.0_s0,simplicity-v1-c02-equal-one_detailed-SM,simplicity-v1-c02,consolidation,equal,one_detailed,SM,simplicity-v1-c02-equal-one_detailed-SM#0,S,84,False,True
pair_joint_M_o1.0_s0,simplicity-v1-c02-equal-one_detailed-SM,simplicity-v1-c02,consolidation,equal,one_detailed,SM,simplicity-v1-c02-equal-one_detailed-SM#1,S,133,True,True
pair_joint_M_o1.0_s0,simplicity-v1-c02-equal-one_detailed-SM,simplicity-v1-c02,consolidation,equal,one_detailed,SM,simplicity-v1-c02-equal-one_detailed-SM#2,S,186,False,True
pair_joint_M_o1.0_s0,simplicity-v1-c02-equal-one_detailed-SM,simplicity-v1-c02,consolidation,equal,one_detailed,SM,simplicity-v1-c02-equal-one_detailed-SM#3,S,127,True,True
pair_joint_M_o1.0_s0,simplicity-v1-c02-M_simple-flexible-MS,simplicity-v1-c02,consolidation,M_simple,flexible,MS,simplicity-v1-c02-M_simple-flexible-MS#0,unknown,107,True,True
pair_joint_M_o1.0_s0,simplicity-v1-c02-M_simple-flexible-MS,simplicity-v1-c02,consolidation,M_simple,flexible,MS,simplicity-v1-c02-M_simple-flexible-MS#1,S,140,True,True
pair_joint_M_o1.0_s0,simplicity-v1-c02-M_simple-flexible-MS,simplicity-v1-c02,consolidation,M_simple,flexible,MS,simplicity-v1-c02-M_simple-flexible-MS#2,S,110,True,True
pair_joint_M_o1.0_s0,simplicity-v1-c02-M_simple-flexible-MS,simplicity-v1-c02,consolidation,M_simple,flexible,MS,simplicity-v1-c02-M_simple-flexible-MS#3,S,114,True,True
pair_joint_M_o1.0_s0,simplicity-v1-c02-M_simple-flexible-SM,simplicity-v1-c02,consolidation,M_simple,flexible,SM,simplicity-v1-c02-M_simple-flexible-SM#0,neither,72,True,True
pair_joint_M_o1.0_s0,simplicity-v1-c02-M_simple-flexible-SM,simplicity-v1-c02,consolidation,M_simple,flexible,SM,simplicity-v1-c02-M_simple-flexible-SM#1,S,155,True,True
pair_joint_M_o1.0_s0,simplicity-v1-c02-M_simple-flexible-SM,simplicity-v1-c02,consolidation,M_simple,flexible,SM,simplicity-v1-c02-M_simple-flexible-SM#2,S,106,True,True
pair_joint_M_o1.0_s0,simplicity-v1-c02-M_simple-flexible-SM,simplicity-v1-c02,consolidation,M_simple,flexible,SM,simplicity-v1-c02-M_simple-flexible-SM#3,unknown,98,True,True
pair_joint_M_o1.0_s0,simplicity-v1-c02-M_simple-one_free-MS,simplicity-v1-c02,consolidation,M_simple,one_free,MS,simplicity-v1-c02-M_simple-one_free-MS#0,M,127,True,True
pair_joint_M_o1.0_s0,simplicity-v1-c02-M_simple-one_free-MS,simplicity-v1-c02,consolidation,M_simple,one_free,MS,simplicity-v1-c02-M_simple-one_free-MS#1,S,107,True,True
pair_joint_M_o1.0_s0,simplicity-v1-c02-M_simple-one_free-MS,simplicity-v1-c02,consolidation,M_simple,one_free,MS,simplicity-v1-c02-M_simple-one_free-MS#2,S,115,True,True
pair_joint_M_o1.0_s0,simplicity-v1-c02-M_simple-one_free-MS,simplicity-v1-c02,consolidation,M_simple,one_free,MS,simplicity-v1-c02-M_simple-one_free-MS#3,M,115,True,True
pair_joint_M_o1.0_s0,simplicity-v1-c02-M_simple-one_free-SM,simplicity-v1-c02,consolidation,M_simple,one_free,SM,simplicity-v1-c02-M_simple-one_free-SM#0,M,106,True,True
pair_joint_M_o1.0_s0,simplicity-v1-c02-M_simple-one_free-SM,simplicity-v1-c02,consolidation,M_simple,one_free,SM,simplicity-v1-c02-M_simple-one_free-SM#1,M,101,True,True
pair_joint_M_o1.0_s0,simplicity-v1-c02-M_simple-one_free-SM,simplicity-v1-c02,consolidation,M_simple,one_free,SM,simplicity-v1-c02-M_simple-one_free-SM#2,M,102,True,True
pair_joint_M_o1.0_s0,simplicity-v1-c02-M_simple-one_free-SM,simplicity-v1-c02,consolidation,M_simple,one_free,SM,simplicity-v1-c02-M_simple-one_free-SM#3,S,132,True,True
pair_joint_M_o1.0_s0,simplicity-v1-c02-M_simple-one_brief-MS,simplicity-v1-c02,consolidation,M_simple,one_brief,MS,simplicity-v1-c02-M_simple-one_brief-MS#0,S,72,False,True
pair_joint_M_o1.0_s0,simplicity-v1-c02-M_simple-one_brief-MS,simplicity-v1-c02,consolidation,M_simple,one_brief,MS,simplicity-v1-c02-M_simple-one_brief-MS#1,M,34,False,True
pair_joint_M_o1.0_s0,simplicity-v1-c02-M_simple-one_brief-MS,simplicity-v1-c02,consolidation,M_simple,one_brief,MS,simplicity-v1-c02-M_simple-one_brief-MS#2,M,17,True,True
pair_joint_M_o1.0_s0,simplicity-v1-c02-M_simple-one_brief-MS,simplicity-v1-c02,consolidation,M_simple,one_brief,MS,simplicity-v1-c02-M_simple-one_brief-MS#3,M,12,True,True
pair_joint_M_o1.0_s0,simplicity-v1-c02-M_simple-one_brief-SM,simplicity-v1-c02,consolidation,M_simple,one_brief,SM,simplicity-v1-c02-M_simple-one_brief-SM#0,S,15,True,True
pair_joint_M_o1.0_s0,simplicity-v1-c02-M_simple-one_brief-SM,simplicity-v1-c02,consolidation,M_simple,one_brief,SM,simplicity-v1-c02-M_simple-one_brief-SM#1,S,24,True,True
pair_joint_M_o1.0_s0,simplicity-v1-c02-M_simple-one_brief-SM,simplicity-v1-c02,consolidation,M_simple,one_brief,SM,simplicity-v1-c02-M_simple-one_brief-SM#2,S,26,False,True
pair_joint_M_o1.0_s0,simplicity-v1-c02-M_simple-one_brief-SM,simplicity-v1-c02,consolidation,M_simple,one_brief,SM,simplicity-v1-c02-M_simple-one_brief-SM#3,S,19,True,True
pair_joint_M_o1.0_s0,simplicity-v1-c02-M_simple-one_detailed-MS,simplicity-v1-c02,consolidation,M_simple,one_detailed,MS,simplicity-v1-c02-M_simple-one_detailed-MS#0,S,136,True,True
pair_joint_M_o1.0_s0,simplicity-v1-c02-M_simple-one_detailed-MS,simplicity-v1-c02,consolidation,M_simple,one_detailed,MS,simplicity-v1-c02-M_simple-one_detailed-MS#1,M,110,False,True
pair_joint_M_o1.0_s0,simplicity-v1-c02-M_simple-one_detailed-MS,simplicity-v1-c02,consolidation,M_simple,one_detailed,MS,simplicity-v1-c02-M_simple-one_detailed-MS#2,M,88,False,True
pair_joint_M_o1.0_s0,simplicity-v1-c02-M_simple-one_detailed-MS,simplicity-v1-c02,consolidation,M_simple,one_detailed,MS,simplicity-v1-c02-M_simple-one_detailed-MS#3,S,126,True,True
pair_joint_M_o1.0_s0,simplicity-v1-c02-M_simple-one_detailed-SM,simplicity-v1-c02,consolidation,M_simple,one_detailed,SM,simplicity-v1-c02-M_simple-one_detailed-SM#0,M,98,False,True
pair_joint_M_o1.0_s0,simplicity-v1-c02-M_simple-one_detailed-SM,simplicity-v1-c02,consolidation,M_simple,one_detailed,SM,simplicity-v1-c02-M_simple-one_detailed-SM#1,S,114,False,True
pair_joint_M_o1.0_s0,simplicity-v1-c02-M_simple-one_detailed-SM,simplicity-v1-c02,consolidation,M_simple,one_detailed,SM,simplicity-v1-c02-M_simple-one_detailed-SM#2,S,156,True,True
pair_joint_M_o1.0_s0,simplicity-v1-c02-M_simple-one_detailed-SM,simplicity-v1-c02,consolidation,M_simple,one_detailed,SM,simplicity-v1-c02-M_simple-one_detailed-SM#3,M,95,False,True
pair_joint_M_o1.0_s0,simplicity-v1-c02-S_simple-flexible-MS,simplicity-v1-c02,consolidation,S_simple,flexible,MS,simplicity-v1-c02-S_simple-flexible-MS#0,unknown,87,True,True
pair_joint_M_o1.0_s0,simplicity-v1-c02-S_simple-flexible-MS,simplicity-v1-c02,consolidation,S_simple,flexible,MS,simplicity-v1-c02-S_simple-flexible-MS#1,S,109,True,True
pair_joint_M_o1.0_s0,simplicity-v1-c02-S_simple-flexible-MS,simplicity-v1-c02,consolidation,S_simple,flexible,MS,simplicity-v1-c02-S_simple-flexible-MS#2,S,111,True,True
pair_joint_M_o1.0_s0,simplicity-v1-c02-S_simple-flexible-MS,simplicity-v1-c02,consolidation,S_simple,flexible,MS,simplicity-v1-c02-S_simple-flexible-MS#3,S,113,True,True
pair_joint_M_o1.0_s0,simplicity-v1-c02-S_simple-flexible-SM,simplicity-v1-c02,consolidation,S_simple,flexible,SM,simplicity-v1-c02-S_simple-flexible-SM#0,S,97,True,True
pair_joint_M_o1.0_s0,simplicity-v1-c02-S_simple-flexible-SM,simplicity-v1-c02,consolidation,S_simple,flexible,SM,simplicity-v1-c02-S_simple-flexible-SM#1,S,81,True,True
pair_joint_M_o1.0_s0,simplicity-v1-c02-S_simple-flexible-SM,simplicity-v1-c02,consolidation,S_simple,flexible,SM,simplicity-v1-c02-S_simple-flexible-SM#2,S,92,True,True
pair_joint_M_o1.0_s0,simplicity-v1-c02-S_simple-flexible-SM,simplicity-v1-c02,consolidation,S_simple,flexible,SM,simplicity-v1-c02-S_simple-flexible-SM#3,S,96,True,True
pair_joint_M_o1.0_s0,simplicity-v1-c02-S_simple-one_free-MS,simplicity-v1-c02,consolidation,S_simple,one_free,MS,simplicity-v1-c02-S_simple-one_free-MS#0,S,113,True,True
pair_joint_M_o1.0_s0,simplicity-v1-c02-S_simple-one_free-MS,simplicity-v1-c02,consolidation,S_simple,one_free,MS,simplicity-v1-c02-S_simple-one_free-MS#1,S,114,True,True
pair_joint_M_o1.0_s0,simplicity-v1-c02-S_simple-one_free-MS,simplicity-v1-c02,consolidation,S_simple,one_free,MS,simplicity-v1-c02-S_simple-one_free-MS#2,S,114,True,True
pair_joint_M_o1.0_s0,simplicity-v1-c02-S_simple-one_free-MS,simplicity-v1-c02,consolidation,S_simple,one_free,MS,simplicity-v1-c02-S_simple-one_free-MS#3,S,127,True,True
pair_joint_M_o1.0_s0,simplicity-v1-c02-S_simple-one_free-SM,simplicity-v1-c02,consolidation,S_simple,one_free,SM,simplicity-v1-c02-S_simple-one_free-SM#0,S,66,True,True
pair_joint_M_o1.0_s0,simplicity-v1-c02-S_simple-one_free-SM,simplicity-v1-c02,consolidation,S_simple,one_free,SM,simplicity-v1-c02-S_simple-one_free-SM#1,S,112,True,True
pair_joint_M_o1.0_s0,simplicity-v1-c02-S_simple-one_free-SM,simplicity-v1-c02,consolidation,S_simple,one_free,SM,simplicity-v1-c02-S_simple-one_free-SM#2,S,101,True,True
pair_joint_M_o1.0_s0,simplicity-v1-c02-S_simple-one_free-SM,simplicity-v1-c02,consolidation,S_simple,one_free,SM,simplicity-v1-c02-S_simple-one_free-SM#3,S,107,True,True
pair_joint_M_o1.0_s0,simplicity-v1-c02-S_simple-one_brief-MS,simplicity-v1-c02,consolidation,S_simple,one_brief,MS,simplicity-v1-c02-S_simple-one_brief-MS#0,S,42,False,True
pair_joint_M_o1.0_s0,simplicity-v1-c02-S_simple-one_brief-MS,simplicity-v1-c02,consolidation,S_simple,one_brief,MS,simplicity-v1-c02-S_simple-one_brief-MS#1,S,27,False,True
pair_joint_M_o1.0_s0,simplicity-v1-c02-S_simple-one_brief-MS,simplicity-v1-c02,consolidation,S_simple,one_brief,MS,simplicity-v1-c02-S_simple-one_brief-MS#2,S,23,True,True
pair_joint_M_o1.0_s0,simplicity-v1-c02-S_simple-one_brief-MS,simplicity-v1-c02,consolidation,S_simple,one_brief,MS,simplicity-v1-c02-S_simple-one_brief-MS#3,S,37,False,True
pair_joint_M_o1.0_s0,simplicity-v1-c02-S_simple-one_brief-SM,simplicity-v1-c02,consolidation,S_simple,one_brief,SM,simplicity-v1-c02-S_simple-one_brief-SM#0,S,18,True,True
pair_joint_M_o1.0_s0,simplicity-v1-c02-S_simple-one_brief-SM,simplicity-v1-c02,consolidation,S_simple,one_brief,SM,simplicity-v1-c02-S_simple-one_brief-SM#1,S,20,True,True
pair_joint_M_o1.0_s0,simplicity-v1-c02-S_simple-one_brief-SM,simplicity-v1-c02,consolidation,S_simple,one_brief,SM,simplicity-v1-c02-S_simple-one_brief-SM#2,S,41,False,True
pair_joint_M_o1.0_s0,simplicity-v1-c02-S_simple-one_brief-SM,simplicity-v1-c02,consolidation,S_simple,one_brief,SM,simplicity-v1-c02-S_simple-one_brief-SM#3,S,46,False,True
pair_joint_M_o1.0_s0,simplicity-v1-c02-S_simple-one_detailed-MS,simplicity-v1-c02,consolidation,S_simple,one_detailed,MS,simplicity-v1-c02-S_simple-one_detailed-MS#0,S,138,True,True
pair_joint_M_o1.0_s0,simplicity-v1-c02-S_simple-one_detailed-MS,simplicity-v1-c02,consolidation,S_simple,one_detailed,MS,simplicity-v1-c02-S_simple-one_detailed-MS#1,S,129,True,True
pair_joint_M_o1.0_s0,simplicity-v1-c02-S_simple-one_detailed-MS,simplicity-v1-c02,consolidation,S_simple,one_detailed,MS,simplicity-v1-c02-S_simple-one_detailed-MS#2,S,158,True,True
pair_joint_M_o1.0_s0,simplicity-v1-c02-S_simple-one_detailed-MS,simplicity-v1-c02,consolidation,S_simple,one_detailed,MS,simplicity-v1-c02-S_simple-one_detailed-MS#3,S,178,False,True
pair_joint_M_o1.0_s0,simplicity-v1-c02-S_simple-one_detailed-SM,simplicity-v1-c02,consolidation,S_simple,one_detailed,SM,simplicity-v1-c02-S_simple-one_detailed-SM#0,S,126,True,True
pair_joint_M_o1.0_s0,simplicity-v1-c02-S_simple-one_detailed-SM,simplicity-v1-c02,consolidation,S_simple,one_detailed,SM,simplicity-v1-c02-S_simple-one_detailed-SM#1,S,73,False,True
pair_joint_M_o1.0_s0,simplicity-v1-c02-S_simple-one_detailed-SM,simplicity-v1-c02,consolidation,S_simple,one_detailed,SM,simplicity-v1-c02-S_simple-one_detailed-SM#2,S,109,False,True
pair_joint_M_o1.0_s0,simplicity-v1-c02-S_simple-one_detailed-SM,simplicity-v1-c02,consolidation,S_simple,one_detailed,SM,simplicity-v1-c02-S_simple-one_detailed-SM#3,S,111,False,True
pair_joint_M_o1.0_s0,simplicity-v1-c03-equal-flexible-MS,simplicity-v1-c03,consolidation,equal,flexible,MS,simplicity-v1-c03-equal-flexible-MS#0,neither,154,True,True
pair_joint_M_o1.0_s0,simplicity-v1-c03-equal-flexible-MS,simplicity-v1-c03,consolidation,equal,flexible,MS,simplicity-v1-c03-equal-flexible-MS#1,S,131,True,True
pair_joint_M_o1.0_s0,simplicity-v1-c03-equal-flexible-MS,simplicity-v1-c03,consolidation,equal,flexible,MS,simplicity-v1-c03-equal-flexible-MS#2,unknown,92,True,True
pair_joint_M_o1.0_s0,simplicity-v1-c03-equal-flexible-MS,simplicity-v1-c03,consolidation,equal,flexible,MS,simplicity-v1-c03-equal-flexible-MS#3,neither,131,True,True
pair_joint_M_o1.0_s0,simplicity-v1-c03-equal-flexible-SM,simplicity-v1-c03,consolidation,equal,flexible,SM,simplicity-v1-c03-equal-flexible-SM#0,S,124,True,True
pair_joint_M_o1.0_s0,simplicity-v1-c03-equal-flexible-SM,simplicity-v1-c03,consolidation,equal,flexible,SM,simplicity-v1-c03-equal-flexible-SM#1,S,131,True,True
pair_joint_M_o1.0_s0,simplicity-v1-c03-equal-flexible-SM,simplicity-v1-c03,consolidation,equal,flexible,SM,simplicity-v1-c03-equal-flexible-SM#2,S,131,True,True
pair_joint_M_o1.0_s0,simplicity-v1-c03-equal-flexible-SM,simplicity-v1-c03,consolidation,equal,flexible,SM,simplicity-v1-c03-equal-flexible-SM#3,S,110,True,True
pair_joint_M_o1.0_s0,simplicity-v1-c03-equal-one_free-MS,simplicity-v1-c03,consolidation,equal,one_free,MS,simplicity-v1-c03-equal-one_free-MS#0,S,147,True,True
pair_joint_M_o1.0_s0,simplicity-v1-c03-equal-one_free-MS,simplicity-v1-c03,consolidation,equal,one_free,MS,simplicity-v1-c03-equal-one_free-MS#1,S,114,True,True
pair_joint_M_o1.0_s0,simplicity-v1-c03-equal-one_free-MS,simplicity-v1-c03,consolidation,equal,one_free,MS,simplicity-v1-c03-equal-one_free-MS#2,S,104,True,True
pair_joint_M_o1.0_s0,simplicity-v1-c03-equal-one_free-MS,simplicity-v1-c03,consolidation,equal,one_free,MS,simplicity-v1-c03-equal-one_free-MS#3,S,107,True,True
pair_joint_M_o1.0_s0,simplicity-v1-c03-equal-one_free-SM,simplicity-v1-c03,consolidation,equal,one_free,SM,simplicity-v1-c03-equal-one_free-SM#0,S,108,True,True
pair_joint_M_o1.0_s0,simplicity-v1-c03-equal-one_free-SM,simplicity-v1-c03,consolidation,equal,one_free,SM,simplicity-v1-c03-equal-one_free-SM#1,S,68,True,True
pair_joint_M_o1.0_s0,simplicity-v1-c03-equal-one_free-SM,simplicity-v1-c03,consolidation,equal,one_free,SM,simplicity-v1-c03-equal-one_free-SM#2,S,83,True,True
pair_joint_M_o1.0_s0,simplicity-v1-c03-equal-one_free-SM,simplicity-v1-c03,consolidation,equal,one_free,SM,simplicity-v1-c03-equal-one_free-SM#3,S,158,True,True
pair_joint_M_o1.0_s0,simplicity-v1-c03-equal-one_brief-MS,simplicity-v1-c03,consolidation,equal,one_brief,MS,simplicity-v1-c03-equal-one_brief-MS#0,S,21,True,True
pair_joint_M_o1.0_s0,simplicity-v1-c03-equal-one_brief-MS,simplicity-v1-c03,consolidation,equal,one_brief,MS,simplicity-v1-c03-equal-one_brief-MS#1,S,37,False,True
pair_joint_M_o1.0_s0,simplicity-v1-c03-equal-one_brief-MS,simplicity-v1-c03,consolidation,equal,one_brief,MS,simplicity-v1-c03-equal-one_brief-MS#2,S,27,False,True
pair_joint_M_o1.0_s0,simplicity-v1-c03-equal-one_brief-MS,simplicity-v1-c03,consolidation,equal,one_brief,MS,simplicity-v1-c03-equal-one_brief-MS#3,S,20,True,True
pair_joint_M_o1.0_s0,simplicity-v1-c03-equal-one_brief-SM,simplicity-v1-c03,consolidation,equal,one_brief,SM,simplicity-v1-c03-equal-one_brief-SM#0,S,28,False,True
pair_joint_M_o1.0_s0,simplicity-v1-c03-equal-one_brief-SM,simplicity-v1-c03,consolidation,equal,one_brief,SM,simplicity-v1-c03-equal-one_brief-SM#1,S,22,True,True
pair_joint_M_o1.0_s0,simplicity-v1-c03-equal-one_brief-SM,simplicity-v1-c03,consolidation,equal,one_brief,SM,simplicity-v1-c03-equal-one_brief-SM#2,S,21,True,True
pair_joint_M_o1.0_s0,simplicity-v1-c03-equal-one_brief-SM,simplicity-v1-c03,consolidation,equal,one_brief,SM,simplicity-v1-c03-equal-one_brief-SM#3,S,40,False,True
pair_joint_M_o1.0_s0,simplicity-v1-c03-equal-one_detailed-MS,simplicity-v1-c03,consolidation,equal,one_detailed,MS,simplicity-v1-c03-equal-one_detailed-MS#0,M,189,False,True
pair_joint_M_o1.0_s0,simplicity-v1-c03-equal-one_detailed-MS,simplicity-v1-c03,consolidation,equal,one_detailed,MS,simplicity-v1-c03-equal-one_detailed-MS#1,M,143,True,True
pair_joint_M_o1.0_s0,simplicity-v1-c03-equal-one_detailed-MS,simplicity-v1-c03,consolidation,equal,one_detailed,MS,simplicity-v1-c03-equal-one_detailed-MS#2,S,158,True,True
pair_joint_M_o1.0_s0,simplicity-v1-c03-equal-one_detailed-MS,simplicity-v1-c03,consolidation,equal,one_detailed,MS,simplicity-v1-c03-equal-one_detailed-MS#3,S,135,True,True
pair_joint_M_o1.0_s0,simplicity-v1-c03-equal-one_detailed-SM,simplicity-v1-c03,consolidation,equal,one_detailed,SM,simplicity-v1-c03-equal-one_detailed-SM#0,S,108,False,True
pair_joint_M_o1.0_s0,simplicity-v1-c03-equal-one_detailed-SM,simplicity-v1-c03,consolidation,equal,one_detailed,SM,simplicity-v1-c03-equal-one_detailed-SM#1,S,139,True,True
pair_joint_M_o1.0_s0,simplicity-v1-c03-equal-one_detailed-SM,simplicity-v1-c03,consolidation,equal,one_detailed,SM,simplicity-v1-c03-equal-one_detailed-SM#2,S,127,True,True
pair_joint_M_o1.0_s0,simplicity-v1-c03-equal-one_detailed-SM,simplicity-v1-c03,consolidation,equal,one_detailed,SM,simplicity-v1-c03-equal-one_detailed-SM#3,S,136,True,True
pair_joint_M_o1.0_s0,simplicity-v1-c03-M_simple-flexible-MS,simplicity-v1-c03,consolidation,M_simple,flexible,MS,simplicity-v1-c03-M_simple-flexible-MS#0,S,148,True,True
pair_joint_M_o1.0_s0,simplicity-v1-c03-M_simple-flexible-MS,simplicity-v1-c03,consolidation,M_simple,flexible,MS,simplicity-v1-c03-M_simple-flexible-MS#1,S,140,True,True
pair_joint_M_o1.0_s0,simplicity-v1-c03-M_simple-flexible-MS,simplicity-v1-c03,consolidation,M_simple,flexible,MS,simplicity-v1-c03-M_simple-flexible-MS#2,S,123,True,True
pair_joint_M_o1.0_s0,simplicity-v1-c03-M_simple-flexible-MS,simplicity-v1-c03,consolidation,M_simple,flexible,MS,simplicity-v1-c03-M_simple-flexible-MS#3,S,105,True,True
pair_joint_M_o1.0_s0,simplicity-v1-c03-M_simple-flexible-SM,simplicity-v1-c03,consolidation,M_simple,flexible,SM,simplicity-v1-c03-M_simple-flexible-SM#0,S,117,True,True
pair_joint_M_o1.0_s0,simplicity-v1-c03-M_simple-flexible-SM,simplicity-v1-c03,consolidation,M_simple,flexible,SM,simplicity-v1-c03-M_simple-flexible-SM#1,S,93,True,True
pair_joint_M_o1.0_s0,simplicity-v1-c03-M_simple-flexible-SM,simplicity-v1-c03,consolidation,M_simple,flexible,SM,simplicity-v1-c03-M_simple-flexible-SM#2,S,100,True,True
pair_joint_M_o1.0_s0,simplicity-v1-c03-M_simple-flexible-SM,simplicity-v1-c03,consolidation,M_simple,flexible,SM,simplicity-v1-c03-M_simple-flexible-SM#3,S,93,True,True
pair_joint_M_o1.0_s0,simplicity-v1-c03-M_simple-one_free-MS,simplicity-v1-c03,consolidation,M_simple,one_free,MS,simplicity-v1-c03-M_simple-one_free-MS#0,S,106,True,True
pair_joint_M_o1.0_s0,simplicity-v1-c03-M_simple-one_free-MS,simplicity-v1-c03,consolidation,M_simple,one_free,MS,simplicity-v1-c03-M_simple-one_free-MS#1,M,93,True,True
pair_joint_M_o1.0_s0,simplicity-v1-c03-M_simple-one_free-MS,simplicity-v1-c03,consolidation,M_simple,one_free,MS,simplicity-v1-c03-M_simple-one_free-MS#2,M,114,True,True
pair_joint_M_o1.0_s0,simplicity-v1-c03-M_simple-one_free-MS,simplicity-v1-c03,consolidation,M_simple,one_free,MS,simplicity-v1-c03-M_simple-one_free-MS#3,M,82,True,True
pair_joint_M_o1.0_s0,simplicity-v1-c03-M_simple-one_free-SM,simplicity-v1-c03,consolidation,M_simple,one_free,SM,simplicity-v1-c03-M_simple-one_free-SM#0,S,129,True,True
pair_joint_M_o1.0_s0,simplicity-v1-c03-M_simple-one_free-SM,simplicity-v1-c03,consolidation,M_simple,one_free,SM,simplicity-v1-c03-M_simple-one_free-SM#1,S,100,True,True
pair_joint_M_o1.0_s0,simplicity-v1-c03-M_simple-one_free-SM,simplicity-v1-c03,consolidation,M_simple,one_free,SM,simplicity-v1-c03-M_simple-one_free-SM#2,S,114,True,True
pair_joint_M_o1.0_s0,simplicity-v1-c03-M_simple-one_free-SM,simplicity-v1-c03,consolidation,M_simple,one_free,SM,simplicity-v1-c03-M_simple-one_free-SM#3,M,148,True,True
pair_joint_M_o1.0_s0,simplicity-v1-c03-M_simple-one_brief-MS,simplicity-v1-c03,consolidation,M_simple,one_brief,MS,simplicity-v1-c03-M_simple-one_brief-MS#0,S,27,False,True
pair_joint_M_o1.0_s0,simplicity-v1-c03-M_simple-one_brief-MS,simplicity-v1-c03,consolidation,M_simple,one_brief,MS,simplicity-v1-c03-M_simple-one_brief-MS#1,S,19,True,True
pair_joint_M_o1.0_s0,simplicity-v1-c03-M_simple-one_brief-MS,simplicity-v1-c03,consolidation,M_simple,one_brief,MS,simplicity-v1-c03-M_simple-one_brief-MS#2,S,24,True,True
pair_joint_M_o1.0_s0,simplicity-v1-c03-M_simple-one_brief-MS,simplicity-v1-c03,consolidation,M_simple,one_brief,MS,simplicity-v1-c03-M_simple-one_brief-MS#3,M,15,True,True
pair_joint_M_o1.0_s0,simplicity-v1-c03-M_simple-one_brief-SM,simplicity-v1-c03,consolidation,M_simple,one_brief,SM,simplicity-v1-c03-M_simple-one_brief-SM#0,S,65,False,True
pair_joint_M_o1.0_s0,simplicity-v1-c03-M_simple-one_brief-SM,simplicity-v1-c03,consolidation,M_simple,one_brief,SM,simplicity-v1-c03-M_simple-one_brief-SM#1,S,18,True,True
pair_joint_M_o1.0_s0,simplicity-v1-c03-M_simple-one_brief-SM,simplicity-v1-c03,consolidation,M_simple,one_brief,SM,simplicity-v1-c03-M_simple-one_brief-SM#2,S,23,True,True
pair_joint_M_o1.0_s0,simplicity-v1-c03-M_simple-one_brief-SM,simplicity-v1-c03,consolidation,M_simple,one_brief,SM,simplicity-v1-c03-M_simple-one_brief-SM#3,S,29,False,True
pair_joint_M_o1.0_s0,simplicity-v1-c03-M_simple-one_detailed-MS,simplicity-v1-c03,consolidation,M_simple,one_detailed,MS,simplicity-v1-c03-M_simple-one_detailed-MS#0,M,173,False,True
pair_joint_M_o1.0_s0,simplicity-v1-c03-M_simple-one_detailed-MS,simplicity-v1-c03,consolidation,M_simple,one_detailed,MS,simplicity-v1-c03-M_simple-one_detailed-MS#1,S,175,False,True
pair_joint_M_o1.0_s0,simplicity-v1-c03-M_simple-one_detailed-MS,simplicity-v1-c03,consolidation,M_simple,one_detailed,MS,simplicity-v1-c03-M_simple-one_detailed-MS#2,S,130,True,True
pair_joint_M_o1.0_s0,simplicity-v1-c03-M_simple-one_detailed-MS,simplicity-v1-c03,consolidation,M_simple,one_detailed,MS,simplicity-v1-c03-M_simple-one_detailed-MS#3,S,237,False,True
pair_joint_M_o1.0_s0,simplicity-v1-c03-M_simple-one_detailed-SM,simplicity-v1-c03,consolidation,M_simple,one_detailed,SM,simplicity-v1-c03-M_simple-one_detailed-SM#0,S,87,False,True
pair_joint_M_o1.0_s0,simplicity-v1-c03-M_simple-one_detailed-SM,simplicity-v1-c03,consolidation,M_simple,one_detailed,SM,simplicity-v1-c03-M_simple-one_detailed-SM#1,S,161,False,True
pair_joint_M_o1.0_s0,simplicity-v1-c03-M_simple-one_detailed-SM,simplicity-v1-c03,consolidation,M_simple,one_detailed,SM,simplicity-v1-c03-M_simple-one_detailed-SM#2,S,89,False,True
pair_joint_M_o1.0_s0,simplicity-v1-c03-M_simple-one_detailed-SM,simplicity-v1-c03,consolidation,M_simple,one_detailed,SM,simplicity-v1-c03-M_simple-one_detailed-SM#3,S,90,False,True
pair_joint_M_o1.0_s0,simplicity-v1-c03-S_simple-flexible-MS,simplicity-v1-c03,consolidation,S_simple,flexible,MS,simplicity-v1-c03-S_simple-flexible-MS#0,S,123,True,True
pair_joint_M_o1.0_s0,simplicity-v1-c03-S_simple-flexible-MS,simplicity-v1-c03,consolidation,S_simple,flexible,MS,simplicity-v1-c03-S_simple-flexible-MS#1,S,85,True,True
pair_joint_M_o1.0_s0,simplicity-v1-c03-S_simple-flexible-MS,simplicity-v1-c03,consolidation,S_simple,flexible,MS,simplicity-v1-c03-S_simple-flexible-MS#2,S,146,True,True
pair_joint_M_o1.0_s0,simplicity-v1-c03-S_simple-flexible-MS,simplicity-v1-c03,consolidation,S_simple,flexible,MS,simplicity-v1-c03-S_simple-flexible-MS#3,S,158,True,True
pair_joint_M_o1.0_s0,simplicity-v1-c03-S_simple-flexible-SM,simplicity-v1-c03,consolidation,S_simple,flexible,SM,simplicity-v1-c03-S_simple-flexible-SM#0,S,93,True,True
pair_joint_M_o1.0_s0,simplicity-v1-c03-S_simple-flexible-SM,simplicity-v1-c03,consolidation,S_simple,flexible,SM,simplicity-v1-c03-S_simple-flexible-SM#1,S,107,True,True
pair_joint_M_o1.0_s0,simplicity-v1-c03-S_simple-flexible-SM,simplicity-v1-c03,consolidation,S_simple,flexible,SM,simplicity-v1-c03-S_simple-flexible-SM#2,S,134,True,True
pair_joint_M_o1.0_s0,simplicity-v1-c03-S_simple-flexible-SM,simplicity-v1-c03,consolidation,S_simple,flexible,SM,simplicity-v1-c03-S_simple-flexible-SM#3,S,69,True,True
pair_joint_M_o1.0_s0,simplicity-v1-c03-S_simple-one_free-MS,simplicity-v1-c03,consolidation,S_simple,one_free,MS,simplicity-v1-c03-S_simple-one_free-MS#0,S,96,True,True
pair_joint_M_o1.0_s0,simplicity-v1-c03-S_simple-one_free-MS,simplicity-v1-c03,consolidation,S_simple,one_free,MS,simplicity-v1-c03-S_simple-one_free-MS#1,S,97,True,True
pair_joint_M_o1.0_s0,simplicity-v1-c03-S_simple-one_free-MS,simplicity-v1-c03,consolidation,S_simple,one_free,MS,simplicity-v1-c03-S_simple-one_free-MS#2,S,75,True,True
pair_joint_M_o1.0_s0,simplicity-v1-c03-S_simple-one_free-MS,simplicity-v1-c03,consolidation,S_simple,one_free,MS,simplicity-v1-c03-S_simple-one_free-MS#3,S,114,True,True
pair_joint_M_o1.0_s0,simplicity-v1-c03-S_simple-one_free-SM,simplicity-v1-c03,consolidation,S_simple,one_free,SM,simplicity-v1-c03-S_simple-one_free-SM#0,S,113,True,True
pair_joint_M_o1.0_s0,simplicity-v1-c03-S_simple-one_free-SM,simplicity-v1-c03,consolidation,S_simple,one_free,SM,simplicity-v1-c03-S_simple-one_free-SM#1,S,118,True,True
pair_joint_M_o1.0_s0,simplicity-v1-c03-S_simple-one_free-SM,simplicity-v1-c03,consolidation,S_simple,one_free,SM,simplicity-v1-c03-S_simple-one_free-SM#2,S,96,True,True
pair_joint_M_o1.0_s0,simplicity-v1-c03-S_simple-one_free-SM,simplicity-v1-c03,consolidation,S_simple,one_free,SM,simplicity-v1-c03-S_simple-one_free-SM#3,S,109,True,True
pair_joint_M_o1.0_s0,simplicity-v1-c03-S_simple-one_brief-MS,simplicity-v1-c03,consolidation,S_simple,one_brief,MS,simplicity-v1-c03-S_simple-one_brief-MS#0,S,22,True,True
pair_joint_M_o1.0_s0,simplicity-v1-c03-S_simple-one_brief-MS,simplicity-v1-c03,consolidation,S_simple,one_brief,MS,simplicity-v1-c03-S_simple-one_brief-MS#1,S,17,True,True
pair_joint_M_o1.0_s0,simplicity-v1-c03-S_simple-one_brief-MS,simplicity-v1-c03,consolidation,S_simple,one_brief,MS,simplicity-v1-c03-S_simple-one_brief-MS#2,S,13,True,True
pair_joint_M_o1.0_s0,simplicity-v1-c03-S_simple-one_brief-MS,simplicity-v1-c03,consolidation,S_simple,one_brief,MS,simplicity-v1-c03-S_simple-one_brief-MS#3,S,13,True,True
pair_joint_M_o1.0_s0,simplicity-v1-c03-S_simple-one_brief-SM,simplicity-v1-c03,consolidation,S_simple,one_brief,SM,simplicity-v1-c03-S_simple-one_brief-SM#0,S,12,True,True
pair_joint_M_o1.0_s0,simplicity-v1-c03-S_simple-one_brief-SM,simplicity-v1-c03,consolidation,S_simple,one_brief,SM,simplicity-v1-c03-S_simple-one_brief-SM#1,S,22,True,True
pair_joint_M_o1.0_s0,simplicity-v1-c03-S_simple-one_brief-SM,simplicity-v1-c03,consolidation,S_simple,one_brief,SM,simplicity-v1-c03-S_simple-one_brief-SM#2,S,27,False,True
pair_joint_M_o1.0_s0,simplicity-v1-c03-S_simple-one_brief-SM,simplicity-v1-c03,consolidation,S_simple,one_brief,SM,simplicity-v1-c03-S_simple-one_brief-SM#3,S,13,True,True
pair_joint_M_o1.0_s0,simplicity-v1-c03-S_simple-one_detailed-MS,simplicity-v1-c03,consolidation,S_simple,one_detailed,MS,simplicity-v1-c03-S_simple-one_detailed-MS#0,S,91,False,True
pair_joint_M_o1.0_s0,simplicity-v1-c03-S_simple-one_detailed-MS,simplicity-v1-c03,consolidation,S_simple,one_detailed,MS,simplicity-v1-c03-S_simple-one_detailed-MS#1,S,192,False,True
pair_joint_M_o1.0_s0,simplicity-v1-c03-S_simple-one_detailed-MS,simplicity-v1-c03,consolidation,S_simple,one_detailed,MS,simplicity-v1-c03-S_simple-one_detailed-MS#2,S,104,False,True
pair_joint_M_o1.0_s0,simplicity-v1-c03-S_simple-one_detailed-MS,simplicity-v1-c03,consolidation,S_simple,one_detailed,MS,simplicity-v1-c03-S_simple-one_detailed-MS#3,S,138,True,True
pair_joint_M_o1.0_s0,simplicity-v1-c03-S_simple-one_detailed-SM,simplicity-v1-c03,consolidation,S_simple,one_detailed,SM,simplicity-v1-c03-S_simple-one_detailed-SM#0,S,137,True,True
pair_joint_M_o1.0_s0,simplicity-v1-c03-S_simple-one_detailed-SM,simplicity-v1-c03,consolidation,S_simple,one_detailed,SM,simplicity-v1-c03-S_simple-one_detailed-SM#1,S,148,True,True
pair_joint_M_o1.0_s0,simplicity-v1-c03-S_simple-one_detailed-SM,simplicity-v1-c03,consolidation,S_simple,one_detailed,SM,simplicity-v1-c03-S_simple-one_detailed-SM#2,S,117,False,True
pair_joint_M_o1.0_s0,simplicity-v1-c03-S_simple-one_detailed-SM,simplicity-v1-c03,consolidation,S_simple,one_detailed,SM,simplicity-v1-c03-S_simple-one_detailed-SM#3,S,66,False,True
pair_joint_M_o1.0_s0,simplicity-v1-s01-equal-flexible-MS,simplicity-v1-s01,specialization,equal,flexible,MS,simplicity-v1-s01-equal-flexible-MS#0,unknown,0,True,True
pair_joint_M_o1.0_s0,simplicity-v1-s01-equal-flexible-MS,simplicity-v1-s01,specialization,equal,flexible,MS,simplicity-v1-s01-equal-flexible-MS#1,S,125,True,True
pair_joint_M_o1.0_s0,simplicity-v1-s01-equal-flexible-MS,simplicity-v1-s01,specialization,equal,flexible,MS,simplicity-v1-s01-equal-flexible-MS#2,S,80,True,True
pair_joint_M_o1.0_s0,simplicity-v1-s01-equal-flexible-MS,simplicity-v1-s01,specialization,equal,flexible,MS,simplicity-v1-s01-equal-flexible-MS#3,S,113,True,True
pair_joint_M_o1.0_s0,simplicity-v1-s01-equal-flexible-SM,simplicity-v1-s01,specialization,equal,flexible,SM,simplicity-v1-s01-equal-flexible-SM#0,S,95,True,True
pair_joint_M_o1.0_s0,simplicity-v1-s01-equal-flexible-SM,simplicity-v1-s01,specialization,equal,flexible,SM,simplicity-v1-s01-equal-flexible-SM#1,S,80,True,True
pair_joint_M_o1.0_s0,simplicity-v1-s01-equal-flexible-SM,simplicity-v1-s01,specialization,equal,flexible,SM,simplicity-v1-s01-equal-flexible-SM#2,S,117,True,True
pair_joint_M_o1.0_s0,simplicity-v1-s01-equal-flexible-SM,simplicity-v1-s01,specialization,equal,flexible,SM,simplicity-v1-s01-equal-flexible-SM#3,S,151,True,True
pair_joint_M_o1.0_s0,simplicity-v1-s01-equal-one_free-MS,simplicity-v1-s01,specialization,equal,one_free,MS,simplicity-v1-s01-equal-one_free-MS#0,S,103,True,True
pair_joint_M_o1.0_s0,simplicity-v1-s01-equal-one_free-MS,simplicity-v1-s01,specialization,equal,one_free,MS,simplicity-v1-s01-equal-one_free-MS#1,M,99,True,True
pair_joint_M_o1.0_s0,simplicity-v1-s01-equal-one_free-MS,simplicity-v1-s01,specialization,equal,one_free,MS,simplicity-v1-s01-equal-one_free-MS#2,S,115,True,True
pair_joint_M_o1.0_s0,simplicity-v1-s01-equal-one_free-MS,simplicity-v1-s01,specialization,equal,one_free,MS,simplicity-v1-s01-equal-one_free-MS#3,M,68,True,True
pair_joint_M_o1.0_s0,simplicity-v1-s01-equal-one_free-SM,simplicity-v1-s01,specialization,equal,one_free,SM,simplicity-v1-s01-equal-one_free-SM#0,S,109,True,True
pair_joint_M_o1.0_s0,simplicity-v1-s01-equal-one_free-SM,simplicity-v1-s01,specialization,equal,one_free,SM,simplicity-v1-s01-equal-one_free-SM#1,S,83,True,True
pair_joint_M_o1.0_s0,simplicity-v1-s01-equal-one_free-SM,simplicity-v1-s01,specialization,equal,one_free,SM,simplicity-v1-s01-equal-one_free-SM#2,S,91,True,True
pair_joint_M_o1.0_s0,simplicity-v1-s01-equal-one_free-SM,simplicity-v1-s01,specialization,equal,one_free,SM,simplicity-v1-s01-equal-one_free-SM#3,S,108,True,True
pair_joint_M_o1.0_s0,simplicity-v1-s01-equal-one_brief-MS,simplicity-v1-s01,specialization,equal,one_brief,MS,simplicity-v1-s01-equal-one_brief-MS#0,S,19,True,True
pair_joint_M_o1.0_s0,simplicity-v1-s01-equal-one_brief-MS,simplicity-v1-s01,specialization,equal,one_brief,MS,simplicity-v1-s01-equal-one_brief-MS#1,S,31,False,True
pair_joint_M_o1.0_s0,simplicity-v1-s01-equal-one_brief-MS,simplicity-v1-s01,specialization,equal,one_brief,MS,simplicity-v1-s01-equal-one_brief-MS#2,S,73,False,True
pair_joint_M_o1.0_s0,simplicity-v1-s01-equal-one_brief-MS,simplicity-v1-s01,specialization,equal,one_brief,MS,simplicity-v1-s01-equal-one_brief-MS#3,M,47,False,True
pair_joint_M_o1.0_s0,simplicity-v1-s01-equal-one_brief-SM,simplicity-v1-s01,specialization,equal,one_brief,SM,simplicity-v1-s01-equal-one_brief-SM#0,S,17,True,True
pair_joint_M_o1.0_s0,simplicity-v1-s01-equal-one_brief-SM,simplicity-v1-s01,specialization,equal,one_brief,SM,simplicity-v1-s01-equal-one_brief-SM#1,S,32,False,True
pair_joint_M_o1.0_s0,simplicity-v1-s01-equal-one_brief-SM,simplicity-v1-s01,specialization,equal,one_brief,SM,simplicity-v1-s01-equal-one_brief-SM#2,S,25,True,True
pair_joint_M_o1.0_s0,simplicity-v1-s01-equal-one_brief-SM,simplicity-v1-s01,specialization,equal,one_brief,SM,simplicity-v1-s01-equal-one_brief-SM#3,S,66,False,True
pair_joint_M_o1.0_s0,simplicity-v1-s01-equal-one_detailed-MS,simplicity-v1-s01,specialization,equal,one_detailed,MS,simplicity-v1-s01-equal-one_detailed-MS#0,S,181,False,True
pair_joint_M_o1.0_s0,simplicity-v1-s01-equal-one_detailed-MS,simplicity-v1-s01,specialization,equal,one_detailed,MS,simplicity-v1-s01-equal-one_detailed-MS#1,S,122,True,True
pair_joint_M_o1.0_s0,simplicity-v1-s01-equal-one_detailed-MS,simplicity-v1-s01,specialization,equal,one_detailed,MS,simplicity-v1-s01-equal-one_detailed-MS#2,M,118,False,True
pair_joint_M_o1.0_s0,simplicity-v1-s01-equal-one_detailed-MS,simplicity-v1-s01,specialization,equal,one_detailed,MS,simplicity-v1-s01-equal-one_detailed-MS#3,S,127,True,True
pair_joint_M_o1.0_s0,simplicity-v1-s01-equal-one_detailed-SM,simplicity-v1-s01,specialization,equal,one_detailed,SM,simplicity-v1-s01-equal-one_detailed-SM#0,S,89,False,True
pair_joint_M_o1.0_s0,simplicity-v1-s01-equal-one_detailed-SM,simplicity-v1-s01,specialization,equal,one_detailed,SM,simplicity-v1-s01-equal-one_detailed-SM#1,S,93,False,True
pair_joint_M_o1.0_s0,simplicity-v1-s01-equal-one_detailed-SM,simplicity-v1-s01,specialization,equal,one_detailed,SM,simplicity-v1-s01-equal-one_detailed-SM#2,S,113,False,True
pair_joint_M_o1.0_s0,simplicity-v1-s01-equal-one_detailed-SM,simplicity-v1-s01,specialization,equal,one_detailed,SM,simplicity-v1-s01-equal-one_detailed-SM#3,S,113,False,True
pair_joint_M_o1.0_s0,simplicity-v1-s01-M_simple-flexible-MS,simplicity-v1-s01,specialization,M_simple,flexible,MS,simplicity-v1-s01-M_simple-flexible-MS#0,S,89,True,True
pair_joint_M_o1.0_s0,simplicity-v1-s01-M_simple-flexible-MS,simplicity-v1-s01,specialization,M_simple,flexible,MS,simplicity-v1-s01-M_simple-flexible-MS#1,S,92,True,True
pair_joint_M_o1.0_s0,simplicity-v1-s01-M_simple-flexible-MS,simplicity-v1-s01,specialization,M_simple,flexible,MS,simplicity-v1-s01-M_simple-flexible-MS#2,unknown,3,True,True
pair_joint_M_o1.0_s0,simplicity-v1-s01-M_simple-flexible-MS,simplicity-v1-s01,specialization,M_simple,flexible,MS,simplicity-v1-s01-M_simple-flexible-MS#3,S,110,True,True
pair_joint_M_o1.0_s0,simplicity-v1-s01-M_simple-flexible-SM,simplicity-v1-s01,specialization,M_simple,flexible,SM,simplicity-v1-s01-M_simple-flexible-SM#0,neither,115,True,True
pair_joint_M_o1.0_s0,simplicity-v1-s01-M_simple-flexible-SM,simplicity-v1-s01,specialization,M_simple,flexible,SM,simplicity-v1-s01-M_simple-flexible-SM#1,neither,108,True,True
pair_joint_M_o1.0_s0,simplicity-v1-s01-M_simple-flexible-SM,simplicity-v1-s01,specialization,M_simple,flexible,SM,simplicity-v1-s01-M_simple-flexible-SM#2,S,85,True,True
pair_joint_M_o1.0_s0,simplicity-v1-s01-M_simple-flexible-SM,simplicity-v1-s01,specialization,M_simple,flexible,SM,simplicity-v1-s01-M_simple-flexible-SM#3,S,107,True,True
pair_joint_M_o1.0_s0,simplicity-v1-s01-M_simple-one_free-MS,simplicity-v1-s01,specialization,M_simple,one_free,MS,simplicity-v1-s01-M_simple-one_free-MS#0,S,113,True,True
pair_joint_M_o1.0_s0,simplicity-v1-s01-M_simple-one_free-MS,simplicity-v1-s01,specialization,M_simple,one_free,MS,simplicity-v1-s01-M_simple-one_free-MS#1,S,92,True,True
pair_joint_M_o1.0_s0,simplicity-v1-s01-M_simple-one_free-MS,simplicity-v1-s01,specialization,M_simple,one_free,MS,simplicity-v1-s01-M_simple-one_free-MS#2,M,116,True,True
pair_joint_M_o1.0_s0,simplicity-v1-s01-M_simple-one_free-MS,simplicity-v1-s01,specialization,M_simple,one_free,MS,simplicity-v1-s01-M_simple-one_free-MS#3,S,122,True,True
pair_joint_M_o1.0_s0,simplicity-v1-s01-M_simple-one_free-SM,simplicity-v1-s01,specialization,M_simple,one_free,SM,simplicity-v1-s01-M_simple-one_free-SM#0,S,94,True,True
pair_joint_M_o1.0_s0,simplicity-v1-s01-M_simple-one_free-SM,simplicity-v1-s01,specialization,M_simple,one_free,SM,simplicity-v1-s01-M_simple-one_free-SM#1,S,131,True,True
pair_joint_M_o1.0_s0,simplicity-v1-s01-M_simple-one_free-SM,simplicity-v1-s01,specialization,M_simple,one_free,SM,simplicity-v1-s01-M_simple-one_free-SM#2,S,56,True,True
pair_joint_M_o1.0_s0,simplicity-v1-s01-M_simple-one_free-SM,simplicity-v1-s01,specialization,M_simple,one_free,SM,simplicity-v1-s01-M_simple-one_free-SM#3,S,103,True,True
pair_joint_M_o1.0_s0,simplicity-v1-s01-M_simple-one_brief-MS,simplicity-v1-s01,specialization,M_simple,one_brief,MS,simplicity-v1-s01-M_simple-one_brief-MS#0,M,24,True,True
pair_joint_M_o1.0_s0,simplicity-v1-s01-M_simple-one_brief-MS,simplicity-v1-s01,specialization,M_simple,one_brief,MS,simplicity-v1-s01-M_simple-one_brief-MS#1,S,61,False,True
pair_joint_M_o1.0_s0,simplicity-v1-s01-M_simple-one_brief-MS,simplicity-v1-s01,specialization,M_simple,one_brief,MS,simplicity-v1-s01-M_simple-one_brief-MS#2,M,37,False,True
pair_joint_M_o1.0_s0,simplicity-v1-s01-M_simple-one_brief-MS,simplicity-v1-s01,specialization,M_simple,one_brief,MS,simplicity-v1-s01-M_simple-one_brief-MS#3,M,19,True,True
pair_joint_M_o1.0_s0,simplicity-v1-s01-M_simple-one_brief-SM,simplicity-v1-s01,specialization,M_simple,one_brief,SM,simplicity-v1-s01-M_simple-one_brief-SM#0,S,43,False,True
pair_joint_M_o1.0_s0,simplicity-v1-s01-M_simple-one_brief-SM,simplicity-v1-s01,specialization,M_simple,one_brief,SM,simplicity-v1-s01-M_simple-one_brief-SM#1,S,34,False,True
pair_joint_M_o1.0_s0,simplicity-v1-s01-M_simple-one_brief-SM,simplicity-v1-s01,specialization,M_simple,one_brief,SM,simplicity-v1-s01-M_simple-one_brief-SM#2,S,63,False,True
pair_joint_M_o1.0_s0,simplicity-v1-s01-M_simple-one_brief-SM,simplicity-v1-s01,specialization,M_simple,one_brief,SM,simplicity-v1-s01-M_simple-one_brief-SM#3,S,30,False,True
pair_joint_M_o1.0_s0,simplicity-v1-s01-M_simple-one_detailed-MS,simplicity-v1-s01,specialization,M_simple,one_detailed,MS,simplicity-v1-s01-M_simple-one_detailed-MS#0,M,81,False,True
pair_joint_M_o1.0_s0,simplicity-v1-s01-M_simple-one_detailed-MS,simplicity-v1-s01,specialization,M_simple,one_detailed,MS,simplicity-v1-s01-M_simple-one_detailed-MS#1,S,133,True,True
pair_joint_M_o1.0_s0,simplicity-v1-s01-M_simple-one_detailed-MS,simplicity-v1-s01,specialization,M_simple,one_detailed,MS,simplicity-v1-s01-M_simple-one_detailed-MS#2,M,129,True,True
pair_joint_M_o1.0_s0,simplicity-v1-s01-M_simple-one_detailed-MS,simplicity-v1-s01,specialization,M_simple,one_detailed,MS,simplicity-v1-s01-M_simple-one_detailed-MS#3,S,116,False,True
pair_joint_M_o1.0_s0,simplicity-v1-s01-M_simple-one_detailed-SM,simplicity-v1-s01,specialization,M_simple,one_detailed,SM,simplicity-v1-s01-M_simple-one_detailed-SM#0,S,120,True,True
pair_joint_M_o1.0_s0,simplicity-v1-s01-M_simple-one_detailed-SM,simplicity-v1-s01,specialization,M_simple,one_detailed,SM,simplicity-v1-s01-M_simple-one_detailed-SM#1,S,109,False,True
pair_joint_M_o1.0_s0,simplicity-v1-s01-M_simple-one_detailed-SM,simplicity-v1-s01,specialization,M_simple,one_detailed,SM,simplicity-v1-s01-M_simple-one_detailed-SM#2,S,110,False,True
pair_joint_M_o1.0_s0,simplicity-v1-s01-M_simple-one_detailed-SM,simplicity-v1-s01,specialization,M_simple,one_detailed,SM,simplicity-v1-s01-M_simple-one_detailed-SM#3,S,102,False,True
pair_joint_M_o1.0_s0,simplicity-v1-s01-S_simple-flexible-MS,simplicity-v1-s01,specialization,S_simple,flexible,MS,simplicity-v1-s01-S_simple-flexible-MS#0,S,107,True,True
pair_joint_M_o1.0_s0,simplicity-v1-s01-S_simple-flexible-MS,simplicity-v1-s01,specialization,S_simple,flexible,MS,simplicity-v1-s01-S_simple-flexible-MS#1,S,96,True,True
pair_joint_M_o1.0_s0,simplicity-v1-s01-S_simple-flexible-MS,simplicity-v1-s01,specialization,S_simple,flexible,MS,simplicity-v1-s01-S_simple-flexible-MS#2,S,130,True,True
pair_joint_M_o1.0_s0,simplicity-v1-s01-S_simple-flexible-MS,simplicity-v1-s01,specialization,S_simple,flexible,MS,simplicity-v1-s01-S_simple-flexible-MS#3,S,104,True,True
pair_joint_M_o1.0_s0,simplicity-v1-s01-S_simple-flexible-SM,simplicity-v1-s01,specialization,S_simple,flexible,SM,simplicity-v1-s01-S_simple-flexible-SM#0,S,104,True,True
pair_joint_M_o1.0_s0,simplicity-v1-s01-S_simple-flexible-SM,simplicity-v1-s01,specialization,S_simple,flexible,SM,simplicity-v1-s01-S_simple-flexible-SM#1,S,110,True,True
pair_joint_M_o1.0_s0,simplicity-v1-s01-S_simple-flexible-SM,simplicity-v1-s01,specialization,S_simple,flexible,SM,simplicity-v1-s01-S_simple-flexible-SM#2,S,110,True,True
pair_joint_M_o1.0_s0,simplicity-v1-s01-S_simple-flexible-SM,simplicity-v1-s01,specialization,S_simple,flexible,SM,simplicity-v1-s01-S_simple-flexible-SM#3,S,112,True,True
pair_joint_M_o1.0_s0,simplicity-v1-s01-S_simple-one_free-MS,simplicity-v1-s01,specialization,S_simple,one_free,MS,simplicity-v1-s01-S_simple-one_free-MS#0,S,80,True,True
pair_joint_M_o1.0_s0,simplicity-v1-s01-S_simple-one_free-MS,simplicity-v1-s01,specialization,S_simple,one_free,MS,simplicity-v1-s01-S_simple-one_free-MS#1,M,117,True,True
pair_joint_M_o1.0_s0,simplicity-v1-s01-S_simple-one_free-MS,simplicity-v1-s01,specialization,S_simple,one_free,MS,simplicity-v1-s01-S_simple-one_free-MS#2,S,93,True,True
pair_joint_M_o1.0_s0,simplicity-v1-s01-S_simple-one_free-MS,simplicity-v1-s01,specialization,S_simple,one_free,MS,simplicity-v1-s01-S_simple-one_free-MS#3,S,121,True,True
pair_joint_M_o1.0_s0,simplicity-v1-s01-S_simple-one_free-SM,simplicity-v1-s01,specialization,S_simple,one_free,SM,simplicity-v1-s01-S_simple-one_free-SM#0,S,67,True,True
pair_joint_M_o1.0_s0,simplicity-v1-s01-S_simple-one_free-SM,simplicity-v1-s01,specialization,S_simple,one_free,SM,simplicity-v1-s01-S_simple-one_free-SM#1,S,102,True,True
pair_joint_M_o1.0_s0,simplicity-v1-s01-S_simple-one_free-SM,simplicity-v1-s01,specialization,S_simple,one_free,SM,simplicity-v1-s01-S_simple-one_free-SM#2,S,94,True,True
pair_joint_M_o1.0_s0,simplicity-v1-s01-S_simple-one_free-SM,simplicity-v1-s01,specialization,S_simple,one_free,SM,simplicity-v1-s01-S_simple-one_free-SM#3,S,92,True,True
pair_joint_M_o1.0_s0,simplicity-v1-s01-S_simple-one_brief-MS,simplicity-v1-s01,specialization,S_simple,one_brief,MS,simplicity-v1-s01-S_simple-one_brief-MS#0,S,11,True,True
pair_joint_M_o1.0_s0,simplicity-v1-s01-S_simple-one_brief-MS,simplicity-v1-s01,specialization,S_simple,one_brief,MS,simplicity-v1-s01-S_simple-one_brief-MS#1,S,19,True,True
pair_joint_M_o1.0_s0,simplicity-v1-s01-S_simple-one_brief-MS,simplicity-v1-s01,specialization,S_simple,one_brief,MS,simplicity-v1-s01-S_simple-one_brief-MS#2,S,48,False,True
pair_joint_M_o1.0_s0,simplicity-v1-s01-S_simple-one_brief-MS,simplicity-v1-s01,specialization,S_simple,one_brief,MS,simplicity-v1-s01-S_simple-one_brief-MS#3,S,48,False,True
pair_joint_M_o1.0_s0,simplicity-v1-s01-S_simple-one_brief-SM,simplicity-v1-s01,specialization,S_simple,one_brief,SM,simplicity-v1-s01-S_simple-one_brief-SM#0,S,15,True,True
pair_joint_M_o1.0_s0,simplicity-v1-s01-S_simple-one_brief-SM,simplicity-v1-s01,specialization,S_simple,one_brief,SM,simplicity-v1-s01-S_simple-one_brief-SM#1,S,31,False,True
pair_joint_M_o1.0_s0,simplicity-v1-s01-S_simple-one_brief-SM,simplicity-v1-s01,specialization,S_simple,one_brief,SM,simplicity-v1-s01-S_simple-one_brief-SM#2,S,31,False,True
pair_joint_M_o1.0_s0,simplicity-v1-s01-S_simple-one_brief-SM,simplicity-v1-s01,specialization,S_simple,one_brief,SM,simplicity-v1-s01-S_simple-one_brief-SM#3,S,24,True,True
pair_joint_M_o1.0_s0,simplicity-v1-s01-S_simple-one_detailed-MS,simplicity-v1-s01,specialization,S_simple,one_detailed,MS,simplicity-v1-s01-S_simple-one_detailed-MS#0,S,122,True,True
pair_joint_M_o1.0_s0,simplicity-v1-s01-S_simple-one_detailed-MS,simplicity-v1-s01,specialization,S_simple,one_detailed,MS,simplicity-v1-s01-S_simple-one_detailed-MS#1,S,98,False,True
pair_joint_M_o1.0_s0,simplicity-v1-s01-S_simple-one_detailed-MS,simplicity-v1-s01,specialization,S_simple,one_detailed,MS,simplicity-v1-s01-S_simple-one_detailed-MS#2,S,122,True,True
pair_joint_M_o1.0_s0,simplicity-v1-s01-S_simple-one_detailed-MS,simplicity-v1-s01,specialization,S_simple,one_detailed,MS,simplicity-v1-s01-S_simple-one_detailed-MS#3,S,154,True,True
pair_joint_M_o1.0_s0,simplicity-v1-s01-S_simple-one_detailed-SM,simplicity-v1-s01,specialization,S_simple,one_detailed,SM,simplicity-v1-s01-S_simple-one_detailed-SM#0,S,90,False,True
pair_joint_M_o1.0_s0,simplicity-v1-s01-S_simple-one_detailed-SM,simplicity-v1-s01,specialization,S_simple,one_detailed,SM,simplicity-v1-s01-S_simple-one_detailed-SM#1,S,155,True,True
pair_joint_M_o1.0_s0,simplicity-v1-s01-S_simple-one_detailed-SM,simplicity-v1-s01,specialization,S_simple,one_detailed,SM,simplicity-v1-s01-S_simple-one_detailed-SM#2,S,110,False,True
pair_joint_M_o1.0_s0,simplicity-v1-s01-S_simple-one_detailed-SM,simplicity-v1-s01,specialization,S_simple,one_detailed,SM,simplicity-v1-s01-S_simple-one_detailed-SM#3,S,102,False,True
pair_joint_M_o1.0_s0,simplicity-v1-s02-equal-flexible-MS,simplicity-v1-s02,specialization,equal,flexible,MS,simplicity-v1-s02-equal-flexible-MS#0,both,117,True,True
pair_joint_M_o1.0_s0,simplicity-v1-s02-equal-flexible-MS,simplicity-v1-s02,specialization,equal,flexible,MS,simplicity-v1-s02-equal-flexible-MS#1,S,125,True,True
pair_joint_M_o1.0_s0,simplicity-v1-s02-equal-flexible-MS,simplicity-v1-s02,specialization,equal,flexible,MS,simplicity-v1-s02-equal-flexible-MS#2,S,142,True,True
pair_joint_M_o1.0_s0,simplicity-v1-s02-equal-flexible-MS,simplicity-v1-s02,specialization,equal,flexible,MS,simplicity-v1-s02-equal-flexible-MS#3,S,140,True,True
pair_joint_M_o1.0_s0,simplicity-v1-s02-equal-flexible-SM,simplicity-v1-s02,specialization,equal,flexible,SM,simplicity-v1-s02-equal-flexible-SM#0,S,109,True,True
pair_joint_M_o1.0_s0,simplicity-v1-s02-equal-flexible-SM,simplicity-v1-s02,specialization,equal,flexible,SM,simplicity-v1-s02-equal-flexible-SM#1,S,154,True,True
pair_joint_M_o1.0_s0,simplicity-v1-s02-equal-flexible-SM,simplicity-v1-s02,specialization,equal,flexible,SM,simplicity-v1-s02-equal-flexible-SM#2,S,114,True,True
pair_joint_M_o1.0_s0,simplicity-v1-s02-equal-flexible-SM,simplicity-v1-s02,specialization,equal,flexible,SM,simplicity-v1-s02-equal-flexible-SM#3,both,134,True,True
pair_joint_M_o1.0_s0,simplicity-v1-s02-equal-one_free-MS,simplicity-v1-s02,specialization,equal,one_free,MS,simplicity-v1-s02-equal-one_free-MS#0,S,134,True,True
pair_joint_M_o1.0_s0,simplicity-v1-s02-equal-one_free-MS,simplicity-v1-s02,specialization,equal,one_free,MS,simplicity-v1-s02-equal-one_free-MS#1,M,97,True,True
pair_joint_M_o1.0_s0,simplicity-v1-s02-equal-one_free-MS,simplicity-v1-s02,specialization,equal,one_free,MS,simplicity-v1-s02-equal-one_free-MS#2,S,104,True,True
pair_joint_M_o1.0_s0,simplicity-v1-s02-equal-one_free-MS,simplicity-v1-s02,specialization,equal,one_free,MS,simplicity-v1-s02-equal-one_free-MS#3,M,109,True,True
pair_joint_M_o1.0_s0,simplicity-v1-s02-equal-one_free-SM,simplicity-v1-s02,specialization,equal,one_free,SM,simplicity-v1-s02-equal-one_free-SM#0,S,91,True,True
pair_joint_M_o1.0_s0,simplicity-v1-s02-equal-one_free-SM,simplicity-v1-s02,specialization,equal,one_free,SM,simplicity-v1-s02-equal-one_free-SM#1,S,108,True,True
pair_joint_M_o1.0_s0,simplicity-v1-s02-equal-one_free-SM,simplicity-v1-s02,specialization,equal,one_free,SM,simplicity-v1-s02-equal-one_free-SM#2,S,109,True,True
pair_joint_M_o1.0_s0,simplicity-v1-s02-equal-one_free-SM,simplicity-v1-s02,specialization,equal,one_free,SM,simplicity-v1-s02-equal-one_free-SM#3,S,72,True,True
pair_joint_M_o1.0_s0,simplicity-v1-s02-equal-one_brief-MS,simplicity-v1-s02,specialization,equal,one_brief,MS,simplicity-v1-s02-equal-one_brief-MS#0,S,47,False,True
pair_joint_M_o1.0_s0,simplicity-v1-s02-equal-one_brief-MS,simplicity-v1-s02,specialization,equal,one_brief,MS,simplicity-v1-s02-equal-one_brief-MS#1,S,40,False,True
pair_joint_M_o1.0_s0,simplicity-v1-s02-equal-one_brief-MS,simplicity-v1-s02,specialization,equal,one_brief,MS,simplicity-v1-s02-equal-one_brief-MS#2,S,20,True,True
pair_joint_M_o1.0_s0,simplicity-v1-s02-equal-one_brief-MS,simplicity-v1-s02,specialization,equal,one_brief,MS,simplicity-v1-s02-equal-one_brief-MS#3,S,45,False,True
pair_joint_M_o1.0_s0,simplicity-v1-s02-equal-one_brief-SM,simplicity-v1-s02,specialization,equal,one_brief,SM,simplicity-v1-s02-equal-one_brief-SM#0,S,26,False,True
pair_joint_M_o1.0_s0,simplicity-v1-s02-equal-one_brief-SM,simplicity-v1-s02,specialization,equal,one_brief,SM,simplicity-v1-s02-equal-one_brief-SM#1,S,40,False,True
pair_joint_M_o1.0_s0,simplicity-v1-s02-equal-one_brief-SM,simplicity-v1-s02,specialization,equal,one_brief,SM,simplicity-v1-s02-equal-one_brief-SM#2,S,64,False,True
pair_joint_M_o1.0_s0,simplicity-v1-s02-equal-one_brief-SM,simplicity-v1-s02,specialization,equal,one_brief,SM,simplicity-v1-s02-equal-one_brief-SM#3,S,38,False,True
pair_joint_M_o1.0_s0,simplicity-v1-s02-equal-one_detailed-MS,simplicity-v1-s02,specialization,equal,one_detailed,MS,simplicity-v1-s02-equal-one_detailed-MS#0,M,160,True,True
pair_joint_M_o1.0_s0,simplicity-v1-s02-equal-one_detailed-MS,simplicity-v1-s02,specialization,equal,one_detailed,MS,simplicity-v1-s02-equal-one_detailed-MS#1,S,170,False,True
pair_joint_M_o1.0_s0,simplicity-v1-s02-equal-one_detailed-MS,simplicity-v1-s02,specialization,equal,one_detailed,MS,simplicity-v1-s02-equal-one_detailed-MS#2,S,107,False,True
pair_joint_M_o1.0_s0,simplicity-v1-s02-equal-one_detailed-MS,simplicity-v1-s02,specialization,equal,one_detailed,MS,simplicity-v1-s02-equal-one_detailed-MS#3,M,126,True,True
pair_joint_M_o1.0_s0,simplicity-v1-s02-equal-one_detailed-SM,simplicity-v1-s02,specialization,equal,one_detailed,SM,simplicity-v1-s02-equal-one_detailed-SM#0,S,110,False,True
pair_joint_M_o1.0_s0,simplicity-v1-s02-equal-one_detailed-SM,simplicity-v1-s02,specialization,equal,one_detailed,SM,simplicity-v1-s02-equal-one_detailed-SM#1,S,121,True,True
pair_joint_M_o1.0_s0,simplicity-v1-s02-equal-one_detailed-SM,simplicity-v1-s02,specialization,equal,one_detailed,SM,simplicity-v1-s02-equal-one_detailed-SM#2,S,86,False,True
pair_joint_M_o1.0_s0,simplicity-v1-s02-equal-one_detailed-SM,simplicity-v1-s02,specialization,equal,one_detailed,SM,simplicity-v1-s02-equal-one_detailed-SM#3,S,170,False,True
pair_joint_M_o1.0_s0,simplicity-v1-s02-M_simple-flexible-MS,simplicity-v1-s02,specialization,M_simple,flexible,MS,simplicity-v1-s02-M_simple-flexible-MS#0,S,133,True,True
pair_joint_M_o1.0_s0,simplicity-v1-s02-M_simple-flexible-MS,simplicity-v1-s02,specialization,M_simple,flexible,MS,simplicity-v1-s02-M_simple-flexible-MS#1,S,135,True,True
pair_joint_M_o1.0_s0,simplicity-v1-s02-M_simple-flexible-MS,simplicity-v1-s02,specialization,M_simple,flexible,MS,simplicity-v1-s02-M_simple-flexible-MS#2,both,127,True,True
pair_joint_M_o1.0_s0,simplicity-v1-s02-M_simple-flexible-MS,simplicity-v1-s02,specialization,M_simple,flexible,MS,simplicity-v1-s02-M_simple-flexible-MS#3,S,113,True,True
pair_joint_M_o1.0_s0,simplicity-v1-s02-M_simple-flexible-SM,simplicity-v1-s02,specialization,M_simple,flexible,SM,simplicity-v1-s02-M_simple-flexible-SM#0,both,99,True,True
pair_joint_M_o1.0_s0,simplicity-v1-s02-M_simple-flexible-SM,simplicity-v1-s02,specialization,M_simple,flexible,SM,simplicity-v1-s02-M_simple-flexible-SM#1,S,166,False,True
pair_joint_M_o1.0_s0,simplicity-v1-s02-M_simple-flexible-SM,simplicity-v1-s02,specialization,M_simple,flexible,SM,simplicity-v1-s02-M_simple-flexible-SM#2,S,102,True,True
pair_joint_M_o1.0_s0,simplicity-v1-s02-M_simple-flexible-SM,simplicity-v1-s02,specialization,M_simple,flexible,SM,simplicity-v1-s02-M_simple-flexible-SM#3,S,101,True,True
pair_joint_M_o1.0_s0,simplicity-v1-s02-M_simple-one_free-MS,simplicity-v1-s02,specialization,M_simple,one_free,MS,simplicity-v1-s02-M_simple-one_free-MS#0,M,98,True,True
pair_joint_M_o1.0_s0,simplicity-v1-s02-M_simple-one_free-MS,simplicity-v1-s02,specialization,M_simple,one_free,MS,simplicity-v1-s02-M_simple-one_free-MS#1,S,95,True,True
pair_joint_M_o1.0_s0,simplicity-v1-s02-M_simple-one_free-MS,simplicity-v1-s02,specialization,M_simple,one_free,MS,simplicity-v1-s02-M_simple-one_free-MS#2,S,139,True,True
pair_joint_M_o1.0_s0,simplicity-v1-s02-M_simple-one_free-MS,simplicity-v1-s02,specialization,M_simple,one_free,MS,simplicity-v1-s02-M_simple-one_free-MS#3,S,109,True,True
pair_joint_M_o1.0_s0,simplicity-v1-s02-M_simple-one_free-SM,simplicity-v1-s02,specialization,M_simple,one_free,SM,simplicity-v1-s02-M_simple-one_free-SM#0,S,85,True,True
pair_joint_M_o1.0_s0,simplicity-v1-s02-M_simple-one_free-SM,simplicity-v1-s02,specialization,M_simple,one_free,SM,simplicity-v1-s02-M_simple-one_free-SM#1,S,155,True,True
pair_joint_M_o1.0_s0,simplicity-v1-s02-M_simple-one_free-SM,simplicity-v1-s02,specialization,M_simple,one_free,SM,simplicity-v1-s02-M_simple-one_free-SM#2,S,133,True,True
pair_joint_M_o1.0_s0,simplicity-v1-s02-M_simple-one_free-SM,simplicity-v1-s02,specialization,M_simple,one_free,SM,simplicity-v1-s02-M_simple-one_free-SM#3,S,91,True,True
pair_joint_M_o1.0_s0,simplicity-v1-s02-M_simple-one_brief-MS,simplicity-v1-s02,specialization,M_simple,one_brief,MS,simplicity-v1-s02-M_simple-one_brief-MS#0,S,36,False,True
pair_joint_M_o1.0_s0,simplicity-v1-s02-M_simple-one_brief-MS,simplicity-v1-s02,specialization,M_simple,one_brief,MS,simplicity-v1-s02-M_simple-one_brief-MS#1,S,42,False,True
pair_joint_M_o1.0_s0,simplicity-v1-s02-M_simple-one_brief-MS,simplicity-v1-s02,specialization,M_simple,one_brief,MS,simplicity-v1-s02-M_simple-one_brief-MS#2,M,32,False,True
pair_joint_M_o1.0_s0,simplicity-v1-s02-M_simple-one_brief-MS,simplicity-v1-s02,specialization,M_simple,one_brief,MS,simplicity-v1-s02-M_simple-one_brief-MS#3,S,10,True,True
pair_joint_M_o1.0_s0,simplicity-v1-s02-M_simple-one_brief-SM,simplicity-v1-s02,specialization,M_simple,one_brief,SM,simplicity-v1-s02-M_simple-one_brief-SM#0,S,26,False,True
pair_joint_M_o1.0_s0,simplicity-v1-s02-M_simple-one_brief-SM,simplicity-v1-s02,specialization,M_simple,one_brief,SM,simplicity-v1-s02-M_simple-one_brief-SM#1,S,47,False,True
pair_joint_M_o1.0_s0,simplicity-v1-s02-M_simple-one_brief-SM,simplicity-v1-s02,specialization,M_simple,one_brief,SM,simplicity-v1-s02-M_simple-one_brief-SM#2,S,59,False,True
pair_joint_M_o1.0_s0,simplicity-v1-s02-M_simple-one_brief-SM,simplicity-v1-s02,specialization,M_simple,one_brief,SM,simplicity-v1-s02-M_simple-one_brief-SM#3,S,37,False,True
pair_joint_M_o1.0_s0,simplicity-v1-s02-M_simple-one_detailed-MS,simplicity-v1-s02,specialization,M_simple,one_detailed,MS,simplicity-v1-s02-M_simple-one_detailed-MS#0,M,134,True,True
pair_joint_M_o1.0_s0,simplicity-v1-s02-M_simple-one_detailed-MS,simplicity-v1-s02,specialization,M_simple,one_detailed,MS,simplicity-v1-s02-M_simple-one_detailed-MS#1,M,93,False,True
pair_joint_M_o1.0_s0,simplicity-v1-s02-M_simple-one_detailed-MS,simplicity-v1-s02,specialization,M_simple,one_detailed,MS,simplicity-v1-s02-M_simple-one_detailed-MS#2,S,127,True,True
pair_joint_M_o1.0_s0,simplicity-v1-s02-M_simple-one_detailed-MS,simplicity-v1-s02,specialization,M_simple,one_detailed,MS,simplicity-v1-s02-M_simple-one_detailed-MS#3,S,121,True,True
pair_joint_M_o1.0_s0,simplicity-v1-s02-M_simple-one_detailed-SM,simplicity-v1-s02,specialization,M_simple,one_detailed,SM,simplicity-v1-s02-M_simple-one_detailed-SM#0,S,110,False,True
pair_joint_M_o1.0_s0,simplicity-v1-s02-M_simple-one_detailed-SM,simplicity-v1-s02,specialization,M_simple,one_detailed,SM,simplicity-v1-s02-M_simple-one_detailed-SM#1,S,163,False,True
pair_joint_M_o1.0_s0,simplicity-v1-s02-M_simple-one_detailed-SM,simplicity-v1-s02,specialization,M_simple,one_detailed,SM,simplicity-v1-s02-M_simple-one_detailed-SM#2,S,101,False,True
pair_joint_M_o1.0_s0,simplicity-v1-s02-M_simple-one_detailed-SM,simplicity-v1-s02,specialization,M_simple,one_detailed,SM,simplicity-v1-s02-M_simple-one_detailed-SM#3,S,103,False,True
pair_joint_M_o1.0_s0,simplicity-v1-s02-S_simple-flexible-MS,simplicity-v1-s02,specialization,S_simple,flexible,MS,simplicity-v1-s02-S_simple-flexible-MS#0,unknown,0,True,True
pair_joint_M_o1.0_s0,simplicity-v1-s02-S_simple-flexible-MS,simplicity-v1-s02,specialization,S_simple,flexible,MS,simplicity-v1-s02-S_simple-flexible-MS#1,unknown,0,True,True
pair_joint_M_o1.0_s0,simplicity-v1-s02-S_simple-flexible-MS,simplicity-v1-s02,specialization,S_simple,flexible,MS,simplicity-v1-s02-S_simple-flexible-MS#2,S,134,True,True
pair_joint_M_o1.0_s0,simplicity-v1-s02-S_simple-flexible-MS,simplicity-v1-s02,specialization,S_simple,flexible,MS,simplicity-v1-s02-S_simple-flexible-MS#3,unknown,0,True,True
pair_joint_M_o1.0_s0,simplicity-v1-s02-S_simple-flexible-SM,simplicity-v1-s02,specialization,S_simple,flexible,SM,simplicity-v1-s02-S_simple-flexible-SM#0,S,127,True,True
pair_joint_M_o1.0_s0,simplicity-v1-s02-S_simple-flexible-SM,simplicity-v1-s02,specialization,S_simple,flexible,SM,simplicity-v1-s02-S_simple-flexible-SM#1,S,94,True,True
pair_joint_M_o1.0_s0,simplicity-v1-s02-S_simple-flexible-SM,simplicity-v1-s02,specialization,S_simple,flexible,SM,simplicity-v1-s02-S_simple-flexible-SM#2,S,90,True,True
pair_joint_M_o1.0_s0,simplicity-v1-s02-S_simple-flexible-SM,simplicity-v1-s02,specialization,S_simple,flexible,SM,simplicity-v1-s02-S_simple-flexible-SM#3,S,92,True,True
pair_joint_M_o1.0_s0,simplicity-v1-s02-S_simple-one_free-MS,simplicity-v1-s02,specialization,S_simple,one_free,MS,simplicity-v1-s02-S_simple-one_free-MS#0,S,105,True,True
pair_joint_M_o1.0_s0,simplicity-v1-s02-S_simple-one_free-MS,simplicity-v1-s02,specialization,S_simple,one_free,MS,simplicity-v1-s02-S_simple-one_free-MS#1,S,106,True,True
pair_joint_M_o1.0_s0,simplicity-v1-s02-S_simple-one_free-MS,simplicity-v1-s02,specialization,S_simple,one_free,MS,simplicity-v1-s02-S_simple-one_free-MS#2,S,103,True,True
pair_joint_M_o1.0_s0,simplicity-v1-s02-S_simple-one_free-MS,simplicity-v1-s02,specialization,S_simple,one_free,MS,simplicity-v1-s02-S_simple-one_free-MS#3,S,115,True,True
pair_joint_M_o1.0_s0,simplicity-v1-s02-S_simple-one_free-SM,simplicity-v1-s02,specialization,S_simple,one_free,SM,simplicity-v1-s02-S_simple-one_free-SM#0,S,139,True,True
pair_joint_M_o1.0_s0,simplicity-v1-s02-S_simple-one_free-SM,simplicity-v1-s02,specialization,S_simple,one_free,SM,simplicity-v1-s02-S_simple-one_free-SM#1,S,117,True,True
pair_joint_M_o1.0_s0,simplicity-v1-s02-S_simple-one_free-SM,simplicity-v1-s02,specialization,S_simple,one_free,SM,simplicity-v1-s02-S_simple-one_free-SM#2,S,79,True,True
pair_joint_M_o1.0_s0,simplicity-v1-s02-S_simple-one_free-SM,simplicity-v1-s02,specialization,S_simple,one_free,SM,simplicity-v1-s02-S_simple-one_free-SM#3,S,94,True,True
pair_joint_M_o1.0_s0,simplicity-v1-s02-S_simple-one_brief-MS,simplicity-v1-s02,specialization,S_simple,one_brief,MS,simplicity-v1-s02-S_simple-one_brief-MS#0,S,40,False,True
pair_joint_M_o1.0_s0,simplicity-v1-s02-S_simple-one_brief-MS,simplicity-v1-s02,specialization,S_simple,one_brief,MS,simplicity-v1-s02-S_simple-one_brief-MS#1,S,37,False,True
pair_joint_M_o1.0_s0,simplicity-v1-s02-S_simple-one_brief-MS,simplicity-v1-s02,specialization,S_simple,one_brief,MS,simplicity-v1-s02-S_simple-one_brief-MS#2,S,40,False,True
pair_joint_M_o1.0_s0,simplicity-v1-s02-S_simple-one_brief-MS,simplicity-v1-s02,specialization,S_simple,one_brief,MS,simplicity-v1-s02-S_simple-one_brief-MS#3,S,25,True,True
pair_joint_M_o1.0_s0,simplicity-v1-s02-S_simple-one_brief-SM,simplicity-v1-s02,specialization,S_simple,one_brief,SM,simplicity-v1-s02-S_simple-one_brief-SM#0,S,48,False,True
pair_joint_M_o1.0_s0,simplicity-v1-s02-S_simple-one_brief-SM,simplicity-v1-s02,specialization,S_simple,one_brief,SM,simplicity-v1-s02-S_simple-one_brief-SM#1,S,25,True,True
pair_joint_M_o1.0_s0,simplicity-v1-s02-S_simple-one_brief-SM,simplicity-v1-s02,specialization,S_simple,one_brief,SM,simplicity-v1-s02-S_simple-one_brief-SM#2,S,37,False,True
pair_joint_M_o1.0_s0,simplicity-v1-s02-S_simple-one_brief-SM,simplicity-v1-s02,specialization,S_simple,one_brief,SM,simplicity-v1-s02-S_simple-one_brief-SM#3,S,43,False,True
pair_joint_M_o1.0_s0,simplicity-v1-s02-S_simple-one_detailed-MS,simplicity-v1-s02,specialization,S_simple,one_detailed,MS,simplicity-v1-s02-S_simple-one_detailed-MS#0,S,109,False,True
pair_joint_M_o1.0_s0,simplicity-v1-s02-S_simple-one_detailed-MS,simplicity-v1-s02,specialization,S_simple,one_detailed,MS,simplicity-v1-s02-S_simple-one_detailed-MS#1,S,107,False,True
pair_joint_M_o1.0_s0,simplicity-v1-s02-S_simple-one_detailed-MS,simplicity-v1-s02,specialization,S_simple,one_detailed,MS,simplicity-v1-s02-S_simple-one_detailed-MS#2,S,129,True,True
pair_joint_M_o1.0_s0,simplicity-v1-s02-S_simple-one_detailed-MS,simplicity-v1-s02,specialization,S_simple,one_detailed,MS,simplicity-v1-s02-S_simple-one_detailed-MS#3,S,162,False,True
pair_joint_M_o1.0_s0,simplicity-v1-s02-S_simple-one_detailed-SM,simplicity-v1-s02,specialization,S_simple,one_detailed,SM,simplicity-v1-s02-S_simple-one_detailed-SM#0,S,128,True,True
pair_joint_M_o1.0_s0,simplicity-v1-s02-S_simple-one_detailed-SM,simplicity-v1-s02,specialization,S_simple,one_detailed,SM,simplicity-v1-s02-S_simple-one_detailed-SM#1,S,137,True,True
pair_joint_M_o1.0_s0,simplicity-v1-s02-S_simple-one_detailed-SM,simplicity-v1-s02,specialization,S_simple,one_detailed,SM,simplicity-v1-s02-S_simple-one_detailed-SM#2,S,120,True,True
pair_joint_M_o1.0_s0,simplicity-v1-s02-S_simple-one_detailed-SM,simplicity-v1-s02,specialization,S_simple,one_detailed,SM,simplicity-v1-s02-S_simple-one_detailed-SM#3,S,87,False,True
pair_joint_M_o1.0_s0,simplicity-v1-s03-equal-flexible-MS,simplicity-v1-s03,specialization,equal,flexible,MS,simplicity-v1-s03-equal-flexible-MS#0,S,99,True,True
pair_joint_M_o1.0_s0,simplicity-v1-s03-equal-flexible-MS,simplicity-v1-s03,specialization,equal,flexible,MS,simplicity-v1-s03-equal-flexible-MS#1,S,80,True,True
pair_joint_M_o1.0_s0,simplicity-v1-s03-equal-flexible-MS,simplicity-v1-s03,specialization,equal,flexible,MS,simplicity-v1-s03-equal-flexible-MS#2,S,119,True,True
pair_joint_M_o1.0_s0,simplicity-v1-s03-equal-flexible-MS,simplicity-v1-s03,specialization,equal,flexible,MS,simplicity-v1-s03-equal-flexible-MS#3,S,120,True,True
pair_joint_M_o1.0_s0,simplicity-v1-s03-equal-flexible-SM,simplicity-v1-s03,specialization,equal,flexible,SM,simplicity-v1-s03-equal-flexible-SM#0,S,119,True,True
pair_joint_M_o1.0_s0,simplicity-v1-s03-equal-flexible-SM,simplicity-v1-s03,specialization,equal,flexible,SM,simplicity-v1-s03-equal-flexible-SM#1,S,81,True,True
pair_joint_M_o1.0_s0,simplicity-v1-s03-equal-flexible-SM,simplicity-v1-s03,specialization,equal,flexible,SM,simplicity-v1-s03-equal-flexible-SM#2,S,111,True,True
pair_joint_M_o1.0_s0,simplicity-v1-s03-equal-flexible-SM,simplicity-v1-s03,specialization,equal,flexible,SM,simplicity-v1-s03-equal-flexible-SM#3,S,127,True,True
pair_joint_M_o1.0_s0,simplicity-v1-s03-equal-one_free-MS,simplicity-v1-s03,specialization,equal,one_free,MS,simplicity-v1-s03-equal-one_free-MS#0,M,122,True,True
pair_joint_M_o1.0_s0,simplicity-v1-s03-equal-one_free-MS,simplicity-v1-s03,specialization,equal,one_free,MS,simplicity-v1-s03-equal-one_free-MS#1,S,116,True,True
pair_joint_M_o1.0_s0,simplicity-v1-s03-equal-one_free-MS,simplicity-v1-s03,specialization,equal,one_free,MS,simplicity-v1-s03-equal-one_free-MS#2,S,91,True,True
pair_joint_M_o1.0_s0,simplicity-v1-s03-equal-one_free-MS,simplicity-v1-s03,specialization,equal,one_free,MS,simplicity-v1-s03-equal-one_free-MS#3,S,93,True,True
pair_joint_M_o1.0_s0,simplicity-v1-s03-equal-one_free-SM,simplicity-v1-s03,specialization,equal,one_free,SM,simplicity-v1-s03-equal-one_free-SM#0,S,104,True,True
pair_joint_M_o1.0_s0,simplicity-v1-s03-equal-one_free-SM,simplicity-v1-s03,specialization,equal,one_free,SM,simplicity-v1-s03-equal-one_free-SM#1,S,86,True,True
pair_joint_M_o1.0_s0,simplicity-v1-s03-equal-one_free-SM,simplicity-v1-s03,specialization,equal,one_free,SM,simplicity-v1-s03-equal-one_free-SM#2,S,110,True,True
pair_joint_M_o1.0_s0,simplicity-v1-s03-equal-one_free-SM,simplicity-v1-s03,specialization,equal,one_free,SM,simplicity-v1-s03-equal-one_free-SM#3,M,89,True,True
pair_joint_M_o1.0_s0,simplicity-v1-s03-equal-one_brief-MS,simplicity-v1-s03,specialization,equal,one_brief,MS,simplicity-v1-s03-equal-one_brief-MS#0,S,25,True,True
pair_joint_M_o1.0_s0,simplicity-v1-s03-equal-one_brief-MS,simplicity-v1-s03,specialization,equal,one_brief,MS,simplicity-v1-s03-equal-one_brief-MS#1,S,13,True,True
pair_joint_M_o1.0_s0,simplicity-v1-s03-equal-one_brief-MS,simplicity-v1-s03,specialization,equal,one_brief,MS,simplicity-v1-s03-equal-one_brief-MS#2,S,18,True,True
pair_joint_M_o1.0_s0,simplicity-v1-s03-equal-one_brief-MS,simplicity-v1-s03,specialization,equal,one_brief,MS,simplicity-v1-s03-equal-one_brief-MS#3,S,41,False,True
pair_joint_M_o1.0_s0,simplicity-v1-s03-equal-one_brief-SM,simplicity-v1-s03,specialization,equal,one_brief,SM,simplicity-v1-s03-equal-one_brief-SM#0,S,36,False,True
pair_joint_M_o1.0_s0,simplicity-v1-s03-equal-one_brief-SM,simplicity-v1-s03,specialization,equal,one_brief,SM,simplicity-v1-s03-equal-one_brief-SM#1,S,35,False,True
pair_joint_M_o1.0_s0,simplicity-v1-s03-equal-one_brief-SM,simplicity-v1-s03,specialization,equal,one_brief,SM,simplicity-v1-s03-equal-one_brief-SM#2,S,38,False,True
pair_joint_M_o1.0_s0,simplicity-v1-s03-equal-one_brief-SM,simplicity-v1-s03,specialization,equal,one_brief,SM,simplicity-v1-s03-equal-one_brief-SM#3,S,20,True,True
pair_joint_M_o1.0_s0,simplicity-v1-s03-equal-one_detailed-MS,simplicity-v1-s03,specialization,equal,one_detailed,MS,simplicity-v1-s03-equal-one_detailed-MS#0,S,176,False,True
pair_joint_M_o1.0_s0,simplicity-v1-s03-equal-one_detailed-MS,simplicity-v1-s03,specialization,equal,one_detailed,MS,simplicity-v1-s03-equal-one_detailed-MS#1,S,120,True,True
pair_joint_M_o1.0_s0,simplicity-v1-s03-equal-one_detailed-MS,simplicity-v1-s03,specialization,equal,one_detailed,MS,simplicity-v1-s03-equal-one_detailed-MS#2,S,125,True,True
pair_joint_M_o1.0_s0,simplicity-v1-s03-equal-one_detailed-MS,simplicity-v1-s03,specialization,equal,one_detailed,MS,simplicity-v1-s03-equal-one_detailed-MS#3,S,163,False,True
pair_joint_M_o1.0_s0,simplicity-v1-s03-equal-one_detailed-SM,simplicity-v1-s03,specialization,equal,one_detailed,SM,simplicity-v1-s03-equal-one_detailed-SM#0,S,113,False,True
pair_joint_M_o1.0_s0,simplicity-v1-s03-equal-one_detailed-SM,simplicity-v1-s03,specialization,equal,one_detailed,SM,simplicity-v1-s03-equal-one_detailed-SM#1,S,93,False,True
pair_joint_M_o1.0_s0,simplicity-v1-s03-equal-one_detailed-SM,simplicity-v1-s03,specialization,equal,one_detailed,SM,simplicity-v1-s03-equal-one_detailed-SM#2,S,87,False,True
pair_joint_M_o1.0_s0,simplicity-v1-s03-equal-one_detailed-SM,simplicity-v1-s03,specialization,equal,one_detailed,SM,simplicity-v1-s03-equal-one_detailed-SM#3,S,78,False,True
pair_joint_M_o1.0_s0,simplicity-v1-s03-M_simple-flexible-MS,simplicity-v1-s03,specialization,M_simple,flexible,MS,simplicity-v1-s03-M_simple-flexible-MS#0,S,105,True,True
pair_joint_M_o1.0_s0,simplicity-v1-s03-M_simple-flexible-MS,simplicity-v1-s03,specialization,M_simple,flexible,MS,simplicity-v1-s03-M_simple-flexible-MS#1,unknown,0,True,True
pair_joint_M_o1.0_s0,simplicity-v1-s03-M_simple-flexible-MS,simplicity-v1-s03,specialization,M_simple,flexible,MS,simplicity-v1-s03-M_simple-flexible-MS#2,S,140,True,True
pair_joint_M_o1.0_s0,simplicity-v1-s03-M_simple-flexible-MS,simplicity-v1-s03,specialization,M_simple,flexible,MS,simplicity-v1-s03-M_simple-flexible-MS#3,unknown,120,True,True
pair_joint_M_o1.0_s0,simplicity-v1-s03-M_simple-flexible-SM,simplicity-v1-s03,specialization,M_simple,flexible,SM,simplicity-v1-s03-M_simple-flexible-SM#0,S,94,True,True
pair_joint_M_o1.0_s0,simplicity-v1-s03-M_simple-flexible-SM,simplicity-v1-s03,specialization,M_simple,flexible,SM,simplicity-v1-s03-M_simple-flexible-SM#1,S,145,True,True
pair_joint_M_o1.0_s0,simplicity-v1-s03-M_simple-flexible-SM,simplicity-v1-s03,specialization,M_simple,flexible,SM,simplicity-v1-s03-M_simple-flexible-SM#2,unknown,0,True,True
pair_joint_M_o1.0_s0,simplicity-v1-s03-M_simple-flexible-SM,simplicity-v1-s03,specialization,M_simple,flexible,SM,simplicity-v1-s03-M_simple-flexible-SM#3,unknown,0,True,True
pair_joint_M_o1.0_s0,simplicity-v1-s03-M_simple-one_free-MS,simplicity-v1-s03,specialization,M_simple,one_free,MS,simplicity-v1-s03-M_simple-one_free-MS#0,S,164,False,True
pair_joint_M_o1.0_s0,simplicity-v1-s03-M_simple-one_free-MS,simplicity-v1-s03,specialization,M_simple,one_free,MS,simplicity-v1-s03-M_simple-one_free-MS#1,S,127,True,True
pair_joint_M_o1.0_s0,simplicity-v1-s03-M_simple-one_free-MS,simplicity-v1-s03,specialization,M_simple,one_free,MS,simplicity-v1-s03-M_simple-one_free-MS#2,M,104,True,True
pair_joint_M_o1.0_s0,simplicity-v1-s03-M_simple-one_free-MS,simplicity-v1-s03,specialization,M_simple,one_free,MS,simplicity-v1-s03-M_simple-one_free-MS#3,S,100,True,True
pair_joint_M_o1.0_s0,simplicity-v1-s03-M_simple-one_free-SM,simplicity-v1-s03,specialization,M_simple,one_free,SM,simplicity-v1-s03-M_simple-one_free-SM#0,S,150,True,True
pair_joint_M_o1.0_s0,simplicity-v1-s03-M_simple-one_free-SM,simplicity-v1-s03,specialization,M_simple,one_free,SM,simplicity-v1-s03-M_simple-one_free-SM#1,M,114,True,True
pair_joint_M_o1.0_s0,simplicity-v1-s03-M_simple-one_free-SM,simplicity-v1-s03,specialization,M_simple,one_free,SM,simplicity-v1-s03-M_simple-one_free-SM#2,M,102,True,True
pair_joint_M_o1.0_s0,simplicity-v1-s03-M_simple-one_free-SM,simplicity-v1-s03,specialization,M_simple,one_free,SM,simplicity-v1-s03-M_simple-one_free-SM#3,S,158,True,True
pair_joint_M_o1.0_s0,simplicity-v1-s03-M_simple-one_brief-MS,simplicity-v1-s03,specialization,M_simple,one_brief,MS,simplicity-v1-s03-M_simple-one_brief-MS#0,S,19,True,True
pair_joint_M_o1.0_s0,simplicity-v1-s03-M_simple-one_brief-MS,simplicity-v1-s03,specialization,M_simple,one_brief,MS,simplicity-v1-s03-M_simple-one_brief-MS#1,M,33,False,True
pair_joint_M_o1.0_s0,simplicity-v1-s03-M_simple-one_brief-MS,simplicity-v1-s03,specialization,M_simple,one_brief,MS,simplicity-v1-s03-M_simple-one_brief-MS#2,S,12,True,True
pair_joint_M_o1.0_s0,simplicity-v1-s03-M_simple-one_brief-MS,simplicity-v1-s03,specialization,M_simple,one_brief,MS,simplicity-v1-s03-M_simple-one_brief-MS#3,M,19,True,True
pair_joint_M_o1.0_s0,simplicity-v1-s03-M_simple-one_brief-SM,simplicity-v1-s03,specialization,M_simple,one_brief,SM,simplicity-v1-s03-M_simple-one_brief-SM#0,S,19,True,True
pair_joint_M_o1.0_s0,simplicity-v1-s03-M_simple-one_brief-SM,simplicity-v1-s03,specialization,M_simple,one_brief,SM,simplicity-v1-s03-M_simple-one_brief-SM#1,S,38,False,True
pair_joint_M_o1.0_s0,simplicity-v1-s03-M_simple-one_brief-SM,simplicity-v1-s03,specialization,M_simple,one_brief,SM,simplicity-v1-s03-M_simple-one_brief-SM#2,S,34,False,True
pair_joint_M_o1.0_s0,simplicity-v1-s03-M_simple-one_brief-SM,simplicity-v1-s03,specialization,M_simple,one_brief,SM,simplicity-v1-s03-M_simple-one_brief-SM#3,S,32,False,True
pair_joint_M_o1.0_s0,simplicity-v1-s03-M_simple-one_detailed-MS,simplicity-v1-s03,specialization,M_simple,one_detailed,MS,simplicity-v1-s03-M_simple-one_detailed-MS#0,M,137,True,True
pair_joint_M_o1.0_s0,simplicity-v1-s03-M_simple-one_detailed-MS,simplicity-v1-s03,specialization,M_simple,one_detailed,MS,simplicity-v1-s03-M_simple-one_detailed-MS#1,S,204,False,True
pair_joint_M_o1.0_s0,simplicity-v1-s03-M_simple-one_detailed-MS,simplicity-v1-s03,specialization,M_simple,one_detailed,MS,simplicity-v1-s03-M_simple-one_detailed-MS#2,S,110,False,True
pair_joint_M_o1.0_s0,simplicity-v1-s03-M_simple-one_detailed-MS,simplicity-v1-s03,specialization,M_simple,one_detailed,MS,simplicity-v1-s03-M_simple-one_detailed-MS#3,S,146,True,True
pair_joint_M_o1.0_s0,simplicity-v1-s03-M_simple-one_detailed-SM,simplicity-v1-s03,specialization,M_simple,one_detailed,SM,simplicity-v1-s03-M_simple-one_detailed-SM#0,M,122,True,True
pair_joint_M_o1.0_s0,simplicity-v1-s03-M_simple-one_detailed-SM,simplicity-v1-s03,specialization,M_simple,one_detailed,SM,simplicity-v1-s03-M_simple-one_detailed-SM#1,S,138,True,True
pair_joint_M_o1.0_s0,simplicity-v1-s03-M_simple-one_detailed-SM,simplicity-v1-s03,specialization,M_simple,one_detailed,SM,simplicity-v1-s03-M_simple-one_detailed-SM#2,S,85,False,True
pair_joint_M_o1.0_s0,simplicity-v1-s03-M_simple-one_detailed-SM,simplicity-v1-s03,specialization,M_simple,one_detailed,SM,simplicity-v1-s03-M_simple-one_detailed-SM#3,S,98,False,True
pair_joint_M_o1.0_s0,simplicity-v1-s03-S_simple-flexible-MS,simplicity-v1-s03,specialization,S_simple,flexible,MS,simplicity-v1-s03-S_simple-flexible-MS#0,S,127,True,True
pair_joint_M_o1.0_s0,simplicity-v1-s03-S_simple-flexible-MS,simplicity-v1-s03,specialization,S_simple,flexible,MS,simplicity-v1-s03-S_simple-flexible-MS#1,S,72,True,True
pair_joint_M_o1.0_s0,simplicity-v1-s03-S_simple-flexible-MS,simplicity-v1-s03,specialization,S_simple,flexible,MS,simplicity-v1-s03-S_simple-flexible-MS#2,S,123,True,True
pair_joint_M_o1.0_s0,simplicity-v1-s03-S_simple-flexible-MS,simplicity-v1-s03,specialization,S_simple,flexible,MS,simplicity-v1-s03-S_simple-flexible-MS#3,S,135,True,True
pair_joint_M_o1.0_s0,simplicity-v1-s03-S_simple-flexible-SM,simplicity-v1-s03,specialization,S_simple,flexible,SM,simplicity-v1-s03-S_simple-flexible-SM#0,S,80,True,True
pair_joint_M_o1.0_s0,simplicity-v1-s03-S_simple-flexible-SM,simplicity-v1-s03,specialization,S_simple,flexible,SM,simplicity-v1-s03-S_simple-flexible-SM#1,S,119,True,True
pair_joint_M_o1.0_s0,simplicity-v1-s03-S_simple-flexible-SM,simplicity-v1-s03,specialization,S_simple,flexible,SM,simplicity-v1-s03-S_simple-flexible-SM#2,S,78,True,True
pair_joint_M_o1.0_s0,simplicity-v1-s03-S_simple-flexible-SM,simplicity-v1-s03,specialization,S_simple,flexible,SM,simplicity-v1-s03-S_simple-flexible-SM#3,S,97,True,True
pair_joint_M_o1.0_s0,simplicity-v1-s03-S_simple-one_free-MS,simplicity-v1-s03,specialization,S_simple,one_free,MS,simplicity-v1-s03-S_simple-one_free-MS#0,S,92,True,True
pair_joint_M_o1.0_s0,simplicity-v1-s03-S_simple-one_free-MS,simplicity-v1-s03,specialization,S_simple,one_free,MS,simplicity-v1-s03-S_simple-one_free-MS#1,S,97,True,True
pair_joint_M_o1.0_s0,simplicity-v1-s03-S_simple-one_free-MS,simplicity-v1-s03,specialization,S_simple,one_free,MS,simplicity-v1-s03-S_simple-one_free-MS#2,S,111,True,True
pair_joint_M_o1.0_s0,simplicity-v1-s03-S_simple-one_free-MS,simplicity-v1-s03,specialization,S_simple,one_free,MS,simplicity-v1-s03-S_simple-one_free-MS#3,S,78,True,True
pair_joint_M_o1.0_s0,simplicity-v1-s03-S_simple-one_free-SM,simplicity-v1-s03,specialization,S_simple,one_free,SM,simplicity-v1-s03-S_simple-one_free-SM#0,S,109,True,True
pair_joint_M_o1.0_s0,simplicity-v1-s03-S_simple-one_free-SM,simplicity-v1-s03,specialization,S_simple,one_free,SM,simplicity-v1-s03-S_simple-one_free-SM#1,S,59,True,True
pair_joint_M_o1.0_s0,simplicity-v1-s03-S_simple-one_free-SM,simplicity-v1-s03,specialization,S_simple,one_free,SM,simplicity-v1-s03-S_simple-one_free-SM#2,S,114,True,True
pair_joint_M_o1.0_s0,simplicity-v1-s03-S_simple-one_free-SM,simplicity-v1-s03,specialization,S_simple,one_free,SM,simplicity-v1-s03-S_simple-one_free-SM#3,S,115,True,True
pair_joint_M_o1.0_s0,simplicity-v1-s03-S_simple-one_brief-MS,simplicity-v1-s03,specialization,S_simple,one_brief,MS,simplicity-v1-s03-S_simple-one_brief-MS#0,S,13,True,True
pair_joint_M_o1.0_s0,simplicity-v1-s03-S_simple-one_brief-MS,simplicity-v1-s03,specialization,S_simple,one_brief,MS,simplicity-v1-s03-S_simple-one_brief-MS#1,S,31,False,True
pair_joint_M_o1.0_s0,simplicity-v1-s03-S_simple-one_brief-MS,simplicity-v1-s03,specialization,S_simple,one_brief,MS,simplicity-v1-s03-S_simple-one_brief-MS#2,S,82,False,True
pair_joint_M_o1.0_s0,simplicity-v1-s03-S_simple-one_brief-MS,simplicity-v1-s03,specialization,S_simple,one_brief,MS,simplicity-v1-s03-S_simple-one_brief-MS#3,S,18,True,True
pair_joint_M_o1.0_s0,simplicity-v1-s03-S_simple-one_brief-SM,simplicity-v1-s03,specialization,S_simple,one_brief,SM,simplicity-v1-s03-S_simple-one_brief-SM#0,S,15,True,True
pair_joint_M_o1.0_s0,simplicity-v1-s03-S_simple-one_brief-SM,simplicity-v1-s03,specialization,S_simple,one_brief,SM,simplicity-v1-s03-S_simple-one_brief-SM#1,S,47,False,True
pair_joint_M_o1.0_s0,simplicity-v1-s03-S_simple-one_brief-SM,simplicity-v1-s03,specialization,S_simple,one_brief,SM,simplicity-v1-s03-S_simple-one_brief-SM#2,S,13,True,True
pair_joint_M_o1.0_s0,simplicity-v1-s03-S_simple-one_brief-SM,simplicity-v1-s03,specialization,S_simple,one_brief,SM,simplicity-v1-s03-S_simple-one_brief-SM#3,S,18,True,True
pair_joint_M_o1.0_s0,simplicity-v1-s03-S_simple-one_detailed-MS,simplicity-v1-s03,specialization,S_simple,one_detailed,MS,simplicity-v1-s03-S_simple-one_detailed-MS#0,S,104,False,True
pair_joint_M_o1.0_s0,simplicity-v1-s03-S_simple-one_detailed-MS,simplicity-v1-s03,specialization,S_simple,one_detailed,MS,simplicity-v1-s03-S_simple-one_detailed-MS#1,S,131,True,True
pair_joint_M_o1.0_s0,simplicity-v1-s03-S_simple-one_detailed-MS,simplicity-v1-s03,specialization,S_simple,one_detailed,MS,simplicity-v1-s03-S_simple-one_detailed-MS#2,S,93,False,True
pair_joint_M_o1.0_s0,simplicity-v1-s03-S_simple-one_detailed-MS,simplicity-v1-s03,specialization,S_simple,one_detailed,MS,simplicity-v1-s03-S_simple-one_detailed-MS#3,S,166,False,True
pair_joint_M_o1.0_s0,simplicity-v1-s03-S_simple-one_detailed-SM,simplicity-v1-s03,specialization,S_simple,one_detailed,SM,simplicity-v1-s03-S_simple-one_detailed-SM#0,S,129,True,True
pair_joint_M_o1.0_s0,simplicity-v1-s03-S_simple-one_detailed-SM,simplicity-v1-s03,specialization,S_simple,one_detailed,SM,simplicity-v1-s03-S_simple-one_detailed-SM#1,S,103,False,True
pair_joint_M_o1.0_s0,simplicity-v1-s03-S_simple-one_detailed-SM,simplicity-v1-s03,specialization,S_simple,one_detailed,SM,simplicity-v1-s03-S_simple-one_detailed-SM#2,S,111,False,True
pair_joint_M_o1.0_s0,simplicity-v1-s03-S_simple-one_detailed-SM,simplicity-v1-s03,specialization,S_simple,one_detailed,SM,simplicity-v1-s03-S_simple-one_detailed-SM#3,S,108,False,True
pair_joint_M_o1.0_s0,simplicity-v1-n01-equal-flexible-MS,simplicity-v1-n01,neutral,equal,flexible,MS,simplicity-v1-n01-equal-flexible-MS#0,S,110,True,True
pair_joint_M_o1.0_s0,simplicity-v1-n01-equal-flexible-MS,simplicity-v1-n01,neutral,equal,flexible,MS,simplicity-v1-n01-equal-flexible-MS#1,S,107,True,True
pair_joint_M_o1.0_s0,simplicity-v1-n01-equal-flexible-MS,simplicity-v1-n01,neutral,equal,flexible,MS,simplicity-v1-n01-equal-flexible-MS#2,S,106,True,True
pair_joint_M_o1.0_s0,simplicity-v1-n01-equal-flexible-MS,simplicity-v1-n01,neutral,equal,flexible,MS,simplicity-v1-n01-equal-flexible-MS#3,S,142,True,True
pair_joint_M_o1.0_s0,simplicity-v1-n01-equal-flexible-SM,simplicity-v1-n01,neutral,equal,flexible,SM,simplicity-v1-n01-equal-flexible-SM#0,S,142,True,True
pair_joint_M_o1.0_s0,simplicity-v1-n01-equal-flexible-SM,simplicity-v1-n01,neutral,equal,flexible,SM,simplicity-v1-n01-equal-flexible-SM#1,S,103,True,True
pair_joint_M_o1.0_s0,simplicity-v1-n01-equal-flexible-SM,simplicity-v1-n01,neutral,equal,flexible,SM,simplicity-v1-n01-equal-flexible-SM#2,S,91,True,True
pair_joint_M_o1.0_s0,simplicity-v1-n01-equal-flexible-SM,simplicity-v1-n01,neutral,equal,flexible,SM,simplicity-v1-n01-equal-flexible-SM#3,S,98,True,True
pair_joint_M_o1.0_s0,simplicity-v1-n01-equal-one_free-MS,simplicity-v1-n01,neutral,equal,one_free,MS,simplicity-v1-n01-equal-one_free-MS#0,S,91,True,True
pair_joint_M_o1.0_s0,simplicity-v1-n01-equal-one_free-MS,simplicity-v1-n01,neutral,equal,one_free,MS,simplicity-v1-n01-equal-one_free-MS#1,S,110,True,True
pair_joint_M_o1.0_s0,simplicity-v1-n01-equal-one_free-MS,simplicity-v1-n01,neutral,equal,one_free,MS,simplicity-v1-n01-equal-one_free-MS#2,S,134,True,True
pair_joint_M_o1.0_s0,simplicity-v1-n01-equal-one_free-MS,simplicity-v1-n01,neutral,equal,one_free,MS,simplicity-v1-n01-equal-one_free-MS#3,M,104,True,True
pair_joint_M_o1.0_s0,simplicity-v1-n01-equal-one_free-SM,simplicity-v1-n01,neutral,equal,one_free,SM,simplicity-v1-n01-equal-one_free-SM#0,S,124,True,True
pair_joint_M_o1.0_s0,simplicity-v1-n01-equal-one_free-SM,simplicity-v1-n01,neutral,equal,one_free,SM,simplicity-v1-n01-equal-one_free-SM#1,M,112,True,True
pair_joint_M_o1.0_s0,simplicity-v1-n01-equal-one_free-SM,simplicity-v1-n01,neutral,equal,one_free,SM,simplicity-v1-n01-equal-one_free-SM#2,S,118,True,True
pair_joint_M_o1.0_s0,simplicity-v1-n01-equal-one_free-SM,simplicity-v1-n01,neutral,equal,one_free,SM,simplicity-v1-n01-equal-one_free-SM#3,S,108,True,True
pair_joint_M_o1.0_s0,simplicity-v1-n01-equal-one_brief-MS,simplicity-v1-n01,neutral,equal,one_brief,MS,simplicity-v1-n01-equal-one_brief-MS#0,S,21,True,True
pair_joint_M_o1.0_s0,simplicity-v1-n01-equal-one_brief-MS,simplicity-v1-n01,neutral,equal,one_brief,MS,simplicity-v1-n01-equal-one_brief-MS#1,S,40,False,True
pair_joint_M_o1.0_s0,simplicity-v1-n01-equal-one_brief-MS,simplicity-v1-n01,neutral,equal,one_brief,MS,simplicity-v1-n01-equal-one_brief-MS#2,S,24,True,True
pair_joint_M_o1.0_s0,simplicity-v1-n01-equal-one_brief-MS,simplicity-v1-n01,neutral,equal,one_brief,MS,simplicity-v1-n01-equal-one_brief-MS#3,S,28,False,True
pair_joint_M_o1.0_s0,simplicity-v1-n01-equal-one_brief-SM,simplicity-v1-n01,neutral,equal,one_brief,SM,simplicity-v1-n01-equal-one_brief-SM#0,S,8,True,True
pair_joint_M_o1.0_s0,simplicity-v1-n01-equal-one_brief-SM,simplicity-v1-n01,neutral,equal,one_brief,SM,simplicity-v1-n01-equal-one_brief-SM#1,S,19,True,True
pair_joint_M_o1.0_s0,simplicity-v1-n01-equal-one_brief-SM,simplicity-v1-n01,neutral,equal,one_brief,SM,simplicity-v1-n01-equal-one_brief-SM#2,S,16,True,True
pair_joint_M_o1.0_s0,simplicity-v1-n01-equal-one_brief-SM,simplicity-v1-n01,neutral,equal,one_brief,SM,simplicity-v1-n01-equal-one_brief-SM#3,S,14,True,True
pair_joint_M_o1.0_s0,simplicity-v1-n01-equal-one_detailed-MS,simplicity-v1-n01,neutral,equal,one_detailed,MS,simplicity-v1-n01-equal-one_detailed-MS#0,S,119,False,True
pair_joint_M_o1.0_s0,simplicity-v1-n01-equal-one_detailed-MS,simplicity-v1-n01,neutral,equal,one_detailed,MS,simplicity-v1-n01-equal-one_detailed-MS#1,S,138,True,True
pair_joint_M_o1.0_s0,simplicity-v1-n01-equal-one_detailed-MS,simplicity-v1-n01,neutral,equal,one_detailed,MS,simplicity-v1-n01-equal-one_detailed-MS#2,S,102,False,True
pair_joint_M_o1.0_s0,simplicity-v1-n01-equal-one_detailed-MS,simplicity-v1-n01,neutral,equal,one_detailed,MS,simplicity-v1-n01-equal-one_detailed-MS#3,S,139,True,True
pair_joint_M_o1.0_s0,simplicity-v1-n01-equal-one_detailed-SM,simplicity-v1-n01,neutral,equal,one_detailed,SM,simplicity-v1-n01-equal-one_detailed-SM#0,S,137,True,True
pair_joint_M_o1.0_s0,simplicity-v1-n01-equal-one_detailed-SM,simplicity-v1-n01,neutral,equal,one_detailed,SM,simplicity-v1-n01-equal-one_detailed-SM#1,S,110,False,True
pair_joint_M_o1.0_s0,simplicity-v1-n01-equal-one_detailed-SM,simplicity-v1-n01,neutral,equal,one_detailed,SM,simplicity-v1-n01-equal-one_detailed-SM#2,S,122,True,True
pair_joint_M_o1.0_s0,simplicity-v1-n01-equal-one_detailed-SM,simplicity-v1-n01,neutral,equal,one_detailed,SM,simplicity-v1-n01-equal-one_detailed-SM#3,S,100,False,True
pair_joint_M_o1.0_s0,simplicity-v1-n01-M_simple-flexible-MS,simplicity-v1-n01,neutral,M_simple,flexible,MS,simplicity-v1-n01-M_simple-flexible-MS#0,S,123,True,True
pair_joint_M_o1.0_s0,simplicity-v1-n01-M_simple-flexible-MS,simplicity-v1-n01,neutral,M_simple,flexible,MS,simplicity-v1-n01-M_simple-flexible-MS#1,S,100,True,True
pair_joint_M_o1.0_s0,simplicity-v1-n01-M_simple-flexible-MS,simplicity-v1-n01,neutral,M_simple,flexible,MS,simplicity-v1-n01-M_simple-flexible-MS#2,S,139,True,True
pair_joint_M_o1.0_s0,simplicity-v1-n01-M_simple-flexible-MS,simplicity-v1-n01,neutral,M_simple,flexible,MS,simplicity-v1-n01-M_simple-flexible-MS#3,neither,163,False,True
pair_joint_M_o1.0_s0,simplicity-v1-n01-M_simple-flexible-SM,simplicity-v1-n01,neutral,M_simple,flexible,SM,simplicity-v1-n01-M_simple-flexible-SM#0,S,93,True,True
pair_joint_M_o1.0_s0,simplicity-v1-n01-M_simple-flexible-SM,simplicity-v1-n01,neutral,M_simple,flexible,SM,simplicity-v1-n01-M_simple-flexible-SM#1,S,119,True,True
pair_joint_M_o1.0_s0,simplicity-v1-n01-M_simple-flexible-SM,simplicity-v1-n01,neutral,M_simple,flexible,SM,simplicity-v1-n01-M_simple-flexible-SM#2,neither,112,True,True
pair_joint_M_o1.0_s0,simplicity-v1-n01-M_simple-flexible-SM,simplicity-v1-n01,neutral,M_simple,flexible,SM,simplicity-v1-n01-M_simple-flexible-SM#3,S,107,True,True
pair_joint_M_o1.0_s0,simplicity-v1-n01-M_simple-one_free-MS,simplicity-v1-n01,neutral,M_simple,one_free,MS,simplicity-v1-n01-M_simple-one_free-MS#0,S,135,True,True
pair_joint_M_o1.0_s0,simplicity-v1-n01-M_simple-one_free-MS,simplicity-v1-n01,neutral,M_simple,one_free,MS,simplicity-v1-n01-M_simple-one_free-MS#1,M,91,True,True
pair_joint_M_o1.0_s0,simplicity-v1-n01-M_simple-one_free-MS,simplicity-v1-n01,neutral,M_simple,one_free,MS,simplicity-v1-n01-M_simple-one_free-MS#2,S,111,True,True
pair_joint_M_o1.0_s0,simplicity-v1-n01-M_simple-one_free-MS,simplicity-v1-n01,neutral,M_simple,one_free,MS,simplicity-v1-n01-M_simple-one_free-MS#3,S,119,True,True
pair_joint_M_o1.0_s0,simplicity-v1-n01-M_simple-one_free-SM,simplicity-v1-n01,neutral,M_simple,one_free,SM,simplicity-v1-n01-M_simple-one_free-SM#0,S,120,True,True
pair_joint_M_o1.0_s0,simplicity-v1-n01-M_simple-one_free-SM,simplicity-v1-n01,neutral,M_simple,one_free,SM,simplicity-v1-n01-M_simple-one_free-SM#1,S,87,True,True
pair_joint_M_o1.0_s0,simplicity-v1-n01-M_simple-one_free-SM,simplicity-v1-n01,neutral,M_simple,one_free,SM,simplicity-v1-n01-M_simple-one_free-SM#2,S,174,False,True
pair_joint_M_o1.0_s0,simplicity-v1-n01-M_simple-one_free-SM,simplicity-v1-n01,neutral,M_simple,one_free,SM,simplicity-v1-n01-M_simple-one_free-SM#3,M,152,True,True
pair_joint_M_o1.0_s0,simplicity-v1-n01-M_simple-one_brief-MS,simplicity-v1-n01,neutral,M_simple,one_brief,MS,simplicity-v1-n01-M_simple-one_brief-MS#0,M,22,True,True
pair_joint_M_o1.0_s0,simplicity-v1-n01-M_simple-one_brief-MS,simplicity-v1-n01,neutral,M_simple,one_brief,MS,simplicity-v1-n01-M_simple-one_brief-MS#1,S,45,False,True
pair_joint_M_o1.0_s0,simplicity-v1-n01-M_simple-one_brief-MS,simplicity-v1-n01,neutral,M_simple,one_brief,MS,simplicity-v1-n01-M_simple-one_brief-MS#2,S,67,False,True
pair_joint_M_o1.0_s0,simplicity-v1-n01-M_simple-one_brief-MS,simplicity-v1-n01,neutral,M_simple,one_brief,MS,simplicity-v1-n01-M_simple-one_brief-MS#3,S,30,False,True
pair_joint_M_o1.0_s0,simplicity-v1-n01-M_simple-one_brief-SM,simplicity-v1-n01,neutral,M_simple,one_brief,SM,simplicity-v1-n01-M_simple-one_brief-SM#0,S,15,True,True
pair_joint_M_o1.0_s0,simplicity-v1-n01-M_simple-one_brief-SM,simplicity-v1-n01,neutral,M_simple,one_brief,SM,simplicity-v1-n01-M_simple-one_brief-SM#1,S,13,True,True
pair_joint_M_o1.0_s0,simplicity-v1-n01-M_simple-one_brief-SM,simplicity-v1-n01,neutral,M_simple,one_brief,SM,simplicity-v1-n01-M_simple-one_brief-SM#2,S,11,True,True
pair_joint_M_o1.0_s0,simplicity-v1-n01-M_simple-one_brief-SM,simplicity-v1-n01,neutral,M_simple,one_brief,SM,simplicity-v1-n01-M_simple-one_brief-SM#3,S,48,False,True
pair_joint_M_o1.0_s0,simplicity-v1-n01-M_simple-one_detailed-MS,simplicity-v1-n01,neutral,M_simple,one_detailed,MS,simplicity-v1-n01-M_simple-one_detailed-MS#0,M,91,False,True
pair_joint_M_o1.0_s0,simplicity-v1-n01-M_simple-one_detailed-MS,simplicity-v1-n01,neutral,M_simple,one_detailed,MS,simplicity-v1-n01-M_simple-one_detailed-MS#1,S,122,True,True
pair_joint_M_o1.0_s0,simplicity-v1-n01-M_simple-one_detailed-MS,simplicity-v1-n01,neutral,M_simple,one_detailed,MS,simplicity-v1-n01-M_simple-one_detailed-MS#2,S,142,True,True
pair_joint_M_o1.0_s0,simplicity-v1-n01-M_simple-one_detailed-MS,simplicity-v1-n01,neutral,M_simple,one_detailed,MS,simplicity-v1-n01-M_simple-one_detailed-MS#3,M,118,False,True
pair_joint_M_o1.0_s0,simplicity-v1-n01-M_simple-one_detailed-SM,simplicity-v1-n01,neutral,M_simple,one_detailed,SM,simplicity-v1-n01-M_simple-one_detailed-SM#0,M,111,False,True
pair_joint_M_o1.0_s0,simplicity-v1-n01-M_simple-one_detailed-SM,simplicity-v1-n01,neutral,M_simple,one_detailed,SM,simplicity-v1-n01-M_simple-one_detailed-SM#1,M,96,False,True
pair_joint_M_o1.0_s0,simplicity-v1-n01-M_simple-one_detailed-SM,simplicity-v1-n01,neutral,M_simple,one_detailed,SM,simplicity-v1-n01-M_simple-one_detailed-SM#2,S,119,False,True
pair_joint_M_o1.0_s0,simplicity-v1-n01-M_simple-one_detailed-SM,simplicity-v1-n01,neutral,M_simple,one_detailed,SM,simplicity-v1-n01-M_simple-one_detailed-SM#3,S,129,True,True
pair_joint_M_o1.0_s0,simplicity-v1-n01-S_simple-flexible-MS,simplicity-v1-n01,neutral,S_simple,flexible,MS,simplicity-v1-n01-S_simple-flexible-MS#0,S,100,True,True
pair_joint_M_o1.0_s0,simplicity-v1-n01-S_simple-flexible-MS,simplicity-v1-n01,neutral,S_simple,flexible,MS,simplicity-v1-n01-S_simple-flexible-MS#1,S,125,True,True
pair_joint_M_o1.0_s0,simplicity-v1-n01-S_simple-flexible-MS,simplicity-v1-n01,neutral,S_simple,flexible,MS,simplicity-v1-n01-S_simple-flexible-MS#2,S,108,True,True
pair_joint_M_o1.0_s0,simplicity-v1-n01-S_simple-flexible-MS,simplicity-v1-n01,neutral,S_simple,flexible,MS,simplicity-v1-n01-S_simple-flexible-MS#3,S,80,True,True
pair_joint_M_o1.0_s0,simplicity-v1-n01-S_simple-flexible-SM,simplicity-v1-n01,neutral,S_simple,flexible,SM,simplicity-v1-n01-S_simple-flexible-SM#0,S,123,True,True
pair_joint_M_o1.0_s0,simplicity-v1-n01-S_simple-flexible-SM,simplicity-v1-n01,neutral,S_simple,flexible,SM,simplicity-v1-n01-S_simple-flexible-SM#1,S,125,True,True
pair_joint_M_o1.0_s0,simplicity-v1-n01-S_simple-flexible-SM,simplicity-v1-n01,neutral,S_simple,flexible,SM,simplicity-v1-n01-S_simple-flexible-SM#2,S,142,True,True
pair_joint_M_o1.0_s0,simplicity-v1-n01-S_simple-flexible-SM,simplicity-v1-n01,neutral,S_simple,flexible,SM,simplicity-v1-n01-S_simple-flexible-SM#3,S,126,True,True
pair_joint_M_o1.0_s0,simplicity-v1-n01-S_simple-one_free-MS,simplicity-v1-n01,neutral,S_simple,one_free,MS,simplicity-v1-n01-S_simple-one_free-MS#0,S,93,True,True
pair_joint_M_o1.0_s0,simplicity-v1-n01-S_simple-one_free-MS,simplicity-v1-n01,neutral,S_simple,one_free,MS,simplicity-v1-n01-S_simple-one_free-MS#1,S,116,True,True
pair_joint_M_o1.0_s0,simplicity-v1-n01-S_simple-one_free-MS,simplicity-v1-n01,neutral,S_simple,one_free,MS,simplicity-v1-n01-S_simple-one_free-MS#2,S,122,True,True
pair_joint_M_o1.0_s0,simplicity-v1-n01-S_simple-one_free-MS,simplicity-v1-n01,neutral,S_simple,one_free,MS,simplicity-v1-n01-S_simple-one_free-MS#3,S,109,True,True
pair_joint_M_o1.0_s0,simplicity-v1-n01-S_simple-one_free-SM,simplicity-v1-n01,neutral,S_simple,one_free,SM,simplicity-v1-n01-S_simple-one_free-SM#0,S,104,True,True
pair_joint_M_o1.0_s0,simplicity-v1-n01-S_simple-one_free-SM,simplicity-v1-n01,neutral,S_simple,one_free,SM,simplicity-v1-n01-S_simple-one_free-SM#1,S,88,True,True
pair_joint_M_o1.0_s0,simplicity-v1-n01-S_simple-one_free-SM,simplicity-v1-n01,neutral,S_simple,one_free,SM,simplicity-v1-n01-S_simple-one_free-SM#2,S,96,True,True
pair_joint_M_o1.0_s0,simplicity-v1-n01-S_simple-one_free-SM,simplicity-v1-n01,neutral,S_simple,one_free,SM,simplicity-v1-n01-S_simple-one_free-SM#3,S,117,True,True
pair_joint_M_o1.0_s0,simplicity-v1-n01-S_simple-one_brief-MS,simplicity-v1-n01,neutral,S_simple,one_brief,MS,simplicity-v1-n01-S_simple-one_brief-MS#0,S,39,False,True
pair_joint_M_o1.0_s0,simplicity-v1-n01-S_simple-one_brief-MS,simplicity-v1-n01,neutral,S_simple,one_brief,MS,simplicity-v1-n01-S_simple-one_brief-MS#1,S,18,True,True
pair_joint_M_o1.0_s0,simplicity-v1-n01-S_simple-one_brief-MS,simplicity-v1-n01,neutral,S_simple,one_brief,MS,simplicity-v1-n01-S_simple-one_brief-MS#2,S,24,True,True
pair_joint_M_o1.0_s0,simplicity-v1-n01-S_simple-one_brief-MS,simplicity-v1-n01,neutral,S_simple,one_brief,MS,simplicity-v1-n01-S_simple-one_brief-MS#3,S,20,True,True
pair_joint_M_o1.0_s0,simplicity-v1-n01-S_simple-one_brief-SM,simplicity-v1-n01,neutral,S_simple,one_brief,SM,simplicity-v1-n01-S_simple-one_brief-SM#0,S,9,True,True
pair_joint_M_o1.0_s0,simplicity-v1-n01-S_simple-one_brief-SM,simplicity-v1-n01,neutral,S_simple,one_brief,SM,simplicity-v1-n01-S_simple-one_brief-SM#1,S,10,True,True
pair_joint_M_o1.0_s0,simplicity-v1-n01-S_simple-one_brief-SM,simplicity-v1-n01,neutral,S_simple,one_brief,SM,simplicity-v1-n01-S_simple-one_brief-SM#2,S,9,True,True
pair_joint_M_o1.0_s0,simplicity-v1-n01-S_simple-one_brief-SM,simplicity-v1-n01,neutral,S_simple,one_brief,SM,simplicity-v1-n01-S_simple-one_brief-SM#3,S,13,True,True
pair_joint_M_o1.0_s0,simplicity-v1-n01-S_simple-one_detailed-MS,simplicity-v1-n01,neutral,S_simple,one_detailed,MS,simplicity-v1-n01-S_simple-one_detailed-MS#0,S,123,True,True
pair_joint_M_o1.0_s0,simplicity-v1-n01-S_simple-one_detailed-MS,simplicity-v1-n01,neutral,S_simple,one_detailed,MS,simplicity-v1-n01-S_simple-one_detailed-MS#1,S,114,False,True
pair_joint_M_o1.0_s0,simplicity-v1-n01-S_simple-one_detailed-MS,simplicity-v1-n01,neutral,S_simple,one_detailed,MS,simplicity-v1-n01-S_simple-one_detailed-MS#2,S,122,True,True
pair_joint_M_o1.0_s0,simplicity-v1-n01-S_simple-one_detailed-MS,simplicity-v1-n01,neutral,S_simple,one_detailed,MS,simplicity-v1-n01-S_simple-one_detailed-MS#3,S,121,True,True
pair_joint_M_o1.0_s0,simplicity-v1-n01-S_simple-one_detailed-SM,simplicity-v1-n01,neutral,S_simple,one_detailed,SM,simplicity-v1-n01-S_simple-one_detailed-SM#0,S,121,True,True
pair_joint_M_o1.0_s0,simplicity-v1-n01-S_simple-one_detailed-SM,simplicity-v1-n01,neutral,S_simple,one_detailed,SM,simplicity-v1-n01-S_simple-one_detailed-SM#1,S,78,False,True
pair_joint_M_o1.0_s0,simplicity-v1-n01-S_simple-one_detailed-SM,simplicity-v1-n01,neutral,S_simple,one_detailed,SM,simplicity-v1-n01-S_simple-one_detailed-SM#2,S,97,False,True
pair_joint_M_o1.0_s0,simplicity-v1-n01-S_simple-one_detailed-SM,simplicity-v1-n01,neutral,S_simple,one_detailed,SM,simplicity-v1-n01-S_simple-one_detailed-SM#3,S,121,True,True
pair_joint_M_o1.0_s0,simplicity-v1-n02-equal-flexible-MS,simplicity-v1-n02,neutral,equal,flexible,MS,simplicity-v1-n02-equal-flexible-MS#0,S,82,True,True
pair_joint_M_o1.0_s0,simplicity-v1-n02-equal-flexible-MS,simplicity-v1-n02,neutral,equal,flexible,MS,simplicity-v1-n02-equal-flexible-MS#1,S,156,True,True
pair_joint_M_o1.0_s0,simplicity-v1-n02-equal-flexible-MS,simplicity-v1-n02,neutral,equal,flexible,MS,simplicity-v1-n02-equal-flexible-MS#2,S,114,True,True
pair_joint_M_o1.0_s0,simplicity-v1-n02-equal-flexible-MS,simplicity-v1-n02,neutral,equal,flexible,MS,simplicity-v1-n02-equal-flexible-MS#3,S,89,True,True
pair_joint_M_o1.0_s0,simplicity-v1-n02-equal-flexible-SM,simplicity-v1-n02,neutral,equal,flexible,SM,simplicity-v1-n02-equal-flexible-SM#0,S,127,True,True
pair_joint_M_o1.0_s0,simplicity-v1-n02-equal-flexible-SM,simplicity-v1-n02,neutral,equal,flexible,SM,simplicity-v1-n02-equal-flexible-SM#1,S,80,True,True
pair_joint_M_o1.0_s0,simplicity-v1-n02-equal-flexible-SM,simplicity-v1-n02,neutral,equal,flexible,SM,simplicity-v1-n02-equal-flexible-SM#2,S,87,True,True
pair_joint_M_o1.0_s0,simplicity-v1-n02-equal-flexible-SM,simplicity-v1-n02,neutral,equal,flexible,SM,simplicity-v1-n02-equal-flexible-SM#3,S,82,True,True
pair_joint_M_o1.0_s0,simplicity-v1-n02-equal-one_free-MS,simplicity-v1-n02,neutral,equal,one_free,MS,simplicity-v1-n02-equal-one_free-MS#0,S,122,True,True
pair_joint_M_o1.0_s0,simplicity-v1-n02-equal-one_free-MS,simplicity-v1-n02,neutral,equal,one_free,MS,simplicity-v1-n02-equal-one_free-MS#1,S,75,True,True
pair_joint_M_o1.0_s0,simplicity-v1-n02-equal-one_free-MS,simplicity-v1-n02,neutral,equal,one_free,MS,simplicity-v1-n02-equal-one_free-MS#2,S,134,True,True
pair_joint_M_o1.0_s0,simplicity-v1-n02-equal-one_free-MS,simplicity-v1-n02,neutral,equal,one_free,MS,simplicity-v1-n02-equal-one_free-MS#3,S,108,True,True
pair_joint_M_o1.0_s0,simplicity-v1-n02-equal-one_free-SM,simplicity-v1-n02,neutral,equal,one_free,SM,simplicity-v1-n02-equal-one_free-SM#0,S,100,True,True
pair_joint_M_o1.0_s0,simplicity-v1-n02-equal-one_free-SM,simplicity-v1-n02,neutral,equal,one_free,SM,simplicity-v1-n02-equal-one_free-SM#1,M,85,True,True
pair_joint_M_o1.0_s0,simplicity-v1-n02-equal-one_free-SM,simplicity-v1-n02,neutral,equal,one_free,SM,simplicity-v1-n02-equal-one_free-SM#2,S,102,True,True
pair_joint_M_o1.0_s0,simplicity-v1-n02-equal-one_free-SM,simplicity-v1-n02,neutral,equal,one_free,SM,simplicity-v1-n02-equal-one_free-SM#3,S,96,True,True
pair_joint_M_o1.0_s0,simplicity-v1-n02-equal-one_brief-MS,simplicity-v1-n02,neutral,equal,one_brief,MS,simplicity-v1-n02-equal-one_brief-MS#0,S,39,False,True
pair_joint_M_o1.0_s0,simplicity-v1-n02-equal-one_brief-MS,simplicity-v1-n02,neutral,equal,one_brief,MS,simplicity-v1-n02-equal-one_brief-MS#1,S,29,False,True
pair_joint_M_o1.0_s0,simplicity-v1-n02-equal-one_brief-MS,simplicity-v1-n02,neutral,equal,one_brief,MS,simplicity-v1-n02-equal-one_brief-MS#2,S,20,True,True
pair_joint_M_o1.0_s0,simplicity-v1-n02-equal-one_brief-MS,simplicity-v1-n02,neutral,equal,one_brief,MS,simplicity-v1-n02-equal-one_brief-MS#3,S,33,False,True
pair_joint_M_o1.0_s0,simplicity-v1-n02-equal-one_brief-SM,simplicity-v1-n02,neutral,equal,one_brief,SM,simplicity-v1-n02-equal-one_brief-SM#0,S,43,False,True
pair_joint_M_o1.0_s0,simplicity-v1-n02-equal-one_brief-SM,simplicity-v1-n02,neutral,equal,one_brief,SM,simplicity-v1-n02-equal-one_brief-SM#1,S,62,False,True
pair_joint_M_o1.0_s0,simplicity-v1-n02-equal-one_brief-SM,simplicity-v1-n02,neutral,equal,one_brief,SM,simplicity-v1-n02-equal-one_brief-SM#2,S,24,True,True
pair_joint_M_o1.0_s0,simplicity-v1-n02-equal-one_brief-SM,simplicity-v1-n02,neutral,equal,one_brief,SM,simplicity-v1-n02-equal-one_brief-SM#3,S,17,True,True
pair_joint_M_o1.0_s0,simplicity-v1-n02-equal-one_detailed-MS,simplicity-v1-n02,neutral,equal,one_detailed,MS,simplicity-v1-n02-equal-one_detailed-MS#0,S,87,False,True
pair_joint_M_o1.0_s0,simplicity-v1-n02-equal-one_detailed-MS,simplicity-v1-n02,neutral,equal,one_detailed,MS,simplicity-v1-n02-equal-one_detailed-MS#1,M,123,True,True
pair_joint_M_o1.0_s0,simplicity-v1-n02-equal-one_detailed-MS,simplicity-v1-n02,neutral,equal,one_detailed,MS,simplicity-v1-n02-equal-one_detailed-MS#2,S,97,False,True
pair_joint_M_o1.0_s0,simplicity-v1-n02-equal-one_detailed-MS,simplicity-v1-n02,neutral,equal,one_detailed,MS,simplicity-v1-n02-equal-one_detailed-MS#3,M,130,True,True
pair_joint_M_o1.0_s0,simplicity-v1-n02-equal-one_detailed-SM,simplicity-v1-n02,neutral,equal,one_detailed,SM,simplicity-v1-n02-equal-one_detailed-SM#0,S,71,False,True
pair_joint_M_o1.0_s0,simplicity-v1-n02-equal-one_detailed-SM,simplicity-v1-n02,neutral,equal,one_detailed,SM,simplicity-v1-n02-equal-one_detailed-SM#1,S,94,False,True
pair_joint_M_o1.0_s0,simplicity-v1-n02-equal-one_detailed-SM,simplicity-v1-n02,neutral,equal,one_detailed,SM,simplicity-v1-n02-equal-one_detailed-SM#2,S,74,False,True
pair_joint_M_o1.0_s0,simplicity-v1-n02-equal-one_detailed-SM,simplicity-v1-n02,neutral,equal,one_detailed,SM,simplicity-v1-n02-equal-one_detailed-SM#3,S,107,False,True
pair_joint_M_o1.0_s0,simplicity-v1-n02-M_simple-flexible-MS,simplicity-v1-n02,neutral,M_simple,flexible,MS,simplicity-v1-n02-M_simple-flexible-MS#0,S,118,True,True
pair_joint_M_o1.0_s0,simplicity-v1-n02-M_simple-flexible-MS,simplicity-v1-n02,neutral,M_simple,flexible,MS,simplicity-v1-n02-M_simple-flexible-MS#1,S,126,True,True
pair_joint_M_o1.0_s0,simplicity-v1-n02-M_simple-flexible-MS,simplicity-v1-n02,neutral,M_simple,flexible,MS,simplicity-v1-n02-M_simple-flexible-MS#2,S,99,True,True
pair_joint_M_o1.0_s0,simplicity-v1-n02-M_simple-flexible-MS,simplicity-v1-n02,neutral,M_simple,flexible,MS,simplicity-v1-n02-M_simple-flexible-MS#3,neither,90,True,True
pair_joint_M_o1.0_s0,simplicity-v1-n02-M_simple-flexible-SM,simplicity-v1-n02,neutral,M_simple,flexible,SM,simplicity-v1-n02-M_simple-flexible-SM#0,S,100,True,True
pair_joint_M_o1.0_s0,simplicity-v1-n02-M_simple-flexible-SM,simplicity-v1-n02,neutral,M_simple,flexible,SM,simplicity-v1-n02-M_simple-flexible-SM#1,S,128,True,True
pair_joint_M_o1.0_s0,simplicity-v1-n02-M_simple-flexible-SM,simplicity-v1-n02,neutral,M_simple,flexible,SM,simplicity-v1-n02-M_simple-flexible-SM#2,S,89,True,True
pair_joint_M_o1.0_s0,simplicity-v1-n02-M_simple-flexible-SM,simplicity-v1-n02,neutral,M_simple,flexible,SM,simplicity-v1-n02-M_simple-flexible-SM#3,S,77,True,True
pair_joint_M_o1.0_s0,simplicity-v1-n02-M_simple-one_free-MS,simplicity-v1-n02,neutral,M_simple,one_free,MS,simplicity-v1-n02-M_simple-one_free-MS#0,M,84,True,True
pair_joint_M_o1.0_s0,simplicity-v1-n02-M_simple-one_free-MS,simplicity-v1-n02,neutral,M_simple,one_free,MS,simplicity-v1-n02-M_simple-one_free-MS#1,M,85,True,True
pair_joint_M_o1.0_s0,simplicity-v1-n02-M_simple-one_free-MS,simplicity-v1-n02,neutral,M_simple,one_free,MS,simplicity-v1-n02-M_simple-one_free-MS#2,S,136,True,True
pair_joint_M_o1.0_s0,simplicity-v1-n02-M_simple-one_free-MS,simplicity-v1-n02,neutral,M_simple,one_free,MS,simplicity-v1-n02-M_simple-one_free-MS#3,S,100,True,True
pair_joint_M_o1.0_s0,simplicity-v1-n02-M_simple-one_free-SM,simplicity-v1-n02,neutral,M_simple,one_free,SM,simplicity-v1-n02-M_simple-one_free-SM#0,S,123,True,True
pair_joint_M_o1.0_s0,simplicity-v1-n02-M_simple-one_free-SM,simplicity-v1-n02,neutral,M_simple,one_free,SM,simplicity-v1-n02-M_simple-one_free-SM#1,S,112,True,True
pair_joint_M_o1.0_s0,simplicity-v1-n02-M_simple-one_free-SM,simplicity-v1-n02,neutral,M_simple,one_free,SM,simplicity-v1-n02-M_simple-one_free-SM#2,S,85,True,True
pair_joint_M_o1.0_s0,simplicity-v1-n02-M_simple-one_free-SM,simplicity-v1-n02,neutral,M_simple,one_free,SM,simplicity-v1-n02-M_simple-one_free-SM#3,S,109,True,True
pair_joint_M_o1.0_s0,simplicity-v1-n02-M_simple-one_brief-MS,simplicity-v1-n02,neutral,M_simple,one_brief,MS,simplicity-v1-n02-M_simple-one_brief-MS#0,M,25,True,True
pair_joint_M_o1.0_s0,simplicity-v1-n02-M_simple-one_brief-MS,simplicity-v1-n02,neutral,M_simple,one_brief,MS,simplicity-v1-n02-M_simple-one_brief-MS#1,S,36,False,True
pair_joint_M_o1.0_s0,simplicity-v1-n02-M_simple-one_brief-MS,simplicity-v1-n02,neutral,M_simple,one_brief,MS,simplicity-v1-n02-M_simple-one_brief-MS#2,S,20,True,True
pair_joint_M_o1.0_s0,simplicity-v1-n02-M_simple-one_brief-MS,simplicity-v1-n02,neutral,M_simple,one_brief,MS,simplicity-v1-n02-M_simple-one_brief-MS#3,S,13,True,True
pair_joint_M_o1.0_s0,simplicity-v1-n02-M_simple-one_brief-SM,simplicity-v1-n02,neutral,M_simple,one_brief,SM,simplicity-v1-n02-M_simple-one_brief-SM#0,S,29,False,True
pair_joint_M_o1.0_s0,simplicity-v1-n02-M_simple-one_brief-SM,simplicity-v1-n02,neutral,M_simple,one_brief,SM,simplicity-v1-n02-M_simple-one_brief-SM#1,S,56,False,True
pair_joint_M_o1.0_s0,simplicity-v1-n02-M_simple-one_brief-SM,simplicity-v1-n02,neutral,M_simple,one_brief,SM,simplicity-v1-n02-M_simple-one_brief-SM#2,S,19,True,True
pair_joint_M_o1.0_s0,simplicity-v1-n02-M_simple-one_brief-SM,simplicity-v1-n02,neutral,M_simple,one_brief,SM,simplicity-v1-n02-M_simple-one_brief-SM#3,S,21,True,True
pair_joint_M_o1.0_s0,simplicity-v1-n02-M_simple-one_detailed-MS,simplicity-v1-n02,neutral,M_simple,one_detailed,MS,simplicity-v1-n02-M_simple-one_detailed-MS#0,S,123,True,True
pair_joint_M_o1.0_s0,simplicity-v1-n02-M_simple-one_detailed-MS,simplicity-v1-n02,neutral,M_simple,one_detailed,MS,simplicity-v1-n02-M_simple-one_detailed-MS#1,S,120,True,True
pair_joint_M_o1.0_s0,simplicity-v1-n02-M_simple-one_detailed-MS,simplicity-v1-n02,neutral,M_simple,one_detailed,MS,simplicity-v1-n02-M_simple-one_detailed-MS#2,M,76,False,True
pair_joint_M_o1.0_s0,simplicity-v1-n02-M_simple-one_detailed-MS,simplicity-v1-n02,neutral,M_simple,one_detailed,MS,simplicity-v1-n02-M_simple-one_detailed-MS#3,S,119,False,True
pair_joint_M_o1.0_s0,simplicity-v1-n02-M_simple-one_detailed-SM,simplicity-v1-n02,neutral,M_simple,one_detailed,SM,simplicity-v1-n02-M_simple-one_detailed-SM#0,S,76,False,True
pair_joint_M_o1.0_s0,simplicity-v1-n02-M_simple-one_detailed-SM,simplicity-v1-n02,neutral,M_simple,one_detailed,SM,simplicity-v1-n02-M_simple-one_detailed-SM#1,M,118,False,True
pair_joint_M_o1.0_s0,simplicity-v1-n02-M_simple-one_detailed-SM,simplicity-v1-n02,neutral,M_simple,one_detailed,SM,simplicity-v1-n02-M_simple-one_detailed-SM#2,S,74,False,True
pair_joint_M_o1.0_s0,simplicity-v1-n02-M_simple-one_detailed-SM,simplicity-v1-n02,neutral,M_simple,one_detailed,SM,simplicity-v1-n02-M_simple-one_detailed-SM#3,M,111,False,True
pair_joint_M_o1.0_s0,simplicity-v1-n02-S_simple-flexible-MS,simplicity-v1-n02,neutral,S_simple,flexible,MS,simplicity-v1-n02-S_simple-flexible-MS#0,S,102,True,True
pair_joint_M_o1.0_s0,simplicity-v1-n02-S_simple-flexible-MS,simplicity-v1-n02,neutral,S_simple,flexible,MS,simplicity-v1-n02-S_simple-flexible-MS#1,S,105,True,True
pair_joint_M_o1.0_s0,simplicity-v1-n02-S_simple-flexible-MS,simplicity-v1-n02,neutral,S_simple,flexible,MS,simplicity-v1-n02-S_simple-flexible-MS#2,S,82,True,True
pair_joint_M_o1.0_s0,simplicity-v1-n02-S_simple-flexible-MS,simplicity-v1-n02,neutral,S_simple,flexible,MS,simplicity-v1-n02-S_simple-flexible-MS#3,S,89,True,True
pair_joint_M_o1.0_s0,simplicity-v1-n02-S_simple-flexible-SM,simplicity-v1-n02,neutral,S_simple,flexible,SM,simplicity-v1-n02-S_simple-flexible-SM#0,S,111,True,True
pair_joint_M_o1.0_s0,simplicity-v1-n02-S_simple-flexible-SM,simplicity-v1-n02,neutral,S_simple,flexible,SM,simplicity-v1-n02-S_simple-flexible-SM#1,S,93,True,True
pair_joint_M_o1.0_s0,simplicity-v1-n02-S_simple-flexible-SM,simplicity-v1-n02,neutral,S_simple,flexible,SM,simplicity-v1-n02-S_simple-flexible-SM#2,S,80,True,True
pair_joint_M_o1.0_s0,simplicity-v1-n02-S_simple-flexible-SM,simplicity-v1-n02,neutral,S_simple,flexible,SM,simplicity-v1-n02-S_simple-flexible-SM#3,S,117,True,True
pair_joint_M_o1.0_s0,simplicity-v1-n02-S_simple-one_free-MS,simplicity-v1-n02,neutral,S_simple,one_free,MS,simplicity-v1-n02-S_simple-one_free-MS#0,S,91,True,True
pair_joint_M_o1.0_s0,simplicity-v1-n02-S_simple-one_free-MS,simplicity-v1-n02,neutral,S_simple,one_free,MS,simplicity-v1-n02-S_simple-one_free-MS#1,S,257,False,True
pair_joint_M_o1.0_s0,simplicity-v1-n02-S_simple-one_free-MS,simplicity-v1-n02,neutral,S_simple,one_free,MS,simplicity-v1-n02-S_simple-one_free-MS#2,S,78,True,True
pair_joint_M_o1.0_s0,simplicity-v1-n02-S_simple-one_free-MS,simplicity-v1-n02,neutral,S_simple,one_free,MS,simplicity-v1-n02-S_simple-one_free-MS#3,S,74,True,True
pair_joint_M_o1.0_s0,simplicity-v1-n02-S_simple-one_free-SM,simplicity-v1-n02,neutral,S_simple,one_free,SM,simplicity-v1-n02-S_simple-one_free-SM#0,S,77,True,True
pair_joint_M_o1.0_s0,simplicity-v1-n02-S_simple-one_free-SM,simplicity-v1-n02,neutral,S_simple,one_free,SM,simplicity-v1-n02-S_simple-one_free-SM#1,S,103,True,True
pair_joint_M_o1.0_s0,simplicity-v1-n02-S_simple-one_free-SM,simplicity-v1-n02,neutral,S_simple,one_free,SM,simplicity-v1-n02-S_simple-one_free-SM#2,S,84,True,True
pair_joint_M_o1.0_s0,simplicity-v1-n02-S_simple-one_free-SM,simplicity-v1-n02,neutral,S_simple,one_free,SM,simplicity-v1-n02-S_simple-one_free-SM#3,S,104,True,True
pair_joint_M_o1.0_s0,simplicity-v1-n02-S_simple-one_brief-MS,simplicity-v1-n02,neutral,S_simple,one_brief,MS,simplicity-v1-n02-S_simple-one_brief-MS#0,S,62,False,True
pair_joint_M_o1.0_s0,simplicity-v1-n02-S_simple-one_brief-MS,simplicity-v1-n02,neutral,S_simple,one_brief,MS,simplicity-v1-n02-S_simple-one_brief-MS#1,S,37,False,True
pair_joint_M_o1.0_s0,simplicity-v1-n02-S_simple-one_brief-MS,simplicity-v1-n02,neutral,S_simple,one_brief,MS,simplicity-v1-n02-S_simple-one_brief-MS#2,S,25,True,True
pair_joint_M_o1.0_s0,simplicity-v1-n02-S_simple-one_brief-MS,simplicity-v1-n02,neutral,S_simple,one_brief,MS,simplicity-v1-n02-S_simple-one_brief-MS#3,S,19,True,True
pair_joint_M_o1.0_s0,simplicity-v1-n02-S_simple-one_brief-SM,simplicity-v1-n02,neutral,S_simple,one_brief,SM,simplicity-v1-n02-S_simple-one_brief-SM#0,S,16,True,True
pair_joint_M_o1.0_s0,simplicity-v1-n02-S_simple-one_brief-SM,simplicity-v1-n02,neutral,S_simple,one_brief,SM,simplicity-v1-n02-S_simple-one_brief-SM#1,S,19,True,True
pair_joint_M_o1.0_s0,simplicity-v1-n02-S_simple-one_brief-SM,simplicity-v1-n02,neutral,S_simple,one_brief,SM,simplicity-v1-n02-S_simple-one_brief-SM#2,S,16,True,True
pair_joint_M_o1.0_s0,simplicity-v1-n02-S_simple-one_brief-SM,simplicity-v1-n02,neutral,S_simple,one_brief,SM,simplicity-v1-n02-S_simple-one_brief-SM#3,S,14,True,True
pair_joint_M_o1.0_s0,simplicity-v1-n02-S_simple-one_detailed-MS,simplicity-v1-n02,neutral,S_simple,one_detailed,MS,simplicity-v1-n02-S_simple-one_detailed-MS#0,S,141,True,True
pair_joint_M_o1.0_s0,simplicity-v1-n02-S_simple-one_detailed-MS,simplicity-v1-n02,neutral,S_simple,one_detailed,MS,simplicity-v1-n02-S_simple-one_detailed-MS#1,S,109,False,True
pair_joint_M_o1.0_s0,simplicity-v1-n02-S_simple-one_detailed-MS,simplicity-v1-n02,neutral,S_simple,one_detailed,MS,simplicity-v1-n02-S_simple-one_detailed-MS#2,S,95,False,True
pair_joint_M_o1.0_s0,simplicity-v1-n02-S_simple-one_detailed-MS,simplicity-v1-n02,neutral,S_simple,one_detailed,MS,simplicity-v1-n02-S_simple-one_detailed-MS#3,S,130,True,True
pair_joint_M_o1.0_s0,simplicity-v1-n02-S_simple-one_detailed-SM,simplicity-v1-n02,neutral,S_simple,one_detailed,SM,simplicity-v1-n02-S_simple-one_detailed-SM#0,S,132,True,True
pair_joint_M_o1.0_s0,simplicity-v1-n02-S_simple-one_detailed-SM,simplicity-v1-n02,neutral,S_simple,one_detailed,SM,simplicity-v1-n02-S_simple-one_detailed-SM#1,S,101,False,True
pair_joint_M_o1.0_s0,simplicity-v1-n02-S_simple-one_detailed-SM,simplicity-v1-n02,neutral,S_simple,one_detailed,SM,simplicity-v1-n02-S_simple-one_detailed-SM#2,S,142,True,True
pair_joint_M_o1.0_s0,simplicity-v1-n02-S_simple-one_detailed-SM,simplicity-v1-n02,neutral,S_simple,one_detailed,SM,simplicity-v1-n02-S_simple-one_detailed-SM#3,S,99,False,True
pair_joint_M_o1.0_s0,simplicity-v1-n03-equal-flexible-MS,simplicity-v1-n03,neutral,equal,flexible,MS,simplicity-v1-n03-equal-flexible-MS#0,S,95,True,True
pair_joint_M_o1.0_s0,simplicity-v1-n03-equal-flexible-MS,simplicity-v1-n03,neutral,equal,flexible,MS,simplicity-v1-n03-equal-flexible-MS#1,S,133,True,True
pair_joint_M_o1.0_s0,simplicity-v1-n03-equal-flexible-MS,simplicity-v1-n03,neutral,equal,flexible,MS,simplicity-v1-n03-equal-flexible-MS#2,S,99,True,True
pair_joint_M_o1.0_s0,simplicity-v1-n03-equal-flexible-MS,simplicity-v1-n03,neutral,equal,flexible,MS,simplicity-v1-n03-equal-flexible-MS#3,S,134,True,True
pair_joint_M_o1.0_s0,simplicity-v1-n03-equal-flexible-SM,simplicity-v1-n03,neutral,equal,flexible,SM,simplicity-v1-n03-equal-flexible-SM#0,S,83,True,True
pair_joint_M_o1.0_s0,simplicity-v1-n03-equal-flexible-SM,simplicity-v1-n03,neutral,equal,flexible,SM,simplicity-v1-n03-equal-flexible-SM#1,unknown,109,True,True
pair_joint_M_o1.0_s0,simplicity-v1-n03-equal-flexible-SM,simplicity-v1-n03,neutral,equal,flexible,SM,simplicity-v1-n03-equal-flexible-SM#2,unknown,105,True,True
pair_joint_M_o1.0_s0,simplicity-v1-n03-equal-flexible-SM,simplicity-v1-n03,neutral,equal,flexible,SM,simplicity-v1-n03-equal-flexible-SM#3,S,124,True,True
pair_joint_M_o1.0_s0,simplicity-v1-n03-equal-one_free-MS,simplicity-v1-n03,neutral,equal,one_free,MS,simplicity-v1-n03-equal-one_free-MS#0,S,99,True,True
pair_joint_M_o1.0_s0,simplicity-v1-n03-equal-one_free-MS,simplicity-v1-n03,neutral,equal,one_free,MS,simplicity-v1-n03-equal-one_free-MS#1,S,122,True,True
pair_joint_M_o1.0_s0,simplicity-v1-n03-equal-one_free-MS,simplicity-v1-n03,neutral,equal,one_free,MS,simplicity-v1-n03-equal-one_free-MS#2,S,87,True,True
pair_joint_M_o1.0_s0,simplicity-v1-n03-equal-one_free-MS,simplicity-v1-n03,neutral,equal,one_free,MS,simplicity-v1-n03-equal-one_free-MS#3,S,122,True,True
pair_joint_M_o1.0_s0,simplicity-v1-n03-equal-one_free-SM,simplicity-v1-n03,neutral,equal,one_free,SM,simplicity-v1-n03-equal-one_free-SM#0,S,89,True,True
pair_joint_M_o1.0_s0,simplicity-v1-n03-equal-one_free-SM,simplicity-v1-n03,neutral,equal,one_free,SM,simplicity-v1-n03-equal-one_free-SM#1,S,79,True,True
pair_joint_M_o1.0_s0,simplicity-v1-n03-equal-one_free-SM,simplicity-v1-n03,neutral,equal,one_free,SM,simplicity-v1-n03-equal-one_free-SM#2,S,158,True,True
pair_joint_M_o1.0_s0,simplicity-v1-n03-equal-one_free-SM,simplicity-v1-n03,neutral,equal,one_free,SM,simplicity-v1-n03-equal-one_free-SM#3,S,110,True,True
pair_joint_M_o1.0_s0,simplicity-v1-n03-equal-one_brief-MS,simplicity-v1-n03,neutral,equal,one_brief,MS,simplicity-v1-n03-equal-one_brief-MS#0,S,9,True,True
pair_joint_M_o1.0_s0,simplicity-v1-n03-equal-one_brief-MS,simplicity-v1-n03,neutral,equal,one_brief,MS,simplicity-v1-n03-equal-one_brief-MS#1,S,40,False,True
pair_joint_M_o1.0_s0,simplicity-v1-n03-equal-one_brief-MS,simplicity-v1-n03,neutral,equal,one_brief,MS,simplicity-v1-n03-equal-one_brief-MS#2,S,29,False,True
pair_joint_M_o1.0_s0,simplicity-v1-n03-equal-one_brief-MS,simplicity-v1-n03,neutral,equal,one_brief,MS,simplicity-v1-n03-equal-one_brief-MS#3,S,95,False,True
pair_joint_M_o1.0_s0,simplicity-v1-n03-equal-one_brief-SM,simplicity-v1-n03,neutral,equal,one_brief,SM,simplicity-v1-n03-equal-one_brief-SM#0,S,23,True,True
pair_joint_M_o1.0_s0,simplicity-v1-n03-equal-one_brief-SM,simplicity-v1-n03,neutral,equal,one_brief,SM,simplicity-v1-n03-equal-one_brief-SM#1,S,35,False,True
pair_joint_M_o1.0_s0,simplicity-v1-n03-equal-one_brief-SM,simplicity-v1-n03,neutral,equal,one_brief,SM,simplicity-v1-n03-equal-one_brief-SM#2,S,12,True,True
pair_joint_M_o1.0_s0,simplicity-v1-n03-equal-one_brief-SM,simplicity-v1-n03,neutral,equal,one_brief,SM,simplicity-v1-n03-equal-one_brief-SM#3,S,18,True,True
pair_joint_M_o1.0_s0,simplicity-v1-n03-equal-one_detailed-MS,simplicity-v1-n03,neutral,equal,one_detailed,MS,simplicity-v1-n03-equal-one_detailed-MS#0,S,94,False,True
pair_joint_M_o1.0_s0,simplicity-v1-n03-equal-one_detailed-MS,simplicity-v1-n03,neutral,equal,one_detailed,MS,simplicity-v1-n03-equal-one_detailed-MS#1,M,83,False,True
pair_joint_M_o1.0_s0,simplicity-v1-n03-equal-one_detailed-MS,simplicity-v1-n03,neutral,equal,one_detailed,MS,simplicity-v1-n03-equal-one_detailed-MS#2,S,93,False,True
pair_joint_M_o1.0_s0,simplicity-v1-n03-equal-one_detailed-MS,simplicity-v1-n03,neutral,equal,one_detailed,MS,simplicity-v1-n03-equal-one_detailed-MS#3,S,143,True,True
pair_joint_M_o1.0_s0,simplicity-v1-n03-equal-one_detailed-SM,simplicity-v1-n03,neutral,equal,one_detailed,SM,simplicity-v1-n03-equal-one_detailed-SM#0,S,153,True,True
pair_joint_M_o1.0_s0,simplicity-v1-n03-equal-one_detailed-SM,simplicity-v1-n03,neutral,equal,one_detailed,SM,simplicity-v1-n03-equal-one_detailed-SM#1,S,96,False,True
pair_joint_M_o1.0_s0,simplicity-v1-n03-equal-one_detailed-SM,simplicity-v1-n03,neutral,equal,one_detailed,SM,simplicity-v1-n03-equal-one_detailed-SM#2,S,170,False,True
pair_joint_M_o1.0_s0,simplicity-v1-n03-equal-one_detailed-SM,simplicity-v1-n03,neutral,equal,one_detailed,SM,simplicity-v1-n03-equal-one_detailed-SM#3,S,119,False,True
pair_joint_M_o1.0_s0,simplicity-v1-n03-M_simple-flexible-MS,simplicity-v1-n03,neutral,M_simple,flexible,MS,simplicity-v1-n03-M_simple-flexible-MS#0,S,91,True,True
pair_joint_M_o1.0_s0,simplicity-v1-n03-M_simple-flexible-MS,simplicity-v1-n03,neutral,M_simple,flexible,MS,simplicity-v1-n03-M_simple-flexible-MS#1,neither,111,True,True
pair_joint_M_o1.0_s0,simplicity-v1-n03-M_simple-flexible-MS,simplicity-v1-n03,neutral,M_simple,flexible,MS,simplicity-v1-n03-M_simple-flexible-MS#2,S,100,True,True
pair_joint_M_o1.0_s0,simplicity-v1-n03-M_simple-flexible-MS,simplicity-v1-n03,neutral,M_simple,flexible,MS,simplicity-v1-n03-M_simple-flexible-MS#3,S,91,True,True
pair_joint_M_o1.0_s0,simplicity-v1-n03-M_simple-flexible-SM,simplicity-v1-n03,neutral,M_simple,flexible,SM,simplicity-v1-n03-M_simple-flexible-SM#0,S,105,True,True
pair_joint_M_o1.0_s0,simplicity-v1-n03-M_simple-flexible-SM,simplicity-v1-n03,neutral,M_simple,flexible,SM,simplicity-v1-n03-M_simple-flexible-SM#1,S,123,True,True
pair_joint_M_o1.0_s0,simplicity-v1-n03-M_simple-flexible-SM,simplicity-v1-n03,neutral,M_simple,flexible,SM,simplicity-v1-n03-M_simple-flexible-SM#2,S,98,True,True
pair_joint_M_o1.0_s0,simplicity-v1-n03-M_simple-flexible-SM,simplicity-v1-n03,neutral,M_simple,flexible,SM,simplicity-v1-n03-M_simple-flexible-SM#3,S,95,True,True
pair_joint_M_o1.0_s0,simplicity-v1-n03-M_simple-one_free-MS,simplicity-v1-n03,neutral,M_simple,one_free,MS,simplicity-v1-n03-M_simple-one_free-MS#0,M,97,True,True
pair_joint_M_o1.0_s0,simplicity-v1-n03-M_simple-one_free-MS,simplicity-v1-n03,neutral,M_simple,one_free,MS,simplicity-v1-n03-M_simple-one_free-MS#1,S,90,True,True
pair_joint_M_o1.0_s0,simplicity-v1-n03-M_simple-one_free-MS,simplicity-v1-n03,neutral,M_simple,one_free,MS,simplicity-v1-n03-M_simple-one_free-MS#2,S,132,True,True
pair_joint_M_o1.0_s0,simplicity-v1-n03-M_simple-one_free-MS,simplicity-v1-n03,neutral,M_simple,one_free,MS,simplicity-v1-n03-M_simple-one_free-MS#3,M,107,True,True
pair_joint_M_o1.0_s0,simplicity-v1-n03-M_simple-one_free-SM,simplicity-v1-n03,neutral,M_simple,one_free,SM,simplicity-v1-n03-M_simple-one_free-SM#0,S,128,True,True
pair_joint_M_o1.0_s0,simplicity-v1-n03-M_simple-one_free-SM,simplicity-v1-n03,neutral,M_simple,one_free,SM,simplicity-v1-n03-M_simple-one_free-SM#1,S,135,True,True
pair_joint_M_o1.0_s0,simplicity-v1-n03-M_simple-one_free-SM,simplicity-v1-n03,neutral,M_simple,one_free,SM,simplicity-v1-n03-M_simple-one_free-SM#2,M,79,True,True
pair_joint_M_o1.0_s0,simplicity-v1-n03-M_simple-one_free-SM,simplicity-v1-n03,neutral,M_simple,one_free,SM,simplicity-v1-n03-M_simple-one_free-SM#3,M,102,True,True
pair_joint_M_o1.0_s0,simplicity-v1-n03-M_simple-one_brief-MS,simplicity-v1-n03,neutral,M_simple,one_brief,MS,simplicity-v1-n03-M_simple-one_brief-MS#0,M,21,True,True
pair_joint_M_o1.0_s0,simplicity-v1-n03-M_simple-one_brief-MS,simplicity-v1-n03,neutral,M_simple,one_brief,MS,simplicity-v1-n03-M_simple-one_brief-MS#1,M,18,True,True
pair_joint_M_o1.0_s0,simplicity-v1-n03-M_simple-one_brief-MS,simplicity-v1-n03,neutral,M_simple,one_brief,MS,simplicity-v1-n03-M_simple-one_brief-MS#2,S,33,False,True
pair_joint_M_o1.0_s0,simplicity-v1-n03-M_simple-one_brief-MS,simplicity-v1-n03,neutral,M_simple,one_brief,MS,simplicity-v1-n03-M_simple-one_brief-MS#3,M,9,True,True
pair_joint_M_o1.0_s0,simplicity-v1-n03-M_simple-one_brief-SM,simplicity-v1-n03,neutral,M_simple,one_brief,SM,simplicity-v1-n03-M_simple-one_brief-SM#0,S,65,False,True
pair_joint_M_o1.0_s0,simplicity-v1-n03-M_simple-one_brief-SM,simplicity-v1-n03,neutral,M_simple,one_brief,SM,simplicity-v1-n03-M_simple-one_brief-SM#1,S,15,True,True
pair_joint_M_o1.0_s0,simplicity-v1-n03-M_simple-one_brief-SM,simplicity-v1-n03,neutral,M_simple,one_brief,SM,simplicity-v1-n03-M_simple-one_brief-SM#2,S,78,False,True
pair_joint_M_o1.0_s0,simplicity-v1-n03-M_simple-one_brief-SM,simplicity-v1-n03,neutral,M_simple,one_brief,SM,simplicity-v1-n03-M_simple-one_brief-SM#3,S,70,False,True
pair_joint_M_o1.0_s0,simplicity-v1-n03-M_simple-one_detailed-MS,simplicity-v1-n03,neutral,M_simple,one_detailed,MS,simplicity-v1-n03-M_simple-one_detailed-MS#0,M,96,False,True
pair_joint_M_o1.0_s0,simplicity-v1-n03-M_simple-one_detailed-MS,simplicity-v1-n03,neutral,M_simple,one_detailed,MS,simplicity-v1-n03-M_simple-one_detailed-MS#1,M,76,False,True
pair_joint_M_o1.0_s0,simplicity-v1-n03-M_simple-one_detailed-MS,simplicity-v1-n03,neutral,M_simple,one_detailed,MS,simplicity-v1-n03-M_simple-one_detailed-MS#2,M,89,False,True
pair_joint_M_o1.0_s0,simplicity-v1-n03-M_simple-one_detailed-MS,simplicity-v1-n03,neutral,M_simple,one_detailed,MS,simplicity-v1-n03-M_simple-one_detailed-MS#3,M,118,False,True
pair_joint_M_o1.0_s0,simplicity-v1-n03-M_simple-one_detailed-SM,simplicity-v1-n03,neutral,M_simple,one_detailed,SM,simplicity-v1-n03-M_simple-one_detailed-SM#0,M,103,False,True
pair_joint_M_o1.0_s0,simplicity-v1-n03-M_simple-one_detailed-SM,simplicity-v1-n03,neutral,M_simple,one_detailed,SM,simplicity-v1-n03-M_simple-one_detailed-SM#1,S,115,False,True
pair_joint_M_o1.0_s0,simplicity-v1-n03-M_simple-one_detailed-SM,simplicity-v1-n03,neutral,M_simple,one_detailed,SM,simplicity-v1-n03-M_simple-one_detailed-SM#2,M,83,False,True
pair_joint_M_o1.0_s0,simplicity-v1-n03-M_simple-one_detailed-SM,simplicity-v1-n03,neutral,M_simple,one_detailed,SM,simplicity-v1-n03-M_simple-one_detailed-SM#3,S,103,False,True
pair_joint_M_o1.0_s0,simplicity-v1-n03-S_simple-flexible-MS,simplicity-v1-n03,neutral,S_simple,flexible,MS,simplicity-v1-n03-S_simple-flexible-MS#0,S,128,True,True
pair_joint_M_o1.0_s0,simplicity-v1-n03-S_simple-flexible-MS,simplicity-v1-n03,neutral,S_simple,flexible,MS,simplicity-v1-n03-S_simple-flexible-MS#1,S,99,True,True
pair_joint_M_o1.0_s0,simplicity-v1-n03-S_simple-flexible-MS,simplicity-v1-n03,neutral,S_simple,flexible,MS,simplicity-v1-n03-S_simple-flexible-MS#2,S,140,True,True
pair_joint_M_o1.0_s0,simplicity-v1-n03-S_simple-flexible-MS,simplicity-v1-n03,neutral,S_simple,flexible,MS,simplicity-v1-n03-S_simple-flexible-MS#3,S,101,True,True
pair_joint_M_o1.0_s0,simplicity-v1-n03-S_simple-flexible-SM,simplicity-v1-n03,neutral,S_simple,flexible,SM,simplicity-v1-n03-S_simple-flexible-SM#0,S,90,True,True
pair_joint_M_o1.0_s0,simplicity-v1-n03-S_simple-flexible-SM,simplicity-v1-n03,neutral,S_simple,flexible,SM,simplicity-v1-n03-S_simple-flexible-SM#1,S,82,True,True
pair_joint_M_o1.0_s0,simplicity-v1-n03-S_simple-flexible-SM,simplicity-v1-n03,neutral,S_simple,flexible,SM,simplicity-v1-n03-S_simple-flexible-SM#2,S,72,True,True
pair_joint_M_o1.0_s0,simplicity-v1-n03-S_simple-flexible-SM,simplicity-v1-n03,neutral,S_simple,flexible,SM,simplicity-v1-n03-S_simple-flexible-SM#3,unknown,72,True,True
pair_joint_M_o1.0_s0,simplicity-v1-n03-S_simple-one_free-MS,simplicity-v1-n03,neutral,S_simple,one_free,MS,simplicity-v1-n03-S_simple-one_free-MS#0,S,118,True,True
pair_joint_M_o1.0_s0,simplicity-v1-n03-S_simple-one_free-MS,simplicity-v1-n03,neutral,S_simple,one_free,MS,simplicity-v1-n03-S_simple-one_free-MS#1,S,71,True,True
pair_joint_M_o1.0_s0,simplicity-v1-n03-S_simple-one_free-MS,simplicity-v1-n03,neutral,S_simple,one_free,MS,simplicity-v1-n03-S_simple-one_free-MS#2,S,93,True,True
pair_joint_M_o1.0_s0,simplicity-v1-n03-S_simple-one_free-MS,simplicity-v1-n03,neutral,S_simple,one_free,MS,simplicity-v1-n03-S_simple-one_free-MS#3,S,104,True,True
pair_joint_M_o1.0_s0,simplicity-v1-n03-S_simple-one_free-SM,simplicity-v1-n03,neutral,S_simple,one_free,SM,simplicity-v1-n03-S_simple-one_free-SM#0,S,118,True,True
pair_joint_M_o1.0_s0,simplicity-v1-n03-S_simple-one_free-SM,simplicity-v1-n03,neutral,S_simple,one_free,SM,simplicity-v1-n03-S_simple-one_free-SM#1,S,94,True,True
pair_joint_M_o1.0_s0,simplicity-v1-n03-S_simple-one_free-SM,simplicity-v1-n03,neutral,S_simple,one_free,SM,simplicity-v1-n03-S_simple-one_free-SM#2,S,89,True,True
pair_joint_M_o1.0_s0,simplicity-v1-n03-S_simple-one_free-SM,simplicity-v1-n03,neutral,S_simple,one_free,SM,simplicity-v1-n03-S_simple-one_free-SM#3,S,107,True,True
pair_joint_M_o1.0_s0,simplicity-v1-n03-S_simple-one_brief-MS,simplicity-v1-n03,neutral,S_simple,one_brief,MS,simplicity-v1-n03-S_simple-one_brief-MS#0,S,21,True,True
pair_joint_M_o1.0_s0,simplicity-v1-n03-S_simple-one_brief-MS,simplicity-v1-n03,neutral,S_simple,one_brief,MS,simplicity-v1-n03-S_simple-one_brief-MS#1,S,19,True,True
pair_joint_M_o1.0_s0,simplicity-v1-n03-S_simple-one_brief-MS,simplicity-v1-n03,neutral,S_simple,one_brief,MS,simplicity-v1-n03-S_simple-one_brief-MS#2,S,77,False,True
pair_joint_M_o1.0_s0,simplicity-v1-n03-S_simple-one_brief-MS,simplicity-v1-n03,neutral,S_simple,one_brief,MS,simplicity-v1-n03-S_simple-one_brief-MS#3,S,26,False,True
pair_joint_M_o1.0_s0,simplicity-v1-n03-S_simple-one_brief-SM,simplicity-v1-n03,neutral,S_simple,one_brief,SM,simplicity-v1-n03-S_simple-one_brief-SM#0,S,35,False,True
pair_joint_M_o1.0_s0,simplicity-v1-n03-S_simple-one_brief-SM,simplicity-v1-n03,neutral,S_simple,one_brief,SM,simplicity-v1-n03-S_simple-one_brief-SM#1,S,19,True,True
pair_joint_M_o1.0_s0,simplicity-v1-n03-S_simple-one_brief-SM,simplicity-v1-n03,neutral,S_simple,one_brief,SM,simplicity-v1-n03-S_simple-one_brief-SM#2,S,10,True,True
pair_joint_M_o1.0_s0,simplicity-v1-n03-S_simple-one_brief-SM,simplicity-v1-n03,neutral,S_simple,one_brief,SM,simplicity-v1-n03-S_simple-one_brief-SM#3,S,16,True,True
pair_joint_M_o1.0_s0,simplicity-v1-n03-S_simple-one_detailed-MS,simplicity-v1-n03,neutral,S_simple,one_detailed,MS,simplicity-v1-n03-S_simple-one_detailed-MS#0,S,125,True,True
pair_joint_M_o1.0_s0,simplicity-v1-n03-S_simple-one_detailed-MS,simplicity-v1-n03,neutral,S_simple,one_detailed,MS,simplicity-v1-n03-S_simple-one_detailed-MS#1,S,120,True,True
pair_joint_M_o1.0_s0,simplicity-v1-n03-S_simple-one_detailed-MS,simplicity-v1-n03,neutral,S_simple,one_detailed,MS,simplicity-v1-n03-S_simple-one_detailed-MS#2,S,103,False,True
pair_joint_M_o1.0_s0,simplicity-v1-n03-S_simple-one_detailed-MS,simplicity-v1-n03,neutral,S_simple,one_detailed,MS,simplicity-v1-n03-S_simple-one_detailed-MS#3,S,152,True,True
pair_joint_M_o1.0_s0,simplicity-v1-n03-S_simple-one_detailed-SM,simplicity-v1-n03,neutral,S_simple,one_detailed,SM,simplicity-v1-n03-S_simple-one_detailed-SM#0,S,115,False,True
pair_joint_M_o1.0_s0,simplicity-v1-n03-S_simple-one_detailed-SM,simplicity-v1-n03,neutral,S_simple,one_detailed,SM,simplicity-v1-n03-S_simple-one_detailed-SM#1,S,85,False,True
pair_joint_M_o1.0_s0,simplicity-v1-n03-S_simple-one_detailed-SM,simplicity-v1-n03,neutral,S_simple,one_detailed,SM,simplicity-v1-n03-S_simple-one_detailed-SM#2,S,113,False,True
pair_joint_M_o1.0_s0,simplicity-v1-n03-S_simple-one_detailed-SM,simplicity-v1-n03,neutral,S_simple,one_detailed,SM,simplicity-v1-n03-S_simple-one_detailed-SM#3,S,126,True,True
pair_joint_M_o1.0_s1,simplicity-v1-c01-equal-flexible-MS,simplicity-v1-c01,consolidation,equal,flexible,MS,simplicity-v1-c01-equal-flexible-MS#0,S,101,True,True
pair_joint_M_o1.0_s1,simplicity-v1-c01-equal-flexible-MS,simplicity-v1-c01,consolidation,equal,flexible,MS,simplicity-v1-c01-equal-flexible-MS#1,S,110,True,True
pair_joint_M_o1.0_s1,simplicity-v1-c01-equal-flexible-MS,simplicity-v1-c01,consolidation,equal,flexible,MS,simplicity-v1-c01-equal-flexible-MS#2,neither,120,True,True
pair_joint_M_o1.0_s1,simplicity-v1-c01-equal-flexible-MS,simplicity-v1-c01,consolidation,equal,flexible,MS,simplicity-v1-c01-equal-flexible-MS#3,neither,132,True,True
pair_joint_M_o1.0_s1,simplicity-v1-c01-equal-flexible-SM,simplicity-v1-c01,consolidation,equal,flexible,SM,simplicity-v1-c01-equal-flexible-SM#0,S,79,True,True
pair_joint_M_o1.0_s1,simplicity-v1-c01-equal-flexible-SM,simplicity-v1-c01,consolidation,equal,flexible,SM,simplicity-v1-c01-equal-flexible-SM#1,S,79,True,True
pair_joint_M_o1.0_s1,simplicity-v1-c01-equal-flexible-SM,simplicity-v1-c01,consolidation,equal,flexible,SM,simplicity-v1-c01-equal-flexible-SM#2,S,136,True,True
pair_joint_M_o1.0_s1,simplicity-v1-c01-equal-flexible-SM,simplicity-v1-c01,consolidation,equal,flexible,SM,simplicity-v1-c01-equal-flexible-SM#3,S,91,True,True
pair_joint_M_o1.0_s1,simplicity-v1-c01-equal-one_free-MS,simplicity-v1-c01,consolidation,equal,one_free,MS,simplicity-v1-c01-equal-one_free-MS#0,S,120,True,True
pair_joint_M_o1.0_s1,simplicity-v1-c01-equal-one_free-MS,simplicity-v1-c01,consolidation,equal,one_free,MS,simplicity-v1-c01-equal-one_free-MS#1,S,124,True,True
pair_joint_M_o1.0_s1,simplicity-v1-c01-equal-one_free-MS,simplicity-v1-c01,consolidation,equal,one_free,MS,simplicity-v1-c01-equal-one_free-MS#2,S,95,True,True
pair_joint_M_o1.0_s1,simplicity-v1-c01-equal-one_free-MS,simplicity-v1-c01,consolidation,equal,one_free,MS,simplicity-v1-c01-equal-one_free-MS#3,S,85,True,True
pair_joint_M_o1.0_s1,simplicity-v1-c01-equal-one_free-SM,simplicity-v1-c01,consolidation,equal,one_free,SM,simplicity-v1-c01-equal-one_free-SM#0,S,55,True,True
pair_joint_M_o1.0_s1,simplicity-v1-c01-equal-one_free-SM,simplicity-v1-c01,consolidation,equal,one_free,SM,simplicity-v1-c01-equal-one_free-SM#1,S,101,True,True
pair_joint_M_o1.0_s1,simplicity-v1-c01-equal-one_free-SM,simplicity-v1-c01,consolidation,equal,one_free,SM,simplicity-v1-c01-equal-one_free-SM#2,S,123,True,True
pair_joint_M_o1.0_s1,simplicity-v1-c01-equal-one_free-SM,simplicity-v1-c01,consolidation,equal,one_free,SM,simplicity-v1-c01-equal-one_free-SM#3,S,101,True,True
pair_joint_M_o1.0_s1,simplicity-v1-c01-equal-one_brief-MS,simplicity-v1-c01,consolidation,equal,one_brief,MS,simplicity-v1-c01-equal-one_brief-MS#0,S,31,False,True
pair_joint_M_o1.0_s1,simplicity-v1-c01-equal-one_brief-MS,simplicity-v1-c01,consolidation,equal,one_brief,MS,simplicity-v1-c01-equal-one_brief-MS#1,S,39,False,True
pair_joint_M_o1.0_s1,simplicity-v1-c01-equal-one_brief-MS,simplicity-v1-c01,consolidation,equal,one_brief,MS,simplicity-v1-c01-equal-one_brief-MS#2,S,37,False,True
pair_joint_M_o1.0_s1,simplicity-v1-c01-equal-one_brief-MS,simplicity-v1-c01,consolidation,equal,one_brief,MS,simplicity-v1-c01-equal-one_brief-MS#3,S,45,False,True
pair_joint_M_o1.0_s1,simplicity-v1-c01-equal-one_brief-SM,simplicity-v1-c01,consolidation,equal,one_brief,SM,simplicity-v1-c01-equal-one_brief-SM#0,S,22,True,True
pair_joint_M_o1.0_s1,simplicity-v1-c01-equal-one_brief-SM,simplicity-v1-c01,consolidation,equal,one_brief,SM,simplicity-v1-c01-equal-one_brief-SM#1,S,24,True,True
pair_joint_M_o1.0_s1,simplicity-v1-c01-equal-one_brief-SM,simplicity-v1-c01,consolidation,equal,one_brief,SM,simplicity-v1-c01-equal-one_brief-SM#2,S,17,True,True
pair_joint_M_o1.0_s1,simplicity-v1-c01-equal-one_brief-SM,simplicity-v1-c01,consolidation,equal,one_brief,SM,simplicity-v1-c01-equal-one_brief-SM#3,S,63,False,True
pair_joint_M_o1.0_s1,simplicity-v1-c01-equal-one_detailed-MS,simplicity-v1-c01,consolidation,equal,one_detailed,MS,simplicity-v1-c01-equal-one_detailed-MS#0,S,144,True,True
pair_joint_M_o1.0_s1,simplicity-v1-c01-equal-one_detailed-MS,simplicity-v1-c01,consolidation,equal,one_detailed,MS,simplicity-v1-c01-equal-one_detailed-MS#1,S,171,False,True
pair_joint_M_o1.0_s1,simplicity-v1-c01-equal-one_detailed-MS,simplicity-v1-c01,consolidation,equal,one_detailed,MS,simplicity-v1-c01-equal-one_detailed-MS#2,S,104,False,True
pair_joint_M_o1.0_s1,simplicity-v1-c01-equal-one_detailed-MS,simplicity-v1-c01,consolidation,equal,one_detailed,MS,simplicity-v1-c01-equal-one_detailed-MS#3,S,112,False,True
pair_joint_M_o1.0_s1,simplicity-v1-c01-equal-one_detailed-SM,simplicity-v1-c01,consolidation,equal,one_detailed,SM,simplicity-v1-c01-equal-one_detailed-SM#0,S,126,True,True
pair_joint_M_o1.0_s1,simplicity-v1-c01-equal-one_detailed-SM,simplicity-v1-c01,consolidation,equal,one_detailed,SM,simplicity-v1-c01-equal-one_detailed-SM#1,S,80,False,True
pair_joint_M_o1.0_s1,simplicity-v1-c01-equal-one_detailed-SM,simplicity-v1-c01,consolidation,equal,one_detailed,SM,simplicity-v1-c01-equal-one_detailed-SM#2,S,112,False,True
pair_joint_M_o1.0_s1,simplicity-v1-c01-equal-one_detailed-SM,simplicity-v1-c01,consolidation,equal,one_detailed,SM,simplicity-v1-c01-equal-one_detailed-SM#3,S,133,True,True
pair_joint_M_o1.0_s1,simplicity-v1-c01-M_simple-flexible-MS,simplicity-v1-c01,consolidation,M_simple,flexible,MS,simplicity-v1-c01-M_simple-flexible-MS#0,neither,97,True,True
pair_joint_M_o1.0_s1,simplicity-v1-c01-M_simple-flexible-MS,simplicity-v1-c01,consolidation,M_simple,flexible,MS,simplicity-v1-c01-M_simple-flexible-MS#1,S,179,False,True
pair_joint_M_o1.0_s1,simplicity-v1-c01-M_simple-flexible-MS,simplicity-v1-c01,consolidation,M_simple,flexible,MS,simplicity-v1-c01-M_simple-flexible-MS#2,S,82,True,True
pair_joint_M_o1.0_s1,simplicity-v1-c01-M_simple-flexible-MS,simplicity-v1-c01,consolidation,M_simple,flexible,MS,simplicity-v1-c01-M_simple-flexible-MS#3,S,96,True,True
pair_joint_M_o1.0_s1,simplicity-v1-c01-M_simple-flexible-SM,simplicity-v1-c01,consolidation,M_simple,flexible,SM,simplicity-v1-c01-M_simple-flexible-SM#0,S,107,True,True
pair_joint_M_o1.0_s1,simplicity-v1-c01-M_simple-flexible-SM,simplicity-v1-c01,consolidation,M_simple,flexible,SM,simplicity-v1-c01-M_simple-flexible-SM#1,S,100,True,True
pair_joint_M_o1.0_s1,simplicity-v1-c01-M_simple-flexible-SM,simplicity-v1-c01,consolidation,M_simple,flexible,SM,simplicity-v1-c01-M_simple-flexible-SM#2,S,111,True,True
pair_joint_M_o1.0_s1,simplicity-v1-c01-M_simple-flexible-SM,simplicity-v1-c01,consolidation,M_simple,flexible,SM,simplicity-v1-c01-M_simple-flexible-SM#3,S,108,True,True
pair_joint_M_o1.0_s1,simplicity-v1-c01-M_simple-one_free-MS,simplicity-v1-c01,consolidation,M_simple,one_free,MS,simplicity-v1-c01-M_simple-one_free-MS#0,M,70,True,True
pair_joint_M_o1.0_s1,simplicity-v1-c01-M_simple-one_free-MS,simplicity-v1-c01,consolidation,M_simple,one_free,MS,simplicity-v1-c01-M_simple-one_free-MS#1,M,129,True,True
pair_joint_M_o1.0_s1,simplicity-v1-c01-M_simple-one_free-MS,simplicity-v1-c01,consolidation,M_simple,one_free,MS,simplicity-v1-c01-M_simple-one_free-MS#2,M,102,True,True
pair_joint_M_o1.0_s1,simplicity-v1-c01-M_simple-one_free-MS,simplicity-v1-c01,consolidation,M_simple,one_free,MS,simplicity-v1-c01-M_simple-one_free-MS#3,S,120,True,True
pair_joint_M_o1.0_s1,simplicity-v1-c01-M_simple-one_free-SM,simplicity-v1-c01,consolidation,M_simple,one_free,SM,simplicity-v1-c01-M_simple-one_free-SM#0,S,103,True,True
pair_joint_M_o1.0_s1,simplicity-v1-c01-M_simple-one_free-SM,simplicity-v1-c01,consolidation,M_simple,one_free,SM,simplicity-v1-c01-M_simple-one_free-SM#1,M,123,True,True
pair_joint_M_o1.0_s1,simplicity-v1-c01-M_simple-one_free-SM,simplicity-v1-c01,consolidation,M_simple,one_free,SM,simplicity-v1-c01-M_simple-one_free-SM#2,M,93,True,True
pair_joint_M_o1.0_s1,simplicity-v1-c01-M_simple-one_free-SM,simplicity-v1-c01,consolidation,M_simple,one_free,SM,simplicity-v1-c01-M_simple-one_free-SM#3,S,158,True,True
pair_joint_M_o1.0_s1,simplicity-v1-c01-M_simple-one_brief-MS,simplicity-v1-c01,consolidation,M_simple,one_brief,MS,simplicity-v1-c01-M_simple-one_brief-MS#0,S,18,True,True
pair_joint_M_o1.0_s1,simplicity-v1-c01-M_simple-one_brief-MS,simplicity-v1-c01,consolidation,M_simple,one_brief,MS,simplicity-v1-c01-M_simple-one_brief-MS#1,S,58,False,True
pair_joint_M_o1.0_s1,simplicity-v1-c01-M_simple-one_brief-MS,simplicity-v1-c01,consolidation,M_simple,one_brief,MS,simplicity-v1-c01-M_simple-one_brief-MS#2,S,66,False,True
pair_joint_M_o1.0_s1,simplicity-v1-c01-M_simple-one_brief-MS,simplicity-v1-c01,consolidation,M_simple,one_brief,MS,simplicity-v1-c01-M_simple-one_brief-MS#3,S,25,True,True
pair_joint_M_o1.0_s1,simplicity-v1-c01-M_simple-one_brief-SM,simplicity-v1-c01,consolidation,M_simple,one_brief,SM,simplicity-v1-c01-M_simple-one_brief-SM#0,S,28,False,True
pair_joint_M_o1.0_s1,simplicity-v1-c01-M_simple-one_brief-SM,simplicity-v1-c01,consolidation,M_simple,one_brief,SM,simplicity-v1-c01-M_simple-one_brief-SM#1,S,19,True,True
pair_joint_M_o1.0_s1,simplicity-v1-c01-M_simple-one_brief-SM,simplicity-v1-c01,consolidation,M_simple,one_brief,SM,simplicity-v1-c01-M_simple-one_brief-SM#2,S,14,True,True
pair_joint_M_o1.0_s1,simplicity-v1-c01-M_simple-one_brief-SM,simplicity-v1-c01,consolidation,M_simple,one_brief,SM,simplicity-v1-c01-M_simple-one_brief-SM#3,S,33,False,True
pair_joint_M_o1.0_s1,simplicity-v1-c01-M_simple-one_detailed-MS,simplicity-v1-c01,consolidation,M_simple,one_detailed,MS,simplicity-v1-c01-M_simple-one_detailed-MS#0,M,115,False,True
pair_joint_M_o1.0_s1,simplicity-v1-c01-M_simple-one_detailed-MS,simplicity-v1-c01,consolidation,M_simple,one_detailed,MS,simplicity-v1-c01-M_simple-one_detailed-MS#1,M,116,False,True
pair_joint_M_o1.0_s1,simplicity-v1-c01-M_simple-one_detailed-MS,simplicity-v1-c01,consolidation,M_simple,one_detailed,MS,simplicity-v1-c01-M_simple-one_detailed-MS#2,M,114,False,True
pair_joint_M_o1.0_s1,simplicity-v1-c01-M_simple-one_detailed-MS,simplicity-v1-c01,consolidation,M_simple,one_detailed,MS,simplicity-v1-c01-M_simple-one_detailed-MS#3,S,190,False,True
pair_joint_M_o1.0_s1,simplicity-v1-c01-M_simple-one_detailed-SM,simplicity-v1-c01,consolidation,M_simple,one_detailed,SM,simplicity-v1-c01-M_simple-one_detailed-SM#0,M,144,True,True
pair_joint_M_o1.0_s1,simplicity-v1-c01-M_simple-one_detailed-SM,simplicity-v1-c01,consolidation,M_simple,one_detailed,SM,simplicity-v1-c01-M_simple-one_detailed-SM#1,S,134,True,True
pair_joint_M_o1.0_s1,simplicity-v1-c01-M_simple-one_detailed-SM,simplicity-v1-c01,consolidation,M_simple,one_detailed,SM,simplicity-v1-c01-M_simple-one_detailed-SM#2,S,83,False,True
pair_joint_M_o1.0_s1,simplicity-v1-c01-M_simple-one_detailed-SM,simplicity-v1-c01,consolidation,M_simple,one_detailed,SM,simplicity-v1-c01-M_simple-one_detailed-SM#3,S,126,True,True
pair_joint_M_o1.0_s1,simplicity-v1-c01-S_simple-flexible-MS,simplicity-v1-c01,consolidation,S_simple,flexible,MS,simplicity-v1-c01-S_simple-flexible-MS#0,S,121,True,True
pair_joint_M_o1.0_s1,simplicity-v1-c01-S_simple-flexible-MS,simplicity-v1-c01,consolidation,S_simple,flexible,MS,simplicity-v1-c01-S_simple-flexible-MS#1,S,81,True,True
pair_joint_M_o1.0_s1,simplicity-v1-c01-S_simple-flexible-MS,simplicity-v1-c01,consolidation,S_simple,flexible,MS,simplicity-v1-c01-S_simple-flexible-MS#2,S,85,True,True
pair_joint_M_o1.0_s1,simplicity-v1-c01-S_simple-flexible-MS,simplicity-v1-c01,consolidation,S_simple,flexible,MS,simplicity-v1-c01-S_simple-flexible-MS#3,S,107,True,True
pair_joint_M_o1.0_s1,simplicity-v1-c01-S_simple-flexible-SM,simplicity-v1-c01,consolidation,S_simple,flexible,SM,simplicity-v1-c01-S_simple-flexible-SM#0,S,107,True,True
pair_joint_M_o1.0_s1,simplicity-v1-c01-S_simple-flexible-SM,simplicity-v1-c01,consolidation,S_simple,flexible,SM,simplicity-v1-c01-S_simple-flexible-SM#1,S,119,True,True
pair_joint_M_o1.0_s1,simplicity-v1-c01-S_simple-flexible-SM,simplicity-v1-c01,consolidation,S_simple,flexible,SM,simplicity-v1-c01-S_simple-flexible-SM#2,S,118,True,True
pair_joint_M_o1.0_s1,simplicity-v1-c01-S_simple-flexible-SM,simplicity-v1-c01,consolidation,S_simple,flexible,SM,simplicity-v1-c01-S_simple-flexible-SM#3,S,83,True,True
pair_joint_M_o1.0_s1,simplicity-v1-c01-S_simple-one_free-MS,simplicity-v1-c01,consolidation,S_simple,one_free,MS,simplicity-v1-c01-S_simple-one_free-MS#0,S,160,True,True
pair_joint_M_o1.0_s1,simplicity-v1-c01-S_simple-one_free-MS,simplicity-v1-c01,consolidation,S_simple,one_free,MS,simplicity-v1-c01-S_simple-one_free-MS#1,S,102,True,True
pair_joint_M_o1.0_s1,simplicity-v1-c01-S_simple-one_free-MS,simplicity-v1-c01,consolidation,S_simple,one_free,MS,simplicity-v1-c01-S_simple-one_free-MS#2,S,130,True,True
pair_joint_M_o1.0_s1,simplicity-v1-c01-S_simple-one_free-MS,simplicity-v1-c01,consolidation,S_simple,one_free,MS,simplicity-v1-c01-S_simple-one_free-MS#3,S,91,True,True
pair_joint_M_o1.0_s1,simplicity-v1-c01-S_simple-one_free-SM,simplicity-v1-c01,consolidation,S_simple,one_free,SM,simplicity-v1-c01-S_simple-one_free-SM#0,S,121,True,True
pair_joint_M_o1.0_s1,simplicity-v1-c01-S_simple-one_free-SM,simplicity-v1-c01,consolidation,S_simple,one_free,SM,simplicity-v1-c01-S_simple-one_free-SM#1,S,150,True,True
pair_joint_M_o1.0_s1,simplicity-v1-c01-S_simple-one_free-SM,simplicity-v1-c01,consolidation,S_simple,one_free,SM,simplicity-v1-c01-S_simple-one_free-SM#2,S,90,True,True
pair_joint_M_o1.0_s1,simplicity-v1-c01-S_simple-one_free-SM,simplicity-v1-c01,consolidation,S_simple,one_free,SM,simplicity-v1-c01-S_simple-one_free-SM#3,S,104,True,True
pair_joint_M_o1.0_s1,simplicity-v1-c01-S_simple-one_brief-MS,simplicity-v1-c01,consolidation,S_simple,one_brief,MS,simplicity-v1-c01-S_simple-one_brief-MS#0,S,30,False,True
pair_joint_M_o1.0_s1,simplicity-v1-c01-S_simple-one_brief-MS,simplicity-v1-c01,consolidation,S_simple,one_brief,MS,simplicity-v1-c01-S_simple-one_brief-MS#1,S,16,True,True
pair_joint_M_o1.0_s1,simplicity-v1-c01-S_simple-one_brief-MS,simplicity-v1-c01,consolidation,S_simple,one_brief,MS,simplicity-v1-c01-S_simple-one_brief-MS#2,S,14,True,True
pair_joint_M_o1.0_s1,simplicity-v1-c01-S_simple-one_brief-MS,simplicity-v1-c01,consolidation,S_simple,one_brief,MS,simplicity-v1-c01-S_simple-one_brief-MS#3,S,29,False,True
pair_joint_M_o1.0_s1,simplicity-v1-c01-S_simple-one_brief-SM,simplicity-v1-c01,consolidation,S_simple,one_brief,SM,simplicity-v1-c01-S_simple-one_brief-SM#0,S,24,True,True
pair_joint_M_o1.0_s1,simplicity-v1-c01-S_simple-one_brief-SM,simplicity-v1-c01,consolidation,S_simple,one_brief,SM,simplicity-v1-c01-S_simple-one_brief-SM#1,S,23,True,True
pair_joint_M_o1.0_s1,simplicity-v1-c01-S_simple-one_brief-SM,simplicity-v1-c01,consolidation,S_simple,one_brief,SM,simplicity-v1-c01-S_simple-one_brief-SM#2,S,14,True,True
pair_joint_M_o1.0_s1,simplicity-v1-c01-S_simple-one_brief-SM,simplicity-v1-c01,consolidation,S_simple,one_brief,SM,simplicity-v1-c01-S_simple-one_brief-SM#3,S,24,True,True
pair_joint_M_o1.0_s1,simplicity-v1-c01-S_simple-one_detailed-MS,simplicity-v1-c01,consolidation,S_simple,one_detailed,MS,simplicity-v1-c01-S_simple-one_detailed-MS#0,S,199,False,True
pair_joint_M_o1.0_s1,simplicity-v1-c01-S_simple-one_detailed-MS,simplicity-v1-c01,consolidation,S_simple,one_detailed,MS,simplicity-v1-c01-S_simple-one_detailed-MS#1,S,100,False,True
pair_joint_M_o1.0_s1,simplicity-v1-c01-S_simple-one_detailed-MS,simplicity-v1-c01,consolidation,S_simple,one_detailed,MS,simplicity-v1-c01-S_simple-one_detailed-MS#2,S,94,False,True
pair_joint_M_o1.0_s1,simplicity-v1-c01-S_simple-one_detailed-MS,simplicity-v1-c01,consolidation,S_simple,one_detailed,MS,simplicity-v1-c01-S_simple-one_detailed-MS#3,S,116,False,True
pair_joint_M_o1.0_s1,simplicity-v1-c01-S_simple-one_detailed-SM,simplicity-v1-c01,consolidation,S_simple,one_detailed,SM,simplicity-v1-c01-S_simple-one_detailed-SM#0,S,78,False,True
pair_joint_M_o1.0_s1,simplicity-v1-c01-S_simple-one_detailed-SM,simplicity-v1-c01,consolidation,S_simple,one_detailed,SM,simplicity-v1-c01-S_simple-one_detailed-SM#1,S,79,False,True
pair_joint_M_o1.0_s1,simplicity-v1-c01-S_simple-one_detailed-SM,simplicity-v1-c01,consolidation,S_simple,one_detailed,SM,simplicity-v1-c01-S_simple-one_detailed-SM#2,S,119,False,True
pair_joint_M_o1.0_s1,simplicity-v1-c01-S_simple-one_detailed-SM,simplicity-v1-c01,consolidation,S_simple,one_detailed,SM,simplicity-v1-c01-S_simple-one_detailed-SM#3,S,91,False,True
pair_joint_M_o1.0_s1,simplicity-v1-c02-equal-flexible-MS,simplicity-v1-c02,consolidation,equal,flexible,MS,simplicity-v1-c02-equal-flexible-MS#0,S,118,True,True
pair_joint_M_o1.0_s1,simplicity-v1-c02-equal-flexible-MS,simplicity-v1-c02,consolidation,equal,flexible,MS,simplicity-v1-c02-equal-flexible-MS#1,S,90,True,True
pair_joint_M_o1.0_s1,simplicity-v1-c02-equal-flexible-MS,simplicity-v1-c02,consolidation,equal,flexible,MS,simplicity-v1-c02-equal-flexible-MS#2,S,108,True,True
pair_joint_M_o1.0_s1,simplicity-v1-c02-equal-flexible-MS,simplicity-v1-c02,consolidation,equal,flexible,MS,simplicity-v1-c02-equal-flexible-MS#3,S,82,True,True
pair_joint_M_o1.0_s1,simplicity-v1-c02-equal-flexible-SM,simplicity-v1-c02,consolidation,equal,flexible,SM,simplicity-v1-c02-equal-flexible-SM#0,S,154,True,True
pair_joint_M_o1.0_s1,simplicity-v1-c02-equal-flexible-SM,simplicity-v1-c02,consolidation,equal,flexible,SM,simplicity-v1-c02-equal-flexible-SM#1,S,84,True,True
pair_joint_M_o1.0_s1,simplicity-v1-c02-equal-flexible-SM,simplicity-v1-c02,consolidation,equal,flexible,SM,simplicity-v1-c02-equal-flexible-SM#2,S,97,True,True
pair_joint_M_o1.0_s1,simplicity-v1-c02-equal-flexible-SM,simplicity-v1-c02,consolidation,equal,flexible,SM,simplicity-v1-c02-equal-flexible-SM#3,S,70,True,True
pair_joint_M_o1.0_s1,simplicity-v1-c02-equal-one_free-MS,simplicity-v1-c02,consolidation,equal,one_free,MS,simplicity-v1-c02-equal-one_free-MS#0,S,115,True,True
pair_joint_M_o1.0_s1,simplicity-v1-c02-equal-one_free-MS,simplicity-v1-c02,consolidation,equal,one_free,MS,simplicity-v1-c02-equal-one_free-MS#1,S,79,True,True
pair_joint_M_o1.0_s1,simplicity-v1-c02-equal-one_free-MS,simplicity-v1-c02,consolidation,equal,one_free,MS,simplicity-v1-c02-equal-one_free-MS#2,S,100,True,True
pair_joint_M_o1.0_s1,simplicity-v1-c02-equal-one_free-MS,simplicity-v1-c02,consolidation,equal,one_free,MS,simplicity-v1-c02-equal-one_free-MS#3,S,82,True,True
pair_joint_M_o1.0_s1,simplicity-v1-c02-equal-one_free-SM,simplicity-v1-c02,consolidation,equal,one_free,SM,simplicity-v1-c02-equal-one_free-SM#0,S,82,True,True
pair_joint_M_o1.0_s1,simplicity-v1-c02-equal-one_free-SM,simplicity-v1-c02,consolidation,equal,one_free,SM,simplicity-v1-c02-equal-one_free-SM#1,S,85,True,True
pair_joint_M_o1.0_s1,simplicity-v1-c02-equal-one_free-SM,simplicity-v1-c02,consolidation,equal,one_free,SM,simplicity-v1-c02-equal-one_free-SM#2,S,128,True,True
pair_joint_M_o1.0_s1,simplicity-v1-c02-equal-one_free-SM,simplicity-v1-c02,consolidation,equal,one_free,SM,simplicity-v1-c02-equal-one_free-SM#3,S,76,True,True
pair_joint_M_o1.0_s1,simplicity-v1-c02-equal-one_brief-MS,simplicity-v1-c02,consolidation,equal,one_brief,MS,simplicity-v1-c02-equal-one_brief-MS#0,S,16,True,True
pair_joint_M_o1.0_s1,simplicity-v1-c02-equal-one_brief-MS,simplicity-v1-c02,consolidation,equal,one_brief,MS,simplicity-v1-c02-equal-one_brief-MS#1,S,33,False,True
pair_joint_M_o1.0_s1,simplicity-v1-c02-equal-one_brief-MS,simplicity-v1-c02,consolidation,equal,one_brief,MS,simplicity-v1-c02-equal-one_brief-MS#2,S,24,True,True
pair_joint_M_o1.0_s1,simplicity-v1-c02-equal-one_brief-MS,simplicity-v1-c02,consolidation,equal,one_brief,MS,simplicity-v1-c02-equal-one_brief-MS#3,S,19,True,True
pair_joint_M_o1.0_s1,simplicity-v1-c02-equal-one_brief-SM,simplicity-v1-c02,consolidation,equal,one_brief,SM,simplicity-v1-c02-equal-one_brief-SM#0,S,23,True,True
pair_joint_M_o1.0_s1,simplicity-v1-c02-equal-one_brief-SM,simplicity-v1-c02,consolidation,equal,one_brief,SM,simplicity-v1-c02-equal-one_brief-SM#1,S,28,False,True
pair_joint_M_o1.0_s1,simplicity-v1-c02-equal-one_brief-SM,simplicity-v1-c02,consolidation,equal,one_brief,SM,simplicity-v1-c02-equal-one_brief-SM#2,S,8,True,True
pair_joint_M_o1.0_s1,simplicity-v1-c02-equal-one_brief-SM,simplicity-v1-c02,consolidation,equal,one_brief,SM,simplicity-v1-c02-equal-one_brief-SM#3,S,21,True,True
pair_joint_M_o1.0_s1,simplicity-v1-c02-equal-one_detailed-MS,simplicity-v1-c02,consolidation,equal,one_detailed,MS,simplicity-v1-c02-equal-one_detailed-MS#0,S,106,False,True
pair_joint_M_o1.0_s1,simplicity-v1-c02-equal-one_detailed-MS,simplicity-v1-c02,consolidation,equal,one_detailed,MS,simplicity-v1-c02-equal-one_detailed-MS#1,S,70,False,True
pair_joint_M_o1.0_s1,simplicity-v1-c02-equal-one_detailed-MS,simplicity-v1-c02,consolidation,equal,one_detailed,MS,simplicity-v1-c02-equal-one_detailed-MS#2,S,118,False,True
pair_joint_M_o1.0_s1,simplicity-v1-c02-equal-one_detailed-MS,simplicity-v1-c02,consolidation,equal,one_detailed,MS,simplicity-v1-c02-equal-one_detailed-MS#3,S,119,False,True
pair_joint_M_o1.0_s1,simplicity-v1-c02-equal-one_detailed-SM,simplicity-v1-c02,consolidation,equal,one_detailed,SM,simplicity-v1-c02-equal-one_detailed-SM#0,S,76,False,True
pair_joint_M_o1.0_s1,simplicity-v1-c02-equal-one_detailed-SM,simplicity-v1-c02,consolidation,equal,one_detailed,SM,simplicity-v1-c02-equal-one_detailed-SM#1,S,72,False,True
pair_joint_M_o1.0_s1,simplicity-v1-c02-equal-one_detailed-SM,simplicity-v1-c02,consolidation,equal,one_detailed,SM,simplicity-v1-c02-equal-one_detailed-SM#2,S,111,False,True
pair_joint_M_o1.0_s1,simplicity-v1-c02-equal-one_detailed-SM,simplicity-v1-c02,consolidation,equal,one_detailed,SM,simplicity-v1-c02-equal-one_detailed-SM#3,S,108,False,True
pair_joint_M_o1.0_s1,simplicity-v1-c02-M_simple-flexible-MS,simplicity-v1-c02,consolidation,M_simple,flexible,MS,simplicity-v1-c02-M_simple-flexible-MS#0,S,125,True,True
pair_joint_M_o1.0_s1,simplicity-v1-c02-M_simple-flexible-MS,simplicity-v1-c02,consolidation,M_simple,flexible,MS,simplicity-v1-c02-M_simple-flexible-MS#1,S,100,True,True
pair_joint_M_o1.0_s1,simplicity-v1-c02-M_simple-flexible-MS,simplicity-v1-c02,consolidation,M_simple,flexible,MS,simplicity-v1-c02-M_simple-flexible-MS#2,M,86,True,True
pair_joint_M_o1.0_s1,simplicity-v1-c02-M_simple-flexible-MS,simplicity-v1-c02,consolidation,M_simple,flexible,MS,simplicity-v1-c02-M_simple-flexible-MS#3,S,145,True,True
pair_joint_M_o1.0_s1,simplicity-v1-c02-M_simple-flexible-SM,simplicity-v1-c02,consolidation,M_simple,flexible,SM,simplicity-v1-c02-M_simple-flexible-SM#0,neither,118,True,True
pair_joint_M_o1.0_s1,simplicity-v1-c02-M_simple-flexible-SM,simplicity-v1-c02,consolidation,M_simple,flexible,SM,simplicity-v1-c02-M_simple-flexible-SM#1,neither,98,True,True
pair_joint_M_o1.0_s1,simplicity-v1-c02-M_simple-flexible-SM,simplicity-v1-c02,consolidation,M_simple,flexible,SM,simplicity-v1-c02-M_simple-flexible-SM#2,S,76,True,True
pair_joint_M_o1.0_s1,simplicity-v1-c02-M_simple-flexible-SM,simplicity-v1-c02,consolidation,M_simple,flexible,SM,simplicity-v1-c02-M_simple-flexible-SM#3,S,109,True,True
pair_joint_M_o1.0_s1,simplicity-v1-c02-M_simple-one_free-MS,simplicity-v1-c02,consolidation,M_simple,one_free,MS,simplicity-v1-c02-M_simple-one_free-MS#0,M,117,True,True
pair_joint_M_o1.0_s1,simplicity-v1-c02-M_simple-one_free-MS,simplicity-v1-c02,consolidation,M_simple,one_free,MS,simplicity-v1-c02-M_simple-one_free-MS#1,S,122,True,True
pair_joint_M_o1.0_s1,simplicity-v1-c02-M_simple-one_free-MS,simplicity-v1-c02,consolidation,M_simple,one_free,MS,simplicity-v1-c02-M_simple-one_free-MS#2,S,149,True,True
pair_joint_M_o1.0_s1,simplicity-v1-c02-M_simple-one_free-MS,simplicity-v1-c02,consolidation,M_simple,one_free,MS,simplicity-v1-c02-M_simple-one_free-MS#3,M,112,True,True
pair_joint_M_o1.0_s1,simplicity-v1-c02-M_simple-one_free-SM,simplicity-v1-c02,consolidation,M_simple,one_free,SM,simplicity-v1-c02-M_simple-one_free-SM#0,M,93,True,True
pair_joint_M_o1.0_s1,simplicity-v1-c02-M_simple-one_free-SM,simplicity-v1-c02,consolidation,M_simple,one_free,SM,simplicity-v1-c02-M_simple-one_free-SM#1,M,88,True,True
pair_joint_M_o1.0_s1,simplicity-v1-c02-M_simple-one_free-SM,simplicity-v1-c02,consolidation,M_simple,one_free,SM,simplicity-v1-c02-M_simple-one_free-SM#2,M,86,True,True
pair_joint_M_o1.0_s1,simplicity-v1-c02-M_simple-one_free-SM,simplicity-v1-c02,consolidation,M_simple,one_free,SM,simplicity-v1-c02-M_simple-one_free-SM#3,S,109,True,True
pair_joint_M_o1.0_s1,simplicity-v1-c02-M_simple-one_brief-MS,simplicity-v1-c02,consolidation,M_simple,one_brief,MS,simplicity-v1-c02-M_simple-one_brief-MS#0,S,45,False,True
pair_joint_M_o1.0_s1,simplicity-v1-c02-M_simple-one_brief-MS,simplicity-v1-c02,consolidation,M_simple,one_brief,MS,simplicity-v1-c02-M_simple-one_brief-MS#1,M,35,False,True
pair_joint_M_o1.0_s1,simplicity-v1-c02-M_simple-one_brief-MS,simplicity-v1-c02,consolidation,M_simple,one_brief,MS,simplicity-v1-c02-M_simple-one_brief-MS#2,M,18,True,True
pair_joint_M_o1.0_s1,simplicity-v1-c02-M_simple-one_brief-MS,simplicity-v1-c02,consolidation,M_simple,one_brief,MS,simplicity-v1-c02-M_simple-one_brief-MS#3,M,35,False,True
pair_joint_M_o1.0_s1,simplicity-v1-c02-M_simple-one_brief-SM,simplicity-v1-c02,consolidation,M_simple,one_brief,SM,simplicity-v1-c02-M_simple-one_brief-SM#0,S,15,True,True
pair_joint_M_o1.0_s1,simplicity-v1-c02-M_simple-one_brief-SM,simplicity-v1-c02,consolidation,M_simple,one_brief,SM,simplicity-v1-c02-M_simple-one_brief-SM#1,S,18,True,True
pair_joint_M_o1.0_s1,simplicity-v1-c02-M_simple-one_brief-SM,simplicity-v1-c02,consolidation,M_simple,one_brief,SM,simplicity-v1-c02-M_simple-one_brief-SM#2,S,60,False,True
pair_joint_M_o1.0_s1,simplicity-v1-c02-M_simple-one_brief-SM,simplicity-v1-c02,consolidation,M_simple,one_brief,SM,simplicity-v1-c02-M_simple-one_brief-SM#3,S,13,True,True
pair_joint_M_o1.0_s1,simplicity-v1-c02-M_simple-one_detailed-MS,simplicity-v1-c02,consolidation,M_simple,one_detailed,MS,simplicity-v1-c02-M_simple-one_detailed-MS#0,S,121,True,True
pair_joint_M_o1.0_s1,simplicity-v1-c02-M_simple-one_detailed-MS,simplicity-v1-c02,consolidation,M_simple,one_detailed,MS,simplicity-v1-c02-M_simple-one_detailed-MS#1,M,80,False,True
pair_joint_M_o1.0_s1,simplicity-v1-c02-M_simple-one_detailed-MS,simplicity-v1-c02,consolidation,M_simple,one_detailed,MS,simplicity-v1-c02-M_simple-one_detailed-MS#2,M,90,False,True
pair_joint_M_o1.0_s1,simplicity-v1-c02-M_simple-one_detailed-MS,simplicity-v1-c02,consolidation,M_simple,one_detailed,MS,simplicity-v1-c02-M_simple-one_detailed-MS#3,S,152,True,True
pair_joint_M_o1.0_s1,simplicity-v1-c02-M_simple-one_detailed-SM,simplicity-v1-c02,consolidation,M_simple,one_detailed,SM,simplicity-v1-c02-M_simple-one_detailed-SM#0,M,118,False,True
pair_joint_M_o1.0_s1,simplicity-v1-c02-M_simple-one_detailed-SM,simplicity-v1-c02,consolidation,M_simple,one_detailed,SM,simplicity-v1-c02-M_simple-one_detailed-SM#1,S,138,True,True
pair_joint_M_o1.0_s1,simplicity-v1-c02-M_simple-one_detailed-SM,simplicity-v1-c02,consolidation,M_simple,one_detailed,SM,simplicity-v1-c02-M_simple-one_detailed-SM#2,S,99,False,True
pair_joint_M_o1.0_s1,simplicity-v1-c02-M_simple-one_detailed-SM,simplicity-v1-c02,consolidation,M_simple,one_detailed,SM,simplicity-v1-c02-M_simple-one_detailed-SM#3,M,118,False,True
pair_joint_M_o1.0_s1,simplicity-v1-c02-S_simple-flexible-MS,simplicity-v1-c02,consolidation,S_simple,flexible,MS,simplicity-v1-c02-S_simple-flexible-MS#0,S,146,True,True
pair_joint_M_o1.0_s1,simplicity-v1-c02-S_simple-flexible-MS,simplicity-v1-c02,consolidation,S_simple,flexible,MS,simplicity-v1-c02-S_simple-flexible-MS#1,S,183,False,True
pair_joint_M_o1.0_s1,simplicity-v1-c02-S_simple-flexible-MS,simplicity-v1-c02,consolidation,S_simple,flexible,MS,simplicity-v1-c02-S_simple-flexible-MS#2,S,130,True,True
pair_joint_M_o1.0_s1,simplicity-v1-c02-S_simple-flexible-MS,simplicity-v1-c02,consolidation,S_simple,flexible,MS,simplicity-v1-c02-S_simple-flexible-MS#3,S,120,True,True
pair_joint_M_o1.0_s1,simplicity-v1-c02-S_simple-flexible-SM,simplicity-v1-c02,consolidation,S_simple,flexible,SM,simplicity-v1-c02-S_simple-flexible-SM#0,S,85,True,True
pair_joint_M_o1.0_s1,simplicity-v1-c02-S_simple-flexible-SM,simplicity-v1-c02,consolidation,S_simple,flexible,SM,simplicity-v1-c02-S_simple-flexible-SM#1,S,113,True,True
pair_joint_M_o1.0_s1,simplicity-v1-c02-S_simple-flexible-SM,simplicity-v1-c02,consolidation,S_simple,flexible,SM,simplicity-v1-c02-S_simple-flexible-SM#2,S,88,True,True
pair_joint_M_o1.0_s1,simplicity-v1-c02-S_simple-flexible-SM,simplicity-v1-c02,consolidation,S_simple,flexible,SM,simplicity-v1-c02-S_simple-flexible-SM#3,S,98,True,True
pair_joint_M_o1.0_s1,simplicity-v1-c02-S_simple-one_free-MS,simplicity-v1-c02,consolidation,S_simple,one_free,MS,simplicity-v1-c02-S_simple-one_free-MS#0,S,137,True,True
pair_joint_M_o1.0_s1,simplicity-v1-c02-S_simple-one_free-MS,simplicity-v1-c02,consolidation,S_simple,one_free,MS,simplicity-v1-c02-S_simple-one_free-MS#1,S,99,True,True
pair_joint_M_o1.0_s1,simplicity-v1-c02-S_simple-one_free-MS,simplicity-v1-c02,consolidation,S_simple,one_free,MS,simplicity-v1-c02-S_simple-one_free-MS#2,S,89,True,True
pair_joint_M_o1.0_s1,simplicity-v1-c02-S_simple-one_free-MS,simplicity-v1-c02,consolidation,S_simple,one_free,MS,simplicity-v1-c02-S_simple-one_free-MS#3,S,82,True,True
pair_joint_M_o1.0_s1,simplicity-v1-c02-S_simple-one_free-SM,simplicity-v1-c02,consolidation,S_simple,one_free,SM,simplicity-v1-c02-S_simple-one_free-SM#0,S,55,True,True
pair_joint_M_o1.0_s1,simplicity-v1-c02-S_simple-one_free-SM,simplicity-v1-c02,consolidation,S_simple,one_free,SM,simplicity-v1-c02-S_simple-one_free-SM#1,S,73,True,True
pair_joint_M_o1.0_s1,simplicity-v1-c02-S_simple-one_free-SM,simplicity-v1-c02,consolidation,S_simple,one_free,SM,simplicity-v1-c02-S_simple-one_free-SM#2,S,91,True,True
pair_joint_M_o1.0_s1,simplicity-v1-c02-S_simple-one_free-SM,simplicity-v1-c02,consolidation,S_simple,one_free,SM,simplicity-v1-c02-S_simple-one_free-SM#3,S,100,True,True
pair_joint_M_o1.0_s1,simplicity-v1-c02-S_simple-one_brief-MS,simplicity-v1-c02,consolidation,S_simple,one_brief,MS,simplicity-v1-c02-S_simple-one_brief-MS#0,S,27,False,True
pair_joint_M_o1.0_s1,simplicity-v1-c02-S_simple-one_brief-MS,simplicity-v1-c02,consolidation,S_simple,one_brief,MS,simplicity-v1-c02-S_simple-one_brief-MS#1,S,27,False,True
pair_joint_M_o1.0_s1,simplicity-v1-c02-S_simple-one_brief-MS,simplicity-v1-c02,consolidation,S_simple,one_brief,MS,simplicity-v1-c02-S_simple-one_brief-MS#2,S,17,True,True
pair_joint_M_o1.0_s1,simplicity-v1-c02-S_simple-one_brief-MS,simplicity-v1-c02,consolidation,S_simple,one_brief,MS,simplicity-v1-c02-S_simple-one_brief-MS#3,S,35,False,True
pair_joint_M_o1.0_s1,simplicity-v1-c02-S_simple-one_brief-SM,simplicity-v1-c02,consolidation,S_simple,one_brief,SM,simplicity-v1-c02-S_simple-one_brief-SM#0,S,11,True,True
pair_joint_M_o1.0_s1,simplicity-v1-c02-S_simple-one_brief-SM,simplicity-v1-c02,consolidation,S_simple,one_brief,SM,simplicity-v1-c02-S_simple-one_brief-SM#1,S,14,True,True
pair_joint_M_o1.0_s1,simplicity-v1-c02-S_simple-one_brief-SM,simplicity-v1-c02,consolidation,S_simple,one_brief,SM,simplicity-v1-c02-S_simple-one_brief-SM#2,S,23,True,True
pair_joint_M_o1.0_s1,simplicity-v1-c02-S_simple-one_brief-SM,simplicity-v1-c02,consolidation,S_simple,one_brief,SM,simplicity-v1-c02-S_simple-one_brief-SM#3,S,27,False,True
pair_joint_M_o1.0_s1,simplicity-v1-c02-S_simple-one_detailed-MS,simplicity-v1-c02,consolidation,S_simple,one_detailed,MS,simplicity-v1-c02-S_simple-one_detailed-MS#0,S,129,True,True
pair_joint_M_o1.0_s1,simplicity-v1-c02-S_simple-one_detailed-MS,simplicity-v1-c02,consolidation,S_simple,one_detailed,MS,simplicity-v1-c02-S_simple-one_detailed-MS#1,S,116,False,True
pair_joint_M_o1.0_s1,simplicity-v1-c02-S_simple-one_detailed-MS,simplicity-v1-c02,consolidation,S_simple,one_detailed,MS,simplicity-v1-c02-S_simple-one_detailed-MS#2,S,83,False,True
pair_joint_M_o1.0_s1,simplicity-v1-c02-S_simple-one_detailed-MS,simplicity-v1-c02,consolidation,S_simple,one_detailed,MS,simplicity-v1-c02-S_simple-one_detailed-MS#3,S,144,True,True
pair_joint_M_o1.0_s1,simplicity-v1-c02-S_simple-one_detailed-SM,simplicity-v1-c02,consolidation,S_simple,one_detailed,SM,simplicity-v1-c02-S_simple-one_detailed-SM#0,S,79,False,True
pair_joint_M_o1.0_s1,simplicity-v1-c02-S_simple-one_detailed-SM,simplicity-v1-c02,consolidation,S_simple,one_detailed,SM,simplicity-v1-c02-S_simple-one_detailed-SM#1,S,111,False,True
pair_joint_M_o1.0_s1,simplicity-v1-c02-S_simple-one_detailed-SM,simplicity-v1-c02,consolidation,S_simple,one_detailed,SM,simplicity-v1-c02-S_simple-one_detailed-SM#2,S,109,False,True
pair_joint_M_o1.0_s1,simplicity-v1-c02-S_simple-one_detailed-SM,simplicity-v1-c02,consolidation,S_simple,one_detailed,SM,simplicity-v1-c02-S_simple-one_detailed-SM#3,S,139,True,True
pair_joint_M_o1.0_s1,simplicity-v1-c03-equal-flexible-MS,simplicity-v1-c03,consolidation,equal,flexible,MS,simplicity-v1-c03-equal-flexible-MS#0,neither,73,True,True
pair_joint_M_o1.0_s1,simplicity-v1-c03-equal-flexible-MS,simplicity-v1-c03,consolidation,equal,flexible,MS,simplicity-v1-c03-equal-flexible-MS#1,S,115,True,True
pair_joint_M_o1.0_s1,simplicity-v1-c03-equal-flexible-MS,simplicity-v1-c03,consolidation,equal,flexible,MS,simplicity-v1-c03-equal-flexible-MS#2,S,138,True,True
pair_joint_M_o1.0_s1,simplicity-v1-c03-equal-flexible-MS,simplicity-v1-c03,consolidation,equal,flexible,MS,simplicity-v1-c03-equal-flexible-MS#3,neither,99,True,True
pair_joint_M_o1.0_s1,simplicity-v1-c03-equal-flexible-SM,simplicity-v1-c03,consolidation,equal,flexible,SM,simplicity-v1-c03-equal-flexible-SM#0,S,118,True,True
pair_joint_M_o1.0_s1,simplicity-v1-c03-equal-flexible-SM,simplicity-v1-c03,consolidation,equal,flexible,SM,simplicity-v1-c03-equal-flexible-SM#1,S,131,True,True
pair_joint_M_o1.0_s1,simplicity-v1-c03-equal-flexible-SM,simplicity-v1-c03,consolidation,equal,flexible,SM,simplicity-v1-c03-equal-flexible-SM#2,S,83,True,True
pair_joint_M_o1.0_s1,simplicity-v1-c03-equal-flexible-SM,simplicity-v1-c03,consolidation,equal,flexible,SM,simplicity-v1-c03-equal-flexible-SM#3,S,90,True,True
pair_joint_M_o1.0_s1,simplicity-v1-c03-equal-one_free-MS,simplicity-v1-c03,consolidation,equal,one_free,MS,simplicity-v1-c03-equal-one_free-MS#0,S,133,True,True
pair_joint_M_o1.0_s1,simplicity-v1-c03-equal-one_free-MS,simplicity-v1-c03,consolidation,equal,one_free,MS,simplicity-v1-c03-equal-one_free-MS#1,S,82,True,True
pair_joint_M_o1.0_s1,simplicity-v1-c03-equal-one_free-MS,simplicity-v1-c03,consolidation,equal,one_free,MS,simplicity-v1-c03-equal-one_free-MS#2,S,81,True,True
pair_joint_M_o1.0_s1,simplicity-v1-c03-equal-one_free-MS,simplicity-v1-c03,consolidation,equal,one_free,MS,simplicity-v1-c03-equal-one_free-MS#3,S,130,True,True
pair_joint_M_o1.0_s1,simplicity-v1-c03-equal-one_free-SM,simplicity-v1-c03,consolidation,equal,one_free,SM,simplicity-v1-c03-equal-one_free-SM#0,S,104,True,True
pair_joint_M_o1.0_s1,simplicity-v1-c03-equal-one_free-SM,simplicity-v1-c03,consolidation,equal,one_free,SM,simplicity-v1-c03-equal-one_free-SM#1,S,127,True,True
pair_joint_M_o1.0_s1,simplicity-v1-c03-equal-one_free-SM,simplicity-v1-c03,consolidation,equal,one_free,SM,simplicity-v1-c03-equal-one_free-SM#2,S,110,True,True
pair_joint_M_o1.0_s1,simplicity-v1-c03-equal-one_free-SM,simplicity-v1-c03,consolidation,equal,one_free,SM,simplicity-v1-c03-equal-one_free-SM#3,S,99,True,True
pair_joint_M_o1.0_s1,simplicity-v1-c03-equal-one_brief-MS,simplicity-v1-c03,consolidation,equal,one_brief,MS,simplicity-v1-c03-equal-one_brief-MS#0,S,27,False,True
pair_joint_M_o1.0_s1,simplicity-v1-c03-equal-one_brief-MS,simplicity-v1-c03,consolidation,equal,one_brief,MS,simplicity-v1-c03-equal-one_brief-MS#1,S,33,False,True
pair_joint_M_o1.0_s1,simplicity-v1-c03-equal-one_brief-MS,simplicity-v1-c03,consolidation,equal,one_brief,MS,simplicity-v1-c03-equal-one_brief-MS#2,S,43,False,True
pair_joint_M_o1.0_s1,simplicity-v1-c03-equal-one_brief-MS,simplicity-v1-c03,consolidation,equal,one_brief,MS,simplicity-v1-c03-equal-one_brief-MS#3,S,20,True,True
pair_joint_M_o1.0_s1,simplicity-v1-c03-equal-one_brief-SM,simplicity-v1-c03,consolidation,equal,one_brief,SM,simplicity-v1-c03-equal-one_brief-SM#0,S,19,True,True
pair_joint_M_o1.0_s1,simplicity-v1-c03-equal-one_brief-SM,simplicity-v1-c03,consolidation,equal,one_brief,SM,simplicity-v1-c03-equal-one_brief-SM#1,S,23,True,True
pair_joint_M_o1.0_s1,simplicity-v1-c03-equal-one_brief-SM,simplicity-v1-c03,consolidation,equal,one_brief,SM,simplicity-v1-c03-equal-one_brief-SM#2,S,34,False,True
pair_joint_M_o1.0_s1,simplicity-v1-c03-equal-one_brief-SM,simplicity-v1-c03,consolidation,equal,one_brief,SM,simplicity-v1-c03-equal-one_brief-SM#3,S,24,True,True
pair_joint_M_o1.0_s1,simplicity-v1-c03-equal-one_detailed-MS,simplicity-v1-c03,consolidation,equal,one_detailed,MS,simplicity-v1-c03-equal-one_detailed-MS#0,M,112,False,True
pair_joint_M_o1.0_s1,simplicity-v1-c03-equal-one_detailed-MS,simplicity-v1-c03,consolidation,equal,one_detailed,MS,simplicity-v1-c03-equal-one_detailed-MS#1,M,218,False,True
pair_joint_M_o1.0_s1,simplicity-v1-c03-equal-one_detailed-MS,simplicity-v1-c03,consolidation,equal,one_detailed,MS,simplicity-v1-c03-equal-one_detailed-MS#2,S,105,False,True
pair_joint_M_o1.0_s1,simplicity-v1-c03-equal-one_detailed-MS,simplicity-v1-c03,consolidation,equal,one_detailed,MS,simplicity-v1-c03-equal-one_detailed-MS#3,S,162,False,True
pair_joint_M_o1.0_s1,simplicity-v1-c03-equal-one_detailed-SM,simplicity-v1-c03,consolidation,equal,one_detailed,SM,simplicity-v1-c03-equal-one_detailed-SM#0,S,132,True,True
pair_joint_M_o1.0_s1,simplicity-v1-c03-equal-one_detailed-SM,simplicity-v1-c03,consolidation,equal,one_detailed,SM,simplicity-v1-c03-equal-one_detailed-SM#1,S,118,False,True
pair_joint_M_o1.0_s1,simplicity-v1-c03-equal-one_detailed-SM,simplicity-v1-c03,consolidation,equal,one_detailed,SM,simplicity-v1-c03-equal-one_detailed-SM#2,S,99,False,True
pair_joint_M_o1.0_s1,simplicity-v1-c03-equal-one_detailed-SM,simplicity-v1-c03,consolidation,equal,one_detailed,SM,simplicity-v1-c03-equal-one_detailed-SM#3,S,181,False,True
pair_joint_M_o1.0_s1,simplicity-v1-c03-M_simple-flexible-MS,simplicity-v1-c03,consolidation,M_simple,flexible,MS,simplicity-v1-c03-M_simple-flexible-MS#0,S,93,True,True
pair_joint_M_o1.0_s1,simplicity-v1-c03-M_simple-flexible-MS,simplicity-v1-c03,consolidation,M_simple,flexible,MS,simplicity-v1-c03-M_simple-flexible-MS#1,S,126,True,True
pair_joint_M_o1.0_s1,simplicity-v1-c03-M_simple-flexible-MS,simplicity-v1-c03,consolidation,M_simple,flexible,MS,simplicity-v1-c03-M_simple-flexible-MS#2,S,123,True,True
pair_joint_M_o1.0_s1,simplicity-v1-c03-M_simple-flexible-MS,simplicity-v1-c03,consolidation,M_simple,flexible,MS,simplicity-v1-c03-M_simple-flexible-MS#3,S,129,True,True
pair_joint_M_o1.0_s1,simplicity-v1-c03-M_simple-flexible-SM,simplicity-v1-c03,consolidation,M_simple,flexible,SM,simplicity-v1-c03-M_simple-flexible-SM#0,S,119,True,True
pair_joint_M_o1.0_s1,simplicity-v1-c03-M_simple-flexible-SM,simplicity-v1-c03,consolidation,M_simple,flexible,SM,simplicity-v1-c03-M_simple-flexible-SM#1,S,88,True,True
pair_joint_M_o1.0_s1,simplicity-v1-c03-M_simple-flexible-SM,simplicity-v1-c03,consolidation,M_simple,flexible,SM,simplicity-v1-c03-M_simple-flexible-SM#2,S,107,True,True
pair_joint_M_o1.0_s1,simplicity-v1-c03-M_simple-flexible-SM,simplicity-v1-c03,consolidation,M_simple,flexible,SM,simplicity-v1-c03-M_simple-flexible-SM#3,S,72,True,True
pair_joint_M_o1.0_s1,simplicity-v1-c03-M_simple-one_free-MS,simplicity-v1-c03,consolidation,M_simple,one_free,MS,simplicity-v1-c03-M_simple-one_free-MS#0,S,115,True,True
pair_joint_M_o1.0_s1,simplicity-v1-c03-M_simple-one_free-MS,simplicity-v1-c03,consolidation,M_simple,one_free,MS,simplicity-v1-c03-M_simple-one_free-MS#1,M,96,True,True
pair_joint_M_o1.0_s1,simplicity-v1-c03-M_simple-one_free-MS,simplicity-v1-c03,consolidation,M_simple,one_free,MS,simplicity-v1-c03-M_simple-one_free-MS#2,M,104,True,True
pair_joint_M_o1.0_s1,simplicity-v1-c03-M_simple-one_free-MS,simplicity-v1-c03,consolidation,M_simple,one_free,MS,simplicity-v1-c03-M_simple-one_free-MS#3,M,79,True,True
pair_joint_M_o1.0_s1,simplicity-v1-c03-M_simple-one_free-SM,simplicity-v1-c03,consolidation,M_simple,one_free,SM,simplicity-v1-c03-M_simple-one_free-SM#0,S,109,True,True
pair_joint_M_o1.0_s1,simplicity-v1-c03-M_simple-one_free-SM,simplicity-v1-c03,consolidation,M_simple,one_free,SM,simplicity-v1-c03-M_simple-one_free-SM#1,S,134,True,True
pair_joint_M_o1.0_s1,simplicity-v1-c03-M_simple-one_free-SM,simplicity-v1-c03,consolidation,M_simple,one_free,SM,simplicity-v1-c03-M_simple-one_free-SM#2,S,86,True,True
pair_joint_M_o1.0_s1,simplicity-v1-c03-M_simple-one_free-SM,simplicity-v1-c03,consolidation,M_simple,one_free,SM,simplicity-v1-c03-M_simple-one_free-SM#3,M,99,True,True
pair_joint_M_o1.0_s1,simplicity-v1-c03-M_simple-one_brief-MS,simplicity-v1-c03,consolidation,M_simple,one_brief,MS,simplicity-v1-c03-M_simple-one_brief-MS#0,M,17,True,True
pair_joint_M_o1.0_s1,simplicity-v1-c03-M_simple-one_brief-MS,simplicity-v1-c03,consolidation,M_simple,one_brief,MS,simplicity-v1-c03-M_simple-one_brief-MS#1,S,16,True,True
pair_joint_M_o1.0_s1,simplicity-v1-c03-M_simple-one_brief-MS,simplicity-v1-c03,consolidation,M_simple,one_brief,MS,simplicity-v1-c03-M_simple-one_brief-MS#2,S,13,True,True
pair_joint_M_o1.0_s1,simplicity-v1-c03-M_simple-one_brief-MS,simplicity-v1-c03,consolidation,M_simple,one_brief,MS,simplicity-v1-c03-M_simple-one_brief-MS#3,M,13,True,True
pair_joint_M_o1.0_s1,simplicity-v1-c03-M_simple-one_brief-SM,simplicity-v1-c03,consolidation,M_simple,one_brief,SM,simplicity-v1-c03-M_simple-one_brief-SM#0,S,24,True,True
pair_joint_M_o1.0_s1,simplicity-v1-c03-M_simple-one_brief-SM,simplicity-v1-c03,consolidation,M_simple,one_brief,SM,simplicity-v1-c03-M_simple-one_brief-SM#1,S,23,True,True
pair_joint_M_o1.0_s1,simplicity-v1-c03-M_simple-one_brief-SM,simplicity-v1-c03,consolidation,M_simple,one_brief,SM,simplicity-v1-c03-M_simple-one_brief-SM#2,S,19,True,True
pair_joint_M_o1.0_s1,simplicity-v1-c03-M_simple-one_brief-SM,simplicity-v1-c03,consolidation,M_simple,one_brief,SM,simplicity-v1-c03-M_simple-one_brief-SM#3,S,39,False,True
pair_joint_M_o1.0_s1,simplicity-v1-c03-M_simple-one_detailed-MS,simplicity-v1-c03,consolidation,M_simple,one_detailed,MS,simplicity-v1-c03-M_simple-one_detailed-MS#0,M,95,False,True
pair_joint_M_o1.0_s1,simplicity-v1-c03-M_simple-one_detailed-MS,simplicity-v1-c03,consolidation,M_simple,one_detailed,MS,simplicity-v1-c03-M_simple-one_detailed-MS#1,S,171,False,True
pair_joint_M_o1.0_s1,simplicity-v1-c03-M_simple-one_detailed-MS,simplicity-v1-c03,consolidation,M_simple,one_detailed,MS,simplicity-v1-c03-M_simple-one_detailed-MS#2,S,114,False,True
pair_joint_M_o1.0_s1,simplicity-v1-c03-M_simple-one_detailed-MS,simplicity-v1-c03,consolidation,M_simple,one_detailed,MS,simplicity-v1-c03-M_simple-one_detailed-MS#3,S,195,False,True
pair_joint_M_o1.0_s1,simplicity-v1-c03-M_simple-one_detailed-SM,simplicity-v1-c03,consolidation,M_simple,one_detailed,SM,simplicity-v1-c03-M_simple-one_detailed-SM#0,S,98,False,True
pair_joint_M_o1.0_s1,simplicity-v1-c03-M_simple-one_detailed-SM,simplicity-v1-c03,consolidation,M_simple,one_detailed,SM,simplicity-v1-c03-M_simple-one_detailed-SM#1,S,171,False,True
pair_joint_M_o1.0_s1,simplicity-v1-c03-M_simple-one_detailed-SM,simplicity-v1-c03,consolidation,M_simple,one_detailed,SM,simplicity-v1-c03-M_simple-one_detailed-SM#2,S,131,True,True
pair_joint_M_o1.0_s1,simplicity-v1-c03-M_simple-one_detailed-SM,simplicity-v1-c03,consolidation,M_simple,one_detailed,SM,simplicity-v1-c03-M_simple-one_detailed-SM#3,S,117,False,True
pair_joint_M_o1.0_s1,simplicity-v1-c03-S_simple-flexible-MS,simplicity-v1-c03,consolidation,S_simple,flexible,MS,simplicity-v1-c03-S_simple-flexible-MS#0,S,85,True,True
pair_joint_M_o1.0_s1,simplicity-v1-c03-S_simple-flexible-MS,simplicity-v1-c03,consolidation,S_simple,flexible,MS,simplicity-v1-c03-S_simple-flexible-MS#1,S,80,True,True
pair_joint_M_o1.0_s1,simplicity-v1-c03-S_simple-flexible-MS,simplicity-v1-c03,consolidation,S_simple,flexible,MS,simplicity-v1-c03-S_simple-flexible-MS#2,S,101,True,True
pair_joint_M_o1.0_s1,simplicity-v1-c03-S_simple-flexible-MS,simplicity-v1-c03,consolidation,S_simple,flexible,MS,simplicity-v1-c03-S_simple-flexible-MS#3,S,127,True,True
pair_joint_M_o1.0_s1,simplicity-v1-c03-S_simple-flexible-SM,simplicity-v1-c03,consolidation,S_simple,flexible,SM,simplicity-v1-c03-S_simple-flexible-SM#0,S,110,True,True
pair_joint_M_o1.0_s1,simplicity-v1-c03-S_simple-flexible-SM,simplicity-v1-c03,consolidation,S_simple,flexible,SM,simplicity-v1-c03-S_simple-flexible-SM#1,S,100,True,True
pair_joint_M_o1.0_s1,simplicity-v1-c03-S_simple-flexible-SM,simplicity-v1-c03,consolidation,S_simple,flexible,SM,simplicity-v1-c03-S_simple-flexible-SM#2,S,171,False,True
pair_joint_M_o1.0_s1,simplicity-v1-c03-S_simple-flexible-SM,simplicity-v1-c03,consolidation,S_simple,flexible,SM,simplicity-v1-c03-S_simple-flexible-SM#3,S,93,True,True
pair_joint_M_o1.0_s1,simplicity-v1-c03-S_simple-one_free-MS,simplicity-v1-c03,consolidation,S_simple,one_free,MS,simplicity-v1-c03-S_simple-one_free-MS#0,S,82,True,True
pair_joint_M_o1.0_s1,simplicity-v1-c03-S_simple-one_free-MS,simplicity-v1-c03,consolidation,S_simple,one_free,MS,simplicity-v1-c03-S_simple-one_free-MS#1,S,129,True,True
pair_joint_M_o1.0_s1,simplicity-v1-c03-S_simple-one_free-MS,simplicity-v1-c03,consolidation,S_simple,one_free,MS,simplicity-v1-c03-S_simple-one_free-MS#2,S,70,True,True
pair_joint_M_o1.0_s1,simplicity-v1-c03-S_simple-one_free-MS,simplicity-v1-c03,consolidation,S_simple,one_free,MS,simplicity-v1-c03-S_simple-one_free-MS#3,S,105,True,True
pair_joint_M_o1.0_s1,simplicity-v1-c03-S_simple-one_free-SM,simplicity-v1-c03,consolidation,S_simple,one_free,SM,simplicity-v1-c03-S_simple-one_free-SM#0,S,54,True,True
pair_joint_M_o1.0_s1,simplicity-v1-c03-S_simple-one_free-SM,simplicity-v1-c03,consolidation,S_simple,one_free,SM,simplicity-v1-c03-S_simple-one_free-SM#1,S,84,True,True
pair_joint_M_o1.0_s1,simplicity-v1-c03-S_simple-one_free-SM,simplicity-v1-c03,consolidation,S_simple,one_free,SM,simplicity-v1-c03-S_simple-one_free-SM#2,S,88,True,True
pair_joint_M_o1.0_s1,simplicity-v1-c03-S_simple-one_free-SM,simplicity-v1-c03,consolidation,S_simple,one_free,SM,simplicity-v1-c03-S_simple-one_free-SM#3,S,109,True,True
pair_joint_M_o1.0_s1,simplicity-v1-c03-S_simple-one_brief-MS,simplicity-v1-c03,consolidation,S_simple,one_brief,MS,simplicity-v1-c03-S_simple-one_brief-MS#0,S,13,True,True
pair_joint_M_o1.0_s1,simplicity-v1-c03-S_simple-one_brief-MS,simplicity-v1-c03,consolidation,S_simple,one_brief,MS,simplicity-v1-c03-S_simple-one_brief-MS#1,S,13,True,True
pair_joint_M_o1.0_s1,simplicity-v1-c03-S_simple-one_brief-MS,simplicity-v1-c03,consolidation,S_simple,one_brief,MS,simplicity-v1-c03-S_simple-one_brief-MS#2,S,15,True,True
pair_joint_M_o1.0_s1,simplicity-v1-c03-S_simple-one_brief-MS,simplicity-v1-c03,consolidation,S_simple,one_brief,MS,simplicity-v1-c03-S_simple-one_brief-MS#3,S,12,True,True
pair_joint_M_o1.0_s1,simplicity-v1-c03-S_simple-one_brief-SM,simplicity-v1-c03,consolidation,S_simple,one_brief,SM,simplicity-v1-c03-S_simple-one_brief-SM#0,S,20,True,True
pair_joint_M_o1.0_s1,simplicity-v1-c03-S_simple-one_brief-SM,simplicity-v1-c03,consolidation,S_simple,one_brief,SM,simplicity-v1-c03-S_simple-one_brief-SM#1,S,23,True,True
pair_joint_M_o1.0_s1,simplicity-v1-c03-S_simple-one_brief-SM,simplicity-v1-c03,consolidation,S_simple,one_brief,SM,simplicity-v1-c03-S_simple-one_brief-SM#2,S,29,False,True
pair_joint_M_o1.0_s1,simplicity-v1-c03-S_simple-one_brief-SM,simplicity-v1-c03,consolidation,S_simple,one_brief,SM,simplicity-v1-c03-S_simple-one_brief-SM#3,S,13,True,True
pair_joint_M_o1.0_s1,simplicity-v1-c03-S_simple-one_detailed-MS,simplicity-v1-c03,consolidation,S_simple,one_detailed,MS,simplicity-v1-c03-S_simple-one_detailed-MS#0,S,109,False,True
pair_joint_M_o1.0_s1,simplicity-v1-c03-S_simple-one_detailed-MS,simplicity-v1-c03,consolidation,S_simple,one_detailed,MS,simplicity-v1-c03-S_simple-one_detailed-MS#1,S,147,True,True
pair_joint_M_o1.0_s1,simplicity-v1-c03-S_simple-one_detailed-MS,simplicity-v1-c03,consolidation,S_simple,one_detailed,MS,simplicity-v1-c03-S_simple-one_detailed-MS#2,S,97,False,True
pair_joint_M_o1.0_s1,simplicity-v1-c03-S_simple-one_detailed-MS,simplicity-v1-c03,consolidation,S_simple,one_detailed,MS,simplicity-v1-c03-S_simple-one_detailed-MS#3,S,129,True,True
pair_joint_M_o1.0_s1,simplicity-v1-c03-S_simple-one_detailed-SM,simplicity-v1-c03,consolidation,S_simple,one_detailed,SM,simplicity-v1-c03-S_simple-one_detailed-SM#0,S,85,False,True
pair_joint_M_o1.0_s1,simplicity-v1-c03-S_simple-one_detailed-SM,simplicity-v1-c03,consolidation,S_simple,one_detailed,SM,simplicity-v1-c03-S_simple-one_detailed-SM#1,S,151,True,True
pair_joint_M_o1.0_s1,simplicity-v1-c03-S_simple-one_detailed-SM,simplicity-v1-c03,consolidation,S_simple,one_detailed,SM,simplicity-v1-c03-S_simple-one_detailed-SM#2,S,91,False,True
pair_joint_M_o1.0_s1,simplicity-v1-c03-S_simple-one_detailed-SM,simplicity-v1-c03,consolidation,S_simple,one_detailed,SM,simplicity-v1-c03-S_simple-one_detailed-SM#3,S,114,False,True
pair_joint_M_o1.0_s1,simplicity-v1-s01-equal-flexible-MS,simplicity-v1-s01,specialization,equal,flexible,MS,simplicity-v1-s01-equal-flexible-MS#0,M,83,True,True
pair_joint_M_o1.0_s1,simplicity-v1-s01-equal-flexible-MS,simplicity-v1-s01,specialization,equal,flexible,MS,simplicity-v1-s01-equal-flexible-MS#1,S,100,True,True
pair_joint_M_o1.0_s1,simplicity-v1-s01-equal-flexible-MS,simplicity-v1-s01,specialization,equal,flexible,MS,simplicity-v1-s01-equal-flexible-MS#2,S,68,True,True
pair_joint_M_o1.0_s1,simplicity-v1-s01-equal-flexible-MS,simplicity-v1-s01,specialization,equal,flexible,MS,simplicity-v1-s01-equal-flexible-MS#3,S,101,True,True
pair_joint_M_o1.0_s1,simplicity-v1-s01-equal-flexible-SM,simplicity-v1-s01,specialization,equal,flexible,SM,simplicity-v1-s01-equal-flexible-SM#0,S,100,True,True
pair_joint_M_o1.0_s1,simplicity-v1-s01-equal-flexible-SM,simplicity-v1-s01,specialization,equal,flexible,SM,simplicity-v1-s01-equal-flexible-SM#1,S,120,True,True
pair_joint_M_o1.0_s1,simplicity-v1-s01-equal-flexible-SM,simplicity-v1-s01,specialization,equal,flexible,SM,simplicity-v1-s01-equal-flexible-SM#2,S,77,True,True
pair_joint_M_o1.0_s1,simplicity-v1-s01-equal-flexible-SM,simplicity-v1-s01,specialization,equal,flexible,SM,simplicity-v1-s01-equal-flexible-SM#3,S,122,True,True
pair_joint_M_o1.0_s1,simplicity-v1-s01-equal-one_free-MS,simplicity-v1-s01,specialization,equal,one_free,MS,simplicity-v1-s01-equal-one_free-MS#0,S,102,True,True
pair_joint_M_o1.0_s1,simplicity-v1-s01-equal-one_free-MS,simplicity-v1-s01,specialization,equal,one_free,MS,simplicity-v1-s01-equal-one_free-MS#1,M,83,True,True
pair_joint_M_o1.0_s1,simplicity-v1-s01-equal-one_free-MS,simplicity-v1-s01,specialization,equal,one_free,MS,simplicity-v1-s01-equal-one_free-MS#2,S,151,True,True
pair_joint_M_o1.0_s1,simplicity-v1-s01-equal-one_free-MS,simplicity-v1-s01,specialization,equal,one_free,MS,simplicity-v1-s01-equal-one_free-MS#3,M,77,True,True
pair_joint_M_o1.0_s1,simplicity-v1-s01-equal-one_free-SM,simplicity-v1-s01,specialization,equal,one_free,SM,simplicity-v1-s01-equal-one_free-SM#0,S,83,True,True
pair_joint_M_o1.0_s1,simplicity-v1-s01-equal-one_free-SM,simplicity-v1-s01,specialization,equal,one_free,SM,simplicity-v1-s01-equal-one_free-SM#1,S,94,True,True
pair_joint_M_o1.0_s1,simplicity-v1-s01-equal-one_free-SM,simplicity-v1-s01,specialization,equal,one_free,SM,simplicity-v1-s01-equal-one_free-SM#2,S,96,True,True
pair_joint_M_o1.0_s1,simplicity-v1-s01-equal-one_free-SM,simplicity-v1-s01,specialization,equal,one_free,SM,simplicity-v1-s01-equal-one_free-SM#3,S,77,True,True
pair_joint_M_o1.0_s1,simplicity-v1-s01-equal-one_brief-MS,simplicity-v1-s01,specialization,equal,one_brief,MS,simplicity-v1-s01-equal-one_brief-MS#0,S,14,True,True
pair_joint_M_o1.0_s1,simplicity-v1-s01-equal-one_brief-MS,simplicity-v1-s01,specialization,equal,one_brief,MS,simplicity-v1-s01-equal-one_brief-MS#1,S,43,False,True
pair_joint_M_o1.0_s1,simplicity-v1-s01-equal-one_brief-MS,simplicity-v1-s01,specialization,equal,one_brief,MS,simplicity-v1-s01-equal-one_brief-MS#2,S,55,False,True
pair_joint_M_o1.0_s1,simplicity-v1-s01-equal-one_brief-MS,simplicity-v1-s01,specialization,equal,one_brief,MS,simplicity-v1-s01-equal-one_brief-MS#3,S,43,False,True
pair_joint_M_o1.0_s1,simplicity-v1-s01-equal-one_brief-SM,simplicity-v1-s01,specialization,equal,one_brief,SM,simplicity-v1-s01-equal-one_brief-SM#0,S,50,False,True
pair_joint_M_o1.0_s1,simplicity-v1-s01-equal-one_brief-SM,simplicity-v1-s01,specialization,equal,one_brief,SM,simplicity-v1-s01-equal-one_brief-SM#1,S,16,True,True
pair_joint_M_o1.0_s1,simplicity-v1-s01-equal-one_brief-SM,simplicity-v1-s01,specialization,equal,one_brief,SM,simplicity-v1-s01-equal-one_brief-SM#2,S,59,False,True
pair_joint_M_o1.0_s1,simplicity-v1-s01-equal-one_brief-SM,simplicity-v1-s01,specialization,equal,one_brief,SM,simplicity-v1-s01-equal-one_brief-SM#3,S,36,False,True
pair_joint_M_o1.0_s1,simplicity-v1-s01-equal-one_detailed-MS,simplicity-v1-s01,specialization,equal,one_detailed,MS,simplicity-v1-s01-equal-one_detailed-MS#0,S,119,False,True
pair_joint_M_o1.0_s1,simplicity-v1-s01-equal-one_detailed-MS,simplicity-v1-s01,specialization,equal,one_detailed,MS,simplicity-v1-s01-equal-one_detailed-MS#1,S,130,True,True
pair_joint_M_o1.0_s1,simplicity-v1-s01-equal-one_detailed-MS,simplicity-v1-s01,specialization,equal,one_detailed,MS,simplicity-v1-s01-equal-one_detailed-MS#2,M,86,False,True
pair_joint_M_o1.0_s1,simplicity-v1-s01-equal-one_detailed-MS,simplicity-v1-s01,specialization,equal,one_detailed,MS,simplicity-v1-s01-equal-one_detailed-MS#3,S,119,False,True
pair_joint_M_o1.0_s1,simplicity-v1-s01-equal-one_detailed-SM,simplicity-v1-s01,specialization,equal,one_detailed,SM,simplicity-v1-s01-equal-one_detailed-SM#0,S,75,False,True
pair_joint_M_o1.0_s1,simplicity-v1-s01-equal-one_detailed-SM,simplicity-v1-s01,specialization,equal,one_detailed,SM,simplicity-v1-s01-equal-one_detailed-SM#1,S,99,False,True
pair_joint_M_o1.0_s1,simplicity-v1-s01-equal-one_detailed-SM,simplicity-v1-s01,specialization,equal,one_detailed,SM,simplicity-v1-s01-equal-one_detailed-SM#2,S,127,True,True
pair_joint_M_o1.0_s1,simplicity-v1-s01-equal-one_detailed-SM,simplicity-v1-s01,specialization,equal,one_detailed,SM,simplicity-v1-s01-equal-one_detailed-SM#3,S,88,False,True
pair_joint_M_o1.0_s1,simplicity-v1-s01-M_simple-flexible-MS,simplicity-v1-s01,specialization,M_simple,flexible,MS,simplicity-v1-s01-M_simple-flexible-MS#0,M,78,True,True
pair_joint_M_o1.0_s1,simplicity-v1-s01-M_simple-flexible-MS,simplicity-v1-s01,specialization,M_simple,flexible,MS,simplicity-v1-s01-M_simple-flexible-MS#1,neither,142,True,True
pair_joint_M_o1.0_s1,simplicity-v1-s01-M_simple-flexible-MS,simplicity-v1-s01,specialization,M_simple,flexible,MS,simplicity-v1-s01-M_simple-flexible-MS#2,M,96,True,True
pair_joint_M_o1.0_s1,simplicity-v1-s01-M_simple-flexible-MS,simplicity-v1-s01,specialization,M_simple,flexible,MS,simplicity-v1-s01-M_simple-flexible-MS#3,S,92,True,True
pair_joint_M_o1.0_s1,simplicity-v1-s01-M_simple-flexible-SM,simplicity-v1-s01,specialization,M_simple,flexible,SM,simplicity-v1-s01-M_simple-flexible-SM#0,S,98,True,True
pair_joint_M_o1.0_s1,simplicity-v1-s01-M_simple-flexible-SM,simplicity-v1-s01,specialization,M_simple,flexible,SM,simplicity-v1-s01-M_simple-flexible-SM#1,M,109,True,True
pair_joint_M_o1.0_s1,simplicity-v1-s01-M_simple-flexible-SM,simplicity-v1-s01,specialization,M_simple,flexible,SM,simplicity-v1-s01-M_simple-flexible-SM#2,S,62,True,True
pair_joint_M_o1.0_s1,simplicity-v1-s01-M_simple-flexible-SM,simplicity-v1-s01,specialization,M_simple,flexible,SM,simplicity-v1-s01-M_simple-flexible-SM#3,S,130,True,True
pair_joint_M_o1.0_s1,simplicity-v1-s01-M_simple-one_free-MS,simplicity-v1-s01,specialization,M_simple,one_free,MS,simplicity-v1-s01-M_simple-one_free-MS#0,S,110,True,True
pair_joint_M_o1.0_s1,simplicity-v1-s01-M_simple-one_free-MS,simplicity-v1-s01,specialization,M_simple,one_free,MS,simplicity-v1-s01-M_simple-one_free-MS#1,S,114,True,True
pair_joint_M_o1.0_s1,simplicity-v1-s01-M_simple-one_free-MS,simplicity-v1-s01,specialization,M_simple,one_free,MS,simplicity-v1-s01-M_simple-one_free-MS#2,M,104,True,True
pair_joint_M_o1.0_s1,simplicity-v1-s01-M_simple-one_free-MS,simplicity-v1-s01,specialization,M_simple,one_free,MS,simplicity-v1-s01-M_simple-one_free-MS#3,M,74,True,True
pair_joint_M_o1.0_s1,simplicity-v1-s01-M_simple-one_free-SM,simplicity-v1-s01,specialization,M_simple,one_free,SM,simplicity-v1-s01-M_simple-one_free-SM#0,S,107,True,True
pair_joint_M_o1.0_s1,simplicity-v1-s01-M_simple-one_free-SM,simplicity-v1-s01,specialization,M_simple,one_free,SM,simplicity-v1-s01-M_simple-one_free-SM#1,S,113,True,True
pair_joint_M_o1.0_s1,simplicity-v1-s01-M_simple-one_free-SM,simplicity-v1-s01,specialization,M_simple,one_free,SM,simplicity-v1-s01-M_simple-one_free-SM#2,S,97,True,True
pair_joint_M_o1.0_s1,simplicity-v1-s01-M_simple-one_free-SM,simplicity-v1-s01,specialization,M_simple,one_free,SM,simplicity-v1-s01-M_simple-one_free-SM#3,S,123,True,True
pair_joint_M_o1.0_s1,simplicity-v1-s01-M_simple-one_brief-MS,simplicity-v1-s01,specialization,M_simple,one_brief,MS,simplicity-v1-s01-M_simple-one_brief-MS#0,M,36,False,True
pair_joint_M_o1.0_s1,simplicity-v1-s01-M_simple-one_brief-MS,simplicity-v1-s01,specialization,M_simple,one_brief,MS,simplicity-v1-s01-M_simple-one_brief-MS#1,S,9,True,True
pair_joint_M_o1.0_s1,simplicity-v1-s01-M_simple-one_brief-MS,simplicity-v1-s01,specialization,M_simple,one_brief,MS,simplicity-v1-s01-M_simple-one_brief-MS#2,M,30,False,True
pair_joint_M_o1.0_s1,simplicity-v1-s01-M_simple-one_brief-MS,simplicity-v1-s01,specialization,M_simple,one_brief,MS,simplicity-v1-s01-M_simple-one_brief-MS#3,M,90,False,True
pair_joint_M_o1.0_s1,simplicity-v1-s01-M_simple-one_brief-SM,simplicity-v1-s01,specialization,M_simple,one_brief,SM,simplicity-v1-s01-M_simple-one_brief-SM#0,S,59,False,True
pair_joint_M_o1.0_s1,simplicity-v1-s01-M_simple-one_brief-SM,simplicity-v1-s01,specialization,M_simple,one_brief,SM,simplicity-v1-s01-M_simple-one_brief-SM#1,S,55,False,True
pair_joint_M_o1.0_s1,simplicity-v1-s01-M_simple-one_brief-SM,simplicity-v1-s01,specialization,M_simple,one_brief,SM,simplicity-v1-s01-M_simple-one_brief-SM#2,S,63,False,True
pair_joint_M_o1.0_s1,simplicity-v1-s01-M_simple-one_brief-SM,simplicity-v1-s01,specialization,M_simple,one_brief,SM,simplicity-v1-s01-M_simple-one_brief-SM#3,S,11,True,True
pair_joint_M_o1.0_s1,simplicity-v1-s01-M_simple-one_detailed-MS,simplicity-v1-s01,specialization,M_simple,one_detailed,MS,simplicity-v1-s01-M_simple-one_detailed-MS#0,M,128,True,True
pair_joint_M_o1.0_s1,simplicity-v1-s01-M_simple-one_detailed-MS,simplicity-v1-s01,specialization,M_simple,one_detailed,MS,simplicity-v1-s01-M_simple-one_detailed-MS#1,S,100,False,True
pair_joint_M_o1.0_s1,simplicity-v1-s01-M_simple-one_detailed-MS,simplicity-v1-s01,specialization,M_simple,one_detailed,MS,simplicity-v1-s01-M_simple-one_detailed-MS#2,M,112,False,True
pair_joint_M_o1.0_s1,simplicity-v1-s01-M_simple-one_detailed-MS,simplicity-v1-s01,specialization,M_simple,one_detailed,MS,simplicity-v1-s01-M_simple-one_detailed-MS#3,S,106,False,True
pair_joint_M_o1.0_s1,simplicity-v1-s01-M_simple-one_detailed-SM,simplicity-v1-s01,specialization,M_simple,one_detailed,SM,simplicity-v1-s01-M_simple-one_detailed-SM#0,S,106,False,True
pair_joint_M_o1.0_s1,simplicity-v1-s01-M_simple-one_detailed-SM,simplicity-v1-s01,specialization,M_simple,one_detailed,SM,simplicity-v1-s01-M_simple-one_detailed-SM#1,S,103,False,True
pair_joint_M_o1.0_s1,simplicity-v1-s01-M_simple-one_detailed-SM,simplicity-v1-s01,specialization,M_simple,one_detailed,SM,simplicity-v1-s01-M_simple-one_detailed-SM#2,S,56,False,True
pair_joint_M_o1.0_s1,simplicity-v1-s01-M_simple-one_detailed-SM,simplicity-v1-s01,specialization,M_simple,one_detailed,SM,simplicity-v1-s01-M_simple-one_detailed-SM#3,S,93,False,True
pair_joint_M_o1.0_s1,simplicity-v1-s01-S_simple-flexible-MS,simplicity-v1-s01,specialization,S_simple,flexible,MS,simplicity-v1-s01-S_simple-flexible-MS#0,S,111,True,True
pair_joint_M_o1.0_s1,simplicity-v1-s01-S_simple-flexible-MS,simplicity-v1-s01,specialization,S_simple,flexible,MS,simplicity-v1-s01-S_simple-flexible-MS#1,S,99,True,True
pair_joint_M_o1.0_s1,simplicity-v1-s01-S_simple-flexible-MS,simplicity-v1-s01,specialization,S_simple,flexible,MS,simplicity-v1-s01-S_simple-flexible-MS#2,S,107,True,True
pair_joint_M_o1.0_s1,simplicity-v1-s01-S_simple-flexible-MS,simplicity-v1-s01,specialization,S_simple,flexible,MS,simplicity-v1-s01-S_simple-flexible-MS#3,S,105,True,True
pair_joint_M_o1.0_s1,simplicity-v1-s01-S_simple-flexible-SM,simplicity-v1-s01,specialization,S_simple,flexible,SM,simplicity-v1-s01-S_simple-flexible-SM#0,S,111,True,True
pair_joint_M_o1.0_s1,simplicity-v1-s01-S_simple-flexible-SM,simplicity-v1-s01,specialization,S_simple,flexible,SM,simplicity-v1-s01-S_simple-flexible-SM#1,S,73,True,True
pair_joint_M_o1.0_s1,simplicity-v1-s01-S_simple-flexible-SM,simplicity-v1-s01,specialization,S_simple,flexible,SM,simplicity-v1-s01-S_simple-flexible-SM#2,S,119,True,True
pair_joint_M_o1.0_s1,simplicity-v1-s01-S_simple-flexible-SM,simplicity-v1-s01,specialization,S_simple,flexible,SM,simplicity-v1-s01-S_simple-flexible-SM#3,S,89,True,True
pair_joint_M_o1.0_s1,simplicity-v1-s01-S_simple-one_free-MS,simplicity-v1-s01,specialization,S_simple,one_free,MS,simplicity-v1-s01-S_simple-one_free-MS#0,S,86,True,True
pair_joint_M_o1.0_s1,simplicity-v1-s01-S_simple-one_free-MS,simplicity-v1-s01,specialization,S_simple,one_free,MS,simplicity-v1-s01-S_simple-one_free-MS#1,S,99,True,True
pair_joint_M_o1.0_s1,simplicity-v1-s01-S_simple-one_free-MS,simplicity-v1-s01,specialization,S_simple,one_free,MS,simplicity-v1-s01-S_simple-one_free-MS#2,S,90,True,True
pair_joint_M_o1.0_s1,simplicity-v1-s01-S_simple-one_free-MS,simplicity-v1-s01,specialization,S_simple,one_free,MS,simplicity-v1-s01-S_simple-one_free-MS#3,S,7,True,True
pair_joint_M_o1.0_s1,simplicity-v1-s01-S_simple-one_free-SM,simplicity-v1-s01,specialization,S_simple,one_free,SM,simplicity-v1-s01-S_simple-one_free-SM#0,S,8,True,True
pair_joint_M_o1.0_s1,simplicity-v1-s01-S_simple-one_free-SM,simplicity-v1-s01,specialization,S_simple,one_free,SM,simplicity-v1-s01-S_simple-one_free-SM#1,S,67,True,True
pair_joint_M_o1.0_s1,simplicity-v1-s01-S_simple-one_free-SM,simplicity-v1-s01,specialization,S_simple,one_free,SM,simplicity-v1-s01-S_simple-one_free-SM#2,S,5,True,True
pair_joint_M_o1.0_s1,simplicity-v1-s01-S_simple-one_free-SM,simplicity-v1-s01,specialization,S_simple,one_free,SM,simplicity-v1-s01-S_simple-one_free-SM#3,S,111,True,True
pair_joint_M_o1.0_s1,simplicity-v1-s01-S_simple-one_brief-MS,simplicity-v1-s01,specialization,S_simple,one_brief,MS,simplicity-v1-s01-S_simple-one_brief-MS#0,S,26,False,True
pair_joint_M_o1.0_s1,simplicity-v1-s01-S_simple-one_brief-MS,simplicity-v1-s01,specialization,S_simple,one_brief,MS,simplicity-v1-s01-S_simple-one_brief-MS#1,S,19,True,True
pair_joint_M_o1.0_s1,simplicity-v1-s01-S_simple-one_brief-MS,simplicity-v1-s01,specialization,S_simple,one_brief,MS,simplicity-v1-s01-S_simple-one_brief-MS#2,S,41,False,True
pair_joint_M_o1.0_s1,simplicity-v1-s01-S_simple-one_brief-MS,simplicity-v1-s01,specialization,S_simple,one_brief,MS,simplicity-v1-s01-S_simple-one_brief-MS#3,S,29,False,True
pair_joint_M_o1.0_s1,simplicity-v1-s01-S_simple-one_brief-SM,simplicity-v1-s01,specialization,S_simple,one_brief,SM,simplicity-v1-s01-S_simple-one_brief-SM#0,S,12,True,True
pair_joint_M_o1.0_s1,simplicity-v1-s01-S_simple-one_brief-SM,simplicity-v1-s01,specialization,S_simple,one_brief,SM,simplicity-v1-s01-S_simple-one_brief-SM#1,S,36,False,True
pair_joint_M_o1.0_s1,simplicity-v1-s01-S_simple-one_brief-SM,simplicity-v1-s01,specialization,S_simple,one_brief,SM,simplicity-v1-s01-S_simple-one_brief-SM#2,S,77,False,True
pair_joint_M_o1.0_s1,simplicity-v1-s01-S_simple-one_brief-SM,simplicity-v1-s01,specialization,S_simple,one_brief,SM,simplicity-v1-s01-S_simple-one_brief-SM#3,S,13,True,True
pair_joint_M_o1.0_s1,simplicity-v1-s01-S_simple-one_detailed-MS,simplicity-v1-s01,specialization,S_simple,one_detailed,MS,simplicity-v1-s01-S_simple-one_detailed-MS#0,S,130,True,True
pair_joint_M_o1.0_s1,simplicity-v1-s01-S_simple-one_detailed-MS,simplicity-v1-s01,specialization,S_simple,one_detailed,MS,simplicity-v1-s01-S_simple-one_detailed-MS#1,S,145,True,True
pair_joint_M_o1.0_s1,simplicity-v1-s01-S_simple-one_detailed-MS,simplicity-v1-s01,specialization,S_simple,one_detailed,MS,simplicity-v1-s01-S_simple-one_detailed-MS#2,S,96,False,True
pair_joint_M_o1.0_s1,simplicity-v1-s01-S_simple-one_detailed-MS,simplicity-v1-s01,specialization,S_simple,one_detailed,MS,simplicity-v1-s01-S_simple-one_detailed-MS#3,S,114,False,True
pair_joint_M_o1.0_s1,simplicity-v1-s01-S_simple-one_detailed-SM,simplicity-v1-s01,specialization,S_simple,one_detailed,SM,simplicity-v1-s01-S_simple-one_detailed-SM#0,S,122,True,True
pair_joint_M_o1.0_s1,simplicity-v1-s01-S_simple-one_detailed-SM,simplicity-v1-s01,specialization,S_simple,one_detailed,SM,simplicity-v1-s01-S_simple-one_detailed-SM#1,S,132,True,True
pair_joint_M_o1.0_s1,simplicity-v1-s01-S_simple-one_detailed-SM,simplicity-v1-s01,specialization,S_simple,one_detailed,SM,simplicity-v1-s01-S_simple-one_detailed-SM#2,S,96,False,True
pair_joint_M_o1.0_s1,simplicity-v1-s01-S_simple-one_detailed-SM,simplicity-v1-s01,specialization,S_simple,one_detailed,SM,simplicity-v1-s01-S_simple-one_detailed-SM#3,S,82,False,True
pair_joint_M_o1.0_s1,simplicity-v1-s02-equal-flexible-MS,simplicity-v1-s02,specialization,equal,flexible,MS,simplicity-v1-s02-equal-flexible-MS#0,both,106,True,True
pair_joint_M_o1.0_s1,simplicity-v1-s02-equal-flexible-MS,simplicity-v1-s02,specialization,equal,flexible,MS,simplicity-v1-s02-equal-flexible-MS#1,S,135,True,True
pair_joint_M_o1.0_s1,simplicity-v1-s02-equal-flexible-MS,simplicity-v1-s02,specialization,equal,flexible,MS,simplicity-v1-s02-equal-flexible-MS#2,S,103,True,True
pair_joint_M_o1.0_s1,simplicity-v1-s02-equal-flexible-MS,simplicity-v1-s02,specialization,equal,flexible,MS,simplicity-v1-s02-equal-flexible-MS#3,S,143,True,True
pair_joint_M_o1.0_s1,simplicity-v1-s02-equal-flexible-SM,simplicity-v1-s02,specialization,equal,flexible,SM,simplicity-v1-s02-equal-flexible-SM#0,S,70,True,True
pair_joint_M_o1.0_s1,simplicity-v1-s02-equal-flexible-SM,simplicity-v1-s02,specialization,equal,flexible,SM,simplicity-v1-s02-equal-flexible-SM#1,S,134,True,True
pair_joint_M_o1.0_s1,simplicity-v1-s02-equal-flexible-SM,simplicity-v1-s02,specialization,equal,flexible,SM,simplicity-v1-s02-equal-flexible-SM#2,S,95,True,True
pair_joint_M_o1.0_s1,simplicity-v1-s02-equal-flexible-SM,simplicity-v1-s02,specialization,equal,flexible,SM,simplicity-v1-s02-equal-flexible-SM#3,S,69,True,True
pair_joint_M_o1.0_s1,simplicity-v1-s02-equal-one_free-MS,simplicity-v1-s02,specialization,equal,one_free,MS,simplicity-v1-s02-equal-one_free-MS#0,S,99,True,True
pair_joint_M_o1.0_s1,simplicity-v1-s02-equal-one_free-MS,simplicity-v1-s02,specialization,equal,one_free,MS,simplicity-v1-s02-equal-one_free-MS#1,S,120,True,True
pair_joint_M_o1.0_s1,simplicity-v1-s02-equal-one_free-MS,simplicity-v1-s02,specialization,equal,one_free,MS,simplicity-v1-s02-equal-one_free-MS#2,S,70,True,True
pair_joint_M_o1.0_s1,simplicity-v1-s02-equal-one_free-MS,simplicity-v1-s02,specialization,equal,one_free,MS,simplicity-v1-s02-equal-one_free-MS#3,S,100,True,True
pair_joint_M_o1.0_s1,simplicity-v1-s02-equal-one_free-SM,simplicity-v1-s02,specialization,equal,one_free,SM,simplicity-v1-s02-equal-one_free-SM#0,S,94,True,True
pair_joint_M_o1.0_s1,simplicity-v1-s02-equal-one_free-SM,simplicity-v1-s02,specialization,equal,one_free,SM,simplicity-v1-s02-equal-one_free-SM#1,S,114,True,True
pair_joint_M_o1.0_s1,simplicity-v1-s02-equal-one_free-SM,simplicity-v1-s02,specialization,equal,one_free,SM,simplicity-v1-s02-equal-one_free-SM#2,S,125,True,True
pair_joint_M_o1.0_s1,simplicity-v1-s02-equal-one_free-SM,simplicity-v1-s02,specialization,equal,one_free,SM,simplicity-v1-s02-equal-one_free-SM#3,S,111,True,True
pair_joint_M_o1.0_s1,simplicity-v1-s02-equal-one_brief-MS,simplicity-v1-s02,specialization,equal,one_brief,MS,simplicity-v1-s02-equal-one_brief-MS#0,S,89,False,True
pair_joint_M_o1.0_s1,simplicity-v1-s02-equal-one_brief-MS,simplicity-v1-s02,specialization,equal,one_brief,MS,simplicity-v1-s02-equal-one_brief-MS#1,S,46,False,True
pair_joint_M_o1.0_s1,simplicity-v1-s02-equal-one_brief-MS,simplicity-v1-s02,specialization,equal,one_brief,MS,simplicity-v1-s02-equal-one_brief-MS#2,S,64,False,True
pair_joint_M_o1.0_s1,simplicity-v1-s02-equal-one_brief-MS,simplicity-v1-s02,specialization,equal,one_brief,MS,simplicity-v1-s02-equal-one_brief-MS#3,S,35,False,True
pair_joint_M_o1.0_s1,simplicity-v1-s02-equal-one_brief-SM,simplicity-v1-s02,specialization,equal,one_brief,SM,simplicity-v1-s02-equal-one_brief-SM#0,S,52,False,True
pair_joint_M_o1.0_s1,simplicity-v1-s02-equal-one_brief-SM,simplicity-v1-s02,specialization,equal,one_brief,SM,simplicity-v1-s02-equal-one_brief-SM#1,S,48,False,True
pair_joint_M_o1.0_s1,simplicity-v1-s02-equal-one_brief-SM,simplicity-v1-s02,specialization,equal,one_brief,SM,simplicity-v1-s02-equal-one_brief-SM#2,S,41,False,True
pair_joint_M_o1.0_s1,simplicity-v1-s02-equal-one_brief-SM,simplicity-v1-s02,specialization,equal,one_brief,SM,simplicity-v1-s02-equal-one_brief-SM#3,S,25,True,True
pair_joint_M_o1.0_s1,simplicity-v1-s02-equal-one_detailed-MS,simplicity-v1-s02,specialization,equal,one_detailed,MS,simplicity-v1-s02-equal-one_detailed-MS#0,S,115,False,True
pair_joint_M_o1.0_s1,simplicity-v1-s02-equal-one_detailed-MS,simplicity-v1-s02,specialization,equal,one_detailed,MS,simplicity-v1-s02-equal-one_detailed-MS#1,S,88,False,True
pair_joint_M_o1.0_s1,simplicity-v1-s02-equal-one_detailed-MS,simplicity-v1-s02,specialization,equal,one_detailed,MS,simplicity-v1-s02-equal-one_detailed-MS#2,S,120,True,True
pair_joint_M_o1.0_s1,simplicity-v1-s02-equal-one_detailed-MS,simplicity-v1-s02,specialization,equal,one_detailed,MS,simplicity-v1-s02-equal-one_detailed-MS#3,S,149,True,True
pair_joint_M_o1.0_s1,simplicity-v1-s02-equal-one_detailed-SM,simplicity-v1-s02,specialization,equal,one_detailed,SM,simplicity-v1-s02-equal-one_detailed-SM#0,S,131,True,True
pair_joint_M_o1.0_s1,simplicity-v1-s02-equal-one_detailed-SM,simplicity-v1-s02,specialization,equal,one_detailed,SM,simplicity-v1-s02-equal-one_detailed-SM#1,S,137,True,True
pair_joint_M_o1.0_s1,simplicity-v1-s02-equal-one_detailed-SM,simplicity-v1-s02,specialization,equal,one_detailed,SM,simplicity-v1-s02-equal-one_detailed-SM#2,S,99,False,True
pair_joint_M_o1.0_s1,simplicity-v1-s02-equal-one_detailed-SM,simplicity-v1-s02,specialization,equal,one_detailed,SM,simplicity-v1-s02-equal-one_detailed-SM#3,S,104,False,True
pair_joint_M_o1.0_s1,simplicity-v1-s02-M_simple-flexible-MS,simplicity-v1-s02,specialization,M_simple,flexible,MS,simplicity-v1-s02-M_simple-flexible-MS#0,S,102,True,True
pair_joint_M_o1.0_s1,simplicity-v1-s02-M_simple-flexible-MS,simplicity-v1-s02,specialization,M_simple,flexible,MS,simplicity-v1-s02-M_simple-flexible-MS#1,S,81,True,True
pair_joint_M_o1.0_s1,simplicity-v1-s02-M_simple-flexible-MS,simplicity-v1-s02,specialization,M_simple,flexible,MS,simplicity-v1-s02-M_simple-flexible-MS#2,both,104,True,True
pair_joint_M_o1.0_s1,simplicity-v1-s02-M_simple-flexible-MS,simplicity-v1-s02,specialization,M_simple,flexible,MS,simplicity-v1-s02-M_simple-flexible-MS#3,S,130,True,True
pair_joint_M_o1.0_s1,simplicity-v1-s02-M_simple-flexible-SM,simplicity-v1-s02,specialization,M_simple,flexible,SM,simplicity-v1-s02-M_simple-flexible-SM#0,M,149,True,True
pair_joint_M_o1.0_s1,simplicity-v1-s02-M_simple-flexible-SM,simplicity-v1-s02,specialization,M_simple,flexible,SM,simplicity-v1-s02-M_simple-flexible-SM#1,S,116,True,True
pair_joint_M_o1.0_s1,simplicity-v1-s02-M_simple-flexible-SM,simplicity-v1-s02,specialization,M_simple,flexible,SM,simplicity-v1-s02-M_simple-flexible-SM#2,S,181,False,True
pair_joint_M_o1.0_s1,simplicity-v1-s02-M_simple-flexible-SM,simplicity-v1-s02,specialization,M_simple,flexible,SM,simplicity-v1-s02-M_simple-flexible-SM#3,S,104,True,True
pair_joint_M_o1.0_s1,simplicity-v1-s02-M_simple-one_free-MS,simplicity-v1-s02,specialization,M_simple,one_free,MS,simplicity-v1-s02-M_simple-one_free-MS#0,M,97,True,True
pair_joint_M_o1.0_s1,simplicity-v1-s02-M_simple-one_free-MS,simplicity-v1-s02,specialization,M_simple,one_free,MS,simplicity-v1-s02-M_simple-one_free-MS#1,S,104,True,True
pair_joint_M_o1.0_s1,simplicity-v1-s02-M_simple-one_free-MS,simplicity-v1-s02,specialization,M_simple,one_free,MS,simplicity-v1-s02-M_simple-one_free-MS#2,S,106,True,True
pair_joint_M_o1.0_s1,simplicity-v1-s02-M_simple-one_free-MS,simplicity-v1-s02,specialization,M_simple,one_free,MS,simplicity-v1-s02-M_simple-one_free-MS#3,S,91,True,True
pair_joint_M_o1.0_s1,simplicity-v1-s02-M_simple-one_free-SM,simplicity-v1-s02,specialization,M_simple,one_free,SM,simplicity-v1-s02-M_simple-one_free-SM#0,S,124,True,True
pair_joint_M_o1.0_s1,simplicity-v1-s02-M_simple-one_free-SM,simplicity-v1-s02,specialization,M_simple,one_free,SM,simplicity-v1-s02-M_simple-one_free-SM#1,S,96,True,True
pair_joint_M_o1.0_s1,simplicity-v1-s02-M_simple-one_free-SM,simplicity-v1-s02,specialization,M_simple,one_free,SM,simplicity-v1-s02-M_simple-one_free-SM#2,S,115,True,True
pair_joint_M_o1.0_s1,simplicity-v1-s02-M_simple-one_free-SM,simplicity-v1-s02,specialization,M_simple,one_free,SM,simplicity-v1-s02-M_simple-one_free-SM#3,S,112,True,True
pair_joint_M_o1.0_s1,simplicity-v1-s02-M_simple-one_brief-MS,simplicity-v1-s02,specialization,M_simple,one_brief,MS,simplicity-v1-s02-M_simple-one_brief-MS#0,S,65,False,True
pair_joint_M_o1.0_s1,simplicity-v1-s02-M_simple-one_brief-MS,simplicity-v1-s02,specialization,M_simple,one_brief,MS,simplicity-v1-s02-M_simple-one_brief-MS#1,S,19,True,True
pair_joint_M_o1.0_s1,simplicity-v1-s02-M_simple-one_brief-MS,simplicity-v1-s02,specialization,M_simple,one_brief,MS,simplicity-v1-s02-M_simple-one_brief-MS#2,M,22,True,True
pair_joint_M_o1.0_s1,simplicity-v1-s02-M_simple-one_brief-MS,simplicity-v1-s02,specialization,M_simple,one_brief,MS,simplicity-v1-s02-M_simple-one_brief-MS#3,S,18,True,True
pair_joint_M_o1.0_s1,simplicity-v1-s02-M_simple-one_brief-SM,simplicity-v1-s02,specialization,M_simple,one_brief,SM,simplicity-v1-s02-M_simple-one_brief-SM#0,S,37,False,True
pair_joint_M_o1.0_s1,simplicity-v1-s02-M_simple-one_brief-SM,simplicity-v1-s02,specialization,M_simple,one_brief,SM,simplicity-v1-s02-M_simple-one_brief-SM#1,S,47,False,True
pair_joint_M_o1.0_s1,simplicity-v1-s02-M_simple-one_brief-SM,simplicity-v1-s02,specialization,M_simple,one_brief,SM,simplicity-v1-s02-M_simple-one_brief-SM#2,S,50,False,True
pair_joint_M_o1.0_s1,simplicity-v1-s02-M_simple-one_brief-SM,simplicity-v1-s02,specialization,M_simple,one_brief,SM,simplicity-v1-s02-M_simple-one_brief-SM#3,S,26,False,True
pair_joint_M_o1.0_s1,simplicity-v1-s02-M_simple-one_detailed-MS,simplicity-v1-s02,specialization,M_simple,one_detailed,MS,simplicity-v1-s02-M_simple-one_detailed-MS#0,M,160,True,True
pair_joint_M_o1.0_s1,simplicity-v1-s02-M_simple-one_detailed-MS,simplicity-v1-s02,specialization,M_simple,one_detailed,MS,simplicity-v1-s02-M_simple-one_detailed-MS#1,M,97,False,True
pair_joint_M_o1.0_s1,simplicity-v1-s02-M_simple-one_detailed-MS,simplicity-v1-s02,specialization,M_simple,one_detailed,MS,simplicity-v1-s02-M_simple-one_detailed-MS#2,S,133,True,True
pair_joint_M_o1.0_s1,simplicity-v1-s02-M_simple-one_detailed-MS,simplicity-v1-s02,specialization,M_simple,one_detailed,MS,simplicity-v1-s02-M_simple-one_detailed-MS#3,S,118,False,True
pair_joint_M_o1.0_s1,simplicity-v1-s02-M_simple-one_detailed-SM,simplicity-v1-s02,specialization,M_simple,one_detailed,SM,simplicity-v1-s02-M_simple-one_detailed-SM#0,S,97,False,True
pair_joint_M_o1.0_s1,simplicity-v1-s02-M_simple-one_detailed-SM,simplicity-v1-s02,specialization,M_simple,one_detailed,SM,simplicity-v1-s02-M_simple-one_detailed-SM#1,S,133,True,True
pair_joint_M_o1.0_s1,simplicity-v1-s02-M_simple-one_detailed-SM,simplicity-v1-s02,specialization,M_simple,one_detailed,SM,simplicity-v1-s02-M_simple-one_detailed-SM#2,S,104,False,True
pair_joint_M_o1.0_s1,simplicity-v1-s02-M_simple-one_detailed-SM,simplicity-v1-s02,specialization,M_simple,one_detailed,SM,simplicity-v1-s02-M_simple-one_detailed-SM#3,S,77,False,True
pair_joint_M_o1.0_s1,simplicity-v1-s02-S_simple-flexible-MS,simplicity-v1-s02,specialization,S_simple,flexible,MS,simplicity-v1-s02-S_simple-flexible-MS#0,unknown,0,True,True
pair_joint_M_o1.0_s1,simplicity-v1-s02-S_simple-flexible-MS,simplicity-v1-s02,specialization,S_simple,flexible,MS,simplicity-v1-s02-S_simple-flexible-MS#1,S,80,True,True
pair_joint_M_o1.0_s1,simplicity-v1-s02-S_simple-flexible-MS,simplicity-v1-s02,specialization,S_simple,flexible,MS,simplicity-v1-s02-S_simple-flexible-MS#2,S,89,True,True
pair_joint_M_o1.0_s1,simplicity-v1-s02-S_simple-flexible-MS,simplicity-v1-s02,specialization,S_simple,flexible,MS,simplicity-v1-s02-S_simple-flexible-MS#3,S,90,True,True
pair_joint_M_o1.0_s1,simplicity-v1-s02-S_simple-flexible-SM,simplicity-v1-s02,specialization,S_simple,flexible,SM,simplicity-v1-s02-S_simple-flexible-SM#0,S,117,True,True
pair_joint_M_o1.0_s1,simplicity-v1-s02-S_simple-flexible-SM,simplicity-v1-s02,specialization,S_simple,flexible,SM,simplicity-v1-s02-S_simple-flexible-SM#1,S,110,True,True
pair_joint_M_o1.0_s1,simplicity-v1-s02-S_simple-flexible-SM,simplicity-v1-s02,specialization,S_simple,flexible,SM,simplicity-v1-s02-S_simple-flexible-SM#2,S,78,True,True
pair_joint_M_o1.0_s1,simplicity-v1-s02-S_simple-flexible-SM,simplicity-v1-s02,specialization,S_simple,flexible,SM,simplicity-v1-s02-S_simple-flexible-SM#3,S,123,True,True
pair_joint_M_o1.0_s1,simplicity-v1-s02-S_simple-one_free-MS,simplicity-v1-s02,specialization,S_simple,one_free,MS,simplicity-v1-s02-S_simple-one_free-MS#0,S,125,True,True
pair_joint_M_o1.0_s1,simplicity-v1-s02-S_simple-one_free-MS,simplicity-v1-s02,specialization,S_simple,one_free,MS,simplicity-v1-s02-S_simple-one_free-MS#1,S,93,True,True
pair_joint_M_o1.0_s1,simplicity-v1-s02-S_simple-one_free-MS,simplicity-v1-s02,specialization,S_simple,one_free,MS,simplicity-v1-s02-S_simple-one_free-MS#2,S,96,True,True
pair_joint_M_o1.0_s1,simplicity-v1-s02-S_simple-one_free-MS,simplicity-v1-s02,specialization,S_simple,one_free,MS,simplicity-v1-s02-S_simple-one_free-MS#3,S,90,True,True
pair_joint_M_o1.0_s1,simplicity-v1-s02-S_simple-one_free-SM,simplicity-v1-s02,specialization,S_simple,one_free,SM,simplicity-v1-s02-S_simple-one_free-SM#0,S,111,True,True
pair_joint_M_o1.0_s1,simplicity-v1-s02-S_simple-one_free-SM,simplicity-v1-s02,specialization,S_simple,one_free,SM,simplicity-v1-s02-S_simple-one_free-SM#1,S,87,True,True
pair_joint_M_o1.0_s1,simplicity-v1-s02-S_simple-one_free-SM,simplicity-v1-s02,specialization,S_simple,one_free,SM,simplicity-v1-s02-S_simple-one_free-SM#2,S,117,True,True
pair_joint_M_o1.0_s1,simplicity-v1-s02-S_simple-one_free-SM,simplicity-v1-s02,specialization,S_simple,one_free,SM,simplicity-v1-s02-S_simple-one_free-SM#3,S,140,True,True
pair_joint_M_o1.0_s1,simplicity-v1-s02-S_simple-one_brief-MS,simplicity-v1-s02,specialization,S_simple,one_brief,MS,simplicity-v1-s02-S_simple-one_brief-MS#0,S,17,True,True
pair_joint_M_o1.0_s1,simplicity-v1-s02-S_simple-one_brief-MS,simplicity-v1-s02,specialization,S_simple,one_brief,MS,simplicity-v1-s02-S_simple-one_brief-MS#1,S,12,True,True
pair_joint_M_o1.0_s1,simplicity-v1-s02-S_simple-one_brief-MS,simplicity-v1-s02,specialization,S_simple,one_brief,MS,simplicity-v1-s02-S_simple-one_brief-MS#2,S,30,False,True
pair_joint_M_o1.0_s1,simplicity-v1-s02-S_simple-one_brief-MS,simplicity-v1-s02,specialization,S_simple,one_brief,MS,simplicity-v1-s02-S_simple-one_brief-MS#3,S,50,False,True
pair_joint_M_o1.0_s1,simplicity-v1-s02-S_simple-one_brief-SM,simplicity-v1-s02,specialization,S_simple,one_brief,SM,simplicity-v1-s02-S_simple-one_brief-SM#0,S,39,False,True
pair_joint_M_o1.0_s1,simplicity-v1-s02-S_simple-one_brief-SM,simplicity-v1-s02,specialization,S_simple,one_brief,SM,simplicity-v1-s02-S_simple-one_brief-SM#1,S,20,True,True
pair_joint_M_o1.0_s1,simplicity-v1-s02-S_simple-one_brief-SM,simplicity-v1-s02,specialization,S_simple,one_brief,SM,simplicity-v1-s02-S_simple-one_brief-SM#2,S,47,False,True
pair_joint_M_o1.0_s1,simplicity-v1-s02-S_simple-one_brief-SM,simplicity-v1-s02,specialization,S_simple,one_brief,SM,simplicity-v1-s02-S_simple-one_brief-SM#3,S,46,False,True
pair_joint_M_o1.0_s1,simplicity-v1-s02-S_simple-one_detailed-MS,simplicity-v1-s02,specialization,S_simple,one_detailed,MS,simplicity-v1-s02-S_simple-one_detailed-MS#0,S,109,False,True
pair_joint_M_o1.0_s1,simplicity-v1-s02-S_simple-one_detailed-MS,simplicity-v1-s02,specialization,S_simple,one_detailed,MS,simplicity-v1-s02-S_simple-one_detailed-MS#1,S,114,False,True
pair_joint_M_o1.0_s1,simplicity-v1-s02-S_simple-one_detailed-MS,simplicity-v1-s02,specialization,S_simple,one_detailed,MS,simplicity-v1-s02-S_simple-one_detailed-MS#2,S,143,True,True
pair_joint_M_o1.0_s1,simplicity-v1-s02-S_simple-one_detailed-MS,simplicity-v1-s02,specialization,S_simple,one_detailed,MS,simplicity-v1-s02-S_simple-one_detailed-MS#3,S,94,False,True
pair_joint_M_o1.0_s1,simplicity-v1-s02-S_simple-one_detailed-SM,simplicity-v1-s02,specialization,S_simple,one_detailed,SM,simplicity-v1-s02-S_simple-one_detailed-SM#0,S,97,False,True
pair_joint_M_o1.0_s1,simplicity-v1-s02-S_simple-one_detailed-SM,simplicity-v1-s02,specialization,S_simple,one_detailed,SM,simplicity-v1-s02-S_simple-one_detailed-SM#1,S,124,True,True
pair_joint_M_o1.0_s1,simplicity-v1-s02-S_simple-one_detailed-SM,simplicity-v1-s02,specialization,S_simple,one_detailed,SM,simplicity-v1-s02-S_simple-one_detailed-SM#2,S,115,False,True
pair_joint_M_o1.0_s1,simplicity-v1-s02-S_simple-one_detailed-SM,simplicity-v1-s02,specialization,S_simple,one_detailed,SM,simplicity-v1-s02-S_simple-one_detailed-SM#3,S,106,False,True
pair_joint_M_o1.0_s1,simplicity-v1-s03-equal-flexible-MS,simplicity-v1-s03,specialization,equal,flexible,MS,simplicity-v1-s03-equal-flexible-MS#0,S,103,True,True
pair_joint_M_o1.0_s1,simplicity-v1-s03-equal-flexible-MS,simplicity-v1-s03,specialization,equal,flexible,MS,simplicity-v1-s03-equal-flexible-MS#1,S,80,True,True
pair_joint_M_o1.0_s1,simplicity-v1-s03-equal-flexible-MS,simplicity-v1-s03,specialization,equal,flexible,MS,simplicity-v1-s03-equal-flexible-MS#2,S,99,True,True
pair_joint_M_o1.0_s1,simplicity-v1-s03-equal-flexible-MS,simplicity-v1-s03,specialization,equal,flexible,MS,simplicity-v1-s03-equal-flexible-MS#3,S,128,True,True
pair_joint_M_o1.0_s1,simplicity-v1-s03-equal-flexible-SM,simplicity-v1-s03,specialization,equal,flexible,SM,simplicity-v1-s03-equal-flexible-SM#0,S,110,True,True
pair_joint_M_o1.0_s1,simplicity-v1-s03-equal-flexible-SM,simplicity-v1-s03,specialization,equal,flexible,SM,simplicity-v1-s03-equal-flexible-SM#1,S,109,True,True
pair_joint_M_o1.0_s1,simplicity-v1-s03-equal-flexible-SM,simplicity-v1-s03,specialization,equal,flexible,SM,simplicity-v1-s03-equal-flexible-SM#2,S,73,True,True
pair_joint_M_o1.0_s1,simplicity-v1-s03-equal-flexible-SM,simplicity-v1-s03,specialization,equal,flexible,SM,simplicity-v1-s03-equal-flexible-SM#3,S,72,True,True
pair_joint_M_o1.0_s1,simplicity-v1-s03-equal-one_free-MS,simplicity-v1-s03,specialization,equal,one_free,MS,simplicity-v1-s03-equal-one_free-MS#0,M,91,True,True
pair_joint_M_o1.0_s1,simplicity-v1-s03-equal-one_free-MS,simplicity-v1-s03,specialization,equal,one_free,MS,simplicity-v1-s03-equal-one_free-MS#1,S,85,True,True
pair_joint_M_o1.0_s1,simplicity-v1-s03-equal-one_free-MS,simplicity-v1-s03,specialization,equal,one_free,MS,simplicity-v1-s03-equal-one_free-MS#2,S,97,True,True
pair_joint_M_o1.0_s1,simplicity-v1-s03-equal-one_free-MS,simplicity-v1-s03,specialization,equal,one_free,MS,simplicity-v1-s03-equal-one_free-MS#3,S,90,True,True
pair_joint_M_o1.0_s1,simplicity-v1-s03-equal-one_free-SM,simplicity-v1-s03,specialization,equal,one_free,SM,simplicity-v1-s03-equal-one_free-SM#0,S,117,True,True
pair_joint_M_o1.0_s1,simplicity-v1-s03-equal-one_free-SM,simplicity-v1-s03,specialization,equal,one_free,SM,simplicity-v1-s03-equal-one_free-SM#1,S,110,True,True
pair_joint_M_o1.0_s1,simplicity-v1-s03-equal-one_free-SM,simplicity-v1-s03,specialization,equal,one_free,SM,simplicity-v1-s03-equal-one_free-SM#2,S,135,True,True
pair_joint_M_o1.0_s1,simplicity-v1-s03-equal-one_free-SM,simplicity-v1-s03,specialization,equal,one_free,SM,simplicity-v1-s03-equal-one_free-SM#3,M,78,True,True
pair_joint_M_o1.0_s1,simplicity-v1-s03-equal-one_brief-MS,simplicity-v1-s03,specialization,equal,one_brief,MS,simplicity-v1-s03-equal-one_brief-MS#0,S,14,True,True
pair_joint_M_o1.0_s1,simplicity-v1-s03-equal-one_brief-MS,simplicity-v1-s03,specialization,equal,one_brief,MS,simplicity-v1-s03-equal-one_brief-MS#1,S,58,False,True
pair_joint_M_o1.0_s1,simplicity-v1-s03-equal-one_brief-MS,simplicity-v1-s03,specialization,equal,one_brief,MS,simplicity-v1-s03-equal-one_brief-MS#2,S,21,True,True
pair_joint_M_o1.0_s1,simplicity-v1-s03-equal-one_brief-MS,simplicity-v1-s03,specialization,equal,one_brief,MS,simplicity-v1-s03-equal-one_brief-MS#3,S,15,True,True
pair_joint_M_o1.0_s1,simplicity-v1-s03-equal-one_brief-SM,simplicity-v1-s03,specialization,equal,one_brief,SM,simplicity-v1-s03-equal-one_brief-SM#0,S,14,True,True
pair_joint_M_o1.0_s1,simplicity-v1-s03-equal-one_brief-SM,simplicity-v1-s03,specialization,equal,one_brief,SM,simplicity-v1-s03-equal-one_brief-SM#1,S,26,False,True
pair_joint_M_o1.0_s1,simplicity-v1-s03-equal-one_brief-SM,simplicity-v1-s03,specialization,equal,one_brief,SM,simplicity-v1-s03-equal-one_brief-SM#2,S,39,False,True
pair_joint_M_o1.0_s1,simplicity-v1-s03-equal-one_brief-SM,simplicity-v1-s03,specialization,equal,one_brief,SM,simplicity-v1-s03-equal-one_brief-SM#3,S,16,True,True
pair_joint_M_o1.0_s1,simplicity-v1-s03-equal-one_detailed-MS,simplicity-v1-s03,specialization,equal,one_detailed,MS,simplicity-v1-s03-equal-one_detailed-MS#0,S,94,False,True
pair_joint_M_o1.0_s1,simplicity-v1-s03-equal-one_detailed-MS,simplicity-v1-s03,specialization,equal,one_detailed,MS,simplicity-v1-s03-equal-one_detailed-MS#1,S,132,True,True
pair_joint_M_o1.0_s1,simplicity-v1-s03-equal-one_detailed-MS,simplicity-v1-s03,specialization,equal,one_detailed,MS,simplicity-v1-s03-equal-one_detailed-MS#2,S,110,False,True
pair_joint_M_o1.0_s1,simplicity-v1-s03-equal-one_detailed-MS,simplicity-v1-s03,specialization,equal,one_detailed,MS,simplicity-v1-s03-equal-one_detailed-MS#3,S,213,False,True
pair_joint_M_o1.0_s1,simplicity-v1-s03-equal-one_detailed-SM,simplicity-v1-s03,specialization,equal,one_detailed,SM,simplicity-v1-s03-equal-one_detailed-SM#0,S,96,False,True
pair_joint_M_o1.0_s1,simplicity-v1-s03-equal-one_detailed-SM,simplicity-v1-s03,specialization,equal,one_detailed,SM,simplicity-v1-s03-equal-one_detailed-SM#1,S,143,True,True
pair_joint_M_o1.0_s1,simplicity-v1-s03-equal-one_detailed-SM,simplicity-v1-s03,specialization,equal,one_detailed,SM,simplicity-v1-s03-equal-one_detailed-SM#2,S,102,False,True
pair_joint_M_o1.0_s1,simplicity-v1-s03-equal-one_detailed-SM,simplicity-v1-s03,specialization,equal,one_detailed,SM,simplicity-v1-s03-equal-one_detailed-SM#3,S,129,True,True
pair_joint_M_o1.0_s1,simplicity-v1-s03-M_simple-flexible-MS,simplicity-v1-s03,specialization,M_simple,flexible,MS,simplicity-v1-s03-M_simple-flexible-MS#0,S,98,True,True
pair_joint_M_o1.0_s1,simplicity-v1-s03-M_simple-flexible-MS,simplicity-v1-s03,specialization,M_simple,flexible,MS,simplicity-v1-s03-M_simple-flexible-MS#1,S,138,True,True
pair_joint_M_o1.0_s1,simplicity-v1-s03-M_simple-flexible-MS,simplicity-v1-s03,specialization,M_simple,flexible,MS,simplicity-v1-s03-M_simple-flexible-MS#2,M,137,True,True
pair_joint_M_o1.0_s1,simplicity-v1-s03-M_simple-flexible-MS,simplicity-v1-s03,specialization,M_simple,flexible,MS,simplicity-v1-s03-M_simple-flexible-MS#3,S,94,True,True
pair_joint_M_o1.0_s1,simplicity-v1-s03-M_simple-flexible-SM,simplicity-v1-s03,specialization,M_simple,flexible,SM,simplicity-v1-s03-M_simple-flexible-SM#0,S,77,True,True
pair_joint_M_o1.0_s1,simplicity-v1-s03-M_simple-flexible-SM,simplicity-v1-s03,specialization,M_simple,flexible,SM,simplicity-v1-s03-M_simple-flexible-SM#1,S,113,True,True
pair_joint_M_o1.0_s1,simplicity-v1-s03-M_simple-flexible-SM,simplicity-v1-s03,specialization,M_simple,flexible,SM,simplicity-v1-s03-M_simple-flexible-SM#2,S,103,True,True
pair_joint_M_o1.0_s1,simplicity-v1-s03-M_simple-flexible-SM,simplicity-v1-s03,specialization,M_simple,flexible,SM,simplicity-v1-s03-M_simple-flexible-SM#3,S,101,True,True
pair_joint_M_o1.0_s1,simplicity-v1-s03-M_simple-one_free-MS,simplicity-v1-s03,specialization,M_simple,one_free,MS,simplicity-v1-s03-M_simple-one_free-MS#0,S,110,True,True
pair_joint_M_o1.0_s1,simplicity-v1-s03-M_simple-one_free-MS,simplicity-v1-s03,specialization,M_simple,one_free,MS,simplicity-v1-s03-M_simple-one_free-MS#1,S,113,True,True
pair_joint_M_o1.0_s1,simplicity-v1-s03-M_simple-one_free-MS,simplicity-v1-s03,specialization,M_simple,one_free,MS,simplicity-v1-s03-M_simple-one_free-MS#2,M,62,True,True
pair_joint_M_o1.0_s1,simplicity-v1-s03-M_simple-one_free-MS,simplicity-v1-s03,specialization,M_simple,one_free,MS,simplicity-v1-s03-M_simple-one_free-MS#3,S,128,True,True
pair_joint_M_o1.0_s1,simplicity-v1-s03-M_simple-one_free-SM,simplicity-v1-s03,specialization,M_simple,one_free,SM,simplicity-v1-s03-M_simple-one_free-SM#0,S,92,True,True
pair_joint_M_o1.0_s1,simplicity-v1-s03-M_simple-one_free-SM,simplicity-v1-s03,specialization,M_simple,one_free,SM,simplicity-v1-s03-M_simple-one_free-SM#1,S,107,True,True
pair_joint_M_o1.0_s1,simplicity-v1-s03-M_simple-one_free-SM,simplicity-v1-s03,specialization,M_simple,one_free,SM,simplicity-v1-s03-M_simple-one_free-SM#2,M,92,True,True
pair_joint_M_o1.0_s1,simplicity-v1-s03-M_simple-one_free-SM,simplicity-v1-s03,specialization,M_simple,one_free,SM,simplicity-v1-s03-M_simple-one_free-SM#3,S,111,True,True
pair_joint_M_o1.0_s1,simplicity-v1-s03-M_simple-one_brief-MS,simplicity-v1-s03,specialization,M_simple,one_brief,MS,simplicity-v1-s03-M_simple-one_brief-MS#0,S,22,True,True
pair_joint_M_o1.0_s1,simplicity-v1-s03-M_simple-one_brief-MS,simplicity-v1-s03,specialization,M_simple,one_brief,MS,simplicity-v1-s03-M_simple-one_brief-MS#1,M,42,False,True
pair_joint_M_o1.0_s1,simplicity-v1-s03-M_simple-one_brief-MS,simplicity-v1-s03,specialization,M_simple,one_brief,MS,simplicity-v1-s03-M_simple-one_brief-MS#2,S,27,False,True
pair_joint_M_o1.0_s1,simplicity-v1-s03-M_simple-one_brief-MS,simplicity-v1-s03,specialization,M_simple,one_brief,MS,simplicity-v1-s03-M_simple-one_brief-MS#3,M,12,True,True
pair_joint_M_o1.0_s1,simplicity-v1-s03-M_simple-one_brief-SM,simplicity-v1-s03,specialization,M_simple,one_brief,SM,simplicity-v1-s03-M_simple-one_brief-SM#0,S,36,False,True
pair_joint_M_o1.0_s1,simplicity-v1-s03-M_simple-one_brief-SM,simplicity-v1-s03,specialization,M_simple,one_brief,SM,simplicity-v1-s03-M_simple-one_brief-SM#1,S,20,True,True
pair_joint_M_o1.0_s1,simplicity-v1-s03-M_simple-one_brief-SM,simplicity-v1-s03,specialization,M_simple,one_brief,SM,simplicity-v1-s03-M_simple-one_brief-SM#2,S,15,True,True
pair_joint_M_o1.0_s1,simplicity-v1-s03-M_simple-one_brief-SM,simplicity-v1-s03,specialization,M_simple,one_brief,SM,simplicity-v1-s03-M_simple-one_brief-SM#3,S,41,False,True
pair_joint_M_o1.0_s1,simplicity-v1-s03-M_simple-one_detailed-MS,simplicity-v1-s03,specialization,M_simple,one_detailed,MS,simplicity-v1-s03-M_simple-one_detailed-MS#0,M,121,True,True
pair_joint_M_o1.0_s1,simplicity-v1-s03-M_simple-one_detailed-MS,simplicity-v1-s03,specialization,M_simple,one_detailed,MS,simplicity-v1-s03-M_simple-one_detailed-MS#1,M,121,True,True
pair_joint_M_o1.0_s1,simplicity-v1-s03-M_simple-one_detailed-MS,simplicity-v1-s03,specialization,M_simple,one_detailed,MS,simplicity-v1-s03-M_simple-one_detailed-MS#2,S,178,False,True
pair_joint_M_o1.0_s1,simplicity-v1-s03-M_simple-one_detailed-MS,simplicity-v1-s03,specialization,M_simple,one_detailed,MS,simplicity-v1-s03-M_simple-one_detailed-MS#3,S,136,True,True
pair_joint_M_o1.0_s1,simplicity-v1-s03-M_simple-one_detailed-SM,simplicity-v1-s03,specialization,M_simple,one_detailed,SM,simplicity-v1-s03-M_simple-one_detailed-SM#0,M,113,False,True
pair_joint_M_o1.0_s1,simplicity-v1-s03-M_simple-one_detailed-SM,simplicity-v1-s03,specialization,M_simple,one_detailed,SM,simplicity-v1-s03-M_simple-one_detailed-SM#1,S,104,False,True
pair_joint_M_o1.0_s1,simplicity-v1-s03-M_simple-one_detailed-SM,simplicity-v1-s03,specialization,M_simple,one_detailed,SM,simplicity-v1-s03-M_simple-one_detailed-SM#2,S,146,True,True
pair_joint_M_o1.0_s1,simplicity-v1-s03-M_simple-one_detailed-SM,simplicity-v1-s03,specialization,M_simple,one_detailed,SM,simplicity-v1-s03-M_simple-one_detailed-SM#3,S,82,False,True
pair_joint_M_o1.0_s1,simplicity-v1-s03-S_simple-flexible-MS,simplicity-v1-s03,specialization,S_simple,flexible,MS,simplicity-v1-s03-S_simple-flexible-MS#0,S,94,True,True
pair_joint_M_o1.0_s1,simplicity-v1-s03-S_simple-flexible-MS,simplicity-v1-s03,specialization,S_simple,flexible,MS,simplicity-v1-s03-S_simple-flexible-MS#1,S,108,True,True
pair_joint_M_o1.0_s1,simplicity-v1-s03-S_simple-flexible-MS,simplicity-v1-s03,specialization,S_simple,flexible,MS,simplicity-v1-s03-S_simple-flexible-MS#2,S,95,True,True
pair_joint_M_o1.0_s1,simplicity-v1-s03-S_simple-flexible-MS,simplicity-v1-s03,specialization,S_simple,flexible,MS,simplicity-v1-s03-S_simple-flexible-MS#3,S,149,True,True
pair_joint_M_o1.0_s1,simplicity-v1-s03-S_simple-flexible-SM,simplicity-v1-s03,specialization,S_simple,flexible,SM,simplicity-v1-s03-S_simple-flexible-SM#0,S,91,True,True
pair_joint_M_o1.0_s1,simplicity-v1-s03-S_simple-flexible-SM,simplicity-v1-s03,specialization,S_simple,flexible,SM,simplicity-v1-s03-S_simple-flexible-SM#1,S,85,True,True
pair_joint_M_o1.0_s1,simplicity-v1-s03-S_simple-flexible-SM,simplicity-v1-s03,specialization,S_simple,flexible,SM,simplicity-v1-s03-S_simple-flexible-SM#2,S,110,True,True
pair_joint_M_o1.0_s1,simplicity-v1-s03-S_simple-flexible-SM,simplicity-v1-s03,specialization,S_simple,flexible,SM,simplicity-v1-s03-S_simple-flexible-SM#3,S,91,True,True
pair_joint_M_o1.0_s1,simplicity-v1-s03-S_simple-one_free-MS,simplicity-v1-s03,specialization,S_simple,one_free,MS,simplicity-v1-s03-S_simple-one_free-MS#0,S,88,True,True
pair_joint_M_o1.0_s1,simplicity-v1-s03-S_simple-one_free-MS,simplicity-v1-s03,specialization,S_simple,one_free,MS,simplicity-v1-s03-S_simple-one_free-MS#1,S,98,True,True
pair_joint_M_o1.0_s1,simplicity-v1-s03-S_simple-one_free-MS,simplicity-v1-s03,specialization,S_simple,one_free,MS,simplicity-v1-s03-S_simple-one_free-MS#2,S,105,True,True
pair_joint_M_o1.0_s1,simplicity-v1-s03-S_simple-one_free-MS,simplicity-v1-s03,specialization,S_simple,one_free,MS,simplicity-v1-s03-S_simple-one_free-MS#3,S,109,True,True
pair_joint_M_o1.0_s1,simplicity-v1-s03-S_simple-one_free-SM,simplicity-v1-s03,specialization,S_simple,one_free,SM,simplicity-v1-s03-S_simple-one_free-SM#0,S,73,True,True
pair_joint_M_o1.0_s1,simplicity-v1-s03-S_simple-one_free-SM,simplicity-v1-s03,specialization,S_simple,one_free,SM,simplicity-v1-s03-S_simple-one_free-SM#1,S,86,True,True
pair_joint_M_o1.0_s1,simplicity-v1-s03-S_simple-one_free-SM,simplicity-v1-s03,specialization,S_simple,one_free,SM,simplicity-v1-s03-S_simple-one_free-SM#2,S,113,True,True
pair_joint_M_o1.0_s1,simplicity-v1-s03-S_simple-one_free-SM,simplicity-v1-s03,specialization,S_simple,one_free,SM,simplicity-v1-s03-S_simple-one_free-SM#3,S,105,True,True
pair_joint_M_o1.0_s1,simplicity-v1-s03-S_simple-one_brief-MS,simplicity-v1-s03,specialization,S_simple,one_brief,MS,simplicity-v1-s03-S_simple-one_brief-MS#0,S,18,True,True
pair_joint_M_o1.0_s1,simplicity-v1-s03-S_simple-one_brief-MS,simplicity-v1-s03,specialization,S_simple,one_brief,MS,simplicity-v1-s03-S_simple-one_brief-MS#1,S,31,False,True
pair_joint_M_o1.0_s1,simplicity-v1-s03-S_simple-one_brief-MS,simplicity-v1-s03,specialization,S_simple,one_brief,MS,simplicity-v1-s03-S_simple-one_brief-MS#2,S,9,True,True
pair_joint_M_o1.0_s1,simplicity-v1-s03-S_simple-one_brief-MS,simplicity-v1-s03,specialization,S_simple,one_brief,MS,simplicity-v1-s03-S_simple-one_brief-MS#3,S,13,True,True
pair_joint_M_o1.0_s1,simplicity-v1-s03-S_simple-one_brief-SM,simplicity-v1-s03,specialization,S_simple,one_brief,SM,simplicity-v1-s03-S_simple-one_brief-SM#0,S,13,True,True
pair_joint_M_o1.0_s1,simplicity-v1-s03-S_simple-one_brief-SM,simplicity-v1-s03,specialization,S_simple,one_brief,SM,simplicity-v1-s03-S_simple-one_brief-SM#1,S,14,True,True
pair_joint_M_o1.0_s1,simplicity-v1-s03-S_simple-one_brief-SM,simplicity-v1-s03,specialization,S_simple,one_brief,SM,simplicity-v1-s03-S_simple-one_brief-SM#2,S,43,False,True
pair_joint_M_o1.0_s1,simplicity-v1-s03-S_simple-one_brief-SM,simplicity-v1-s03,specialization,S_simple,one_brief,SM,simplicity-v1-s03-S_simple-one_brief-SM#3,S,19,True,True
pair_joint_M_o1.0_s1,simplicity-v1-s03-S_simple-one_detailed-MS,simplicity-v1-s03,specialization,S_simple,one_detailed,MS,simplicity-v1-s03-S_simple-one_detailed-MS#0,S,66,False,True
pair_joint_M_o1.0_s1,simplicity-v1-s03-S_simple-one_detailed-MS,simplicity-v1-s03,specialization,S_simple,one_detailed,MS,simplicity-v1-s03-S_simple-one_detailed-MS#1,S,114,False,True
pair_joint_M_o1.0_s1,simplicity-v1-s03-S_simple-one_detailed-MS,simplicity-v1-s03,specialization,S_simple,one_detailed,MS,simplicity-v1-s03-S_simple-one_detailed-MS#2,S,109,False,True
pair_joint_M_o1.0_s1,simplicity-v1-s03-S_simple-one_detailed-MS,simplicity-v1-s03,specialization,S_simple,one_detailed,MS,simplicity-v1-s03-S_simple-one_detailed-MS#3,S,123,True,True
pair_joint_M_o1.0_s1,simplicity-v1-s03-S_simple-one_detailed-SM,simplicity-v1-s03,specialization,S_simple,one_detailed,SM,simplicity-v1-s03-S_simple-one_detailed-SM#0,S,84,False,True
pair_joint_M_o1.0_s1,simplicity-v1-s03-S_simple-one_detailed-SM,simplicity-v1-s03,specialization,S_simple,one_detailed,SM,simplicity-v1-s03-S_simple-one_detailed-SM#1,S,116,False,True
pair_joint_M_o1.0_s1,simplicity-v1-s03-S_simple-one_detailed-SM,simplicity-v1-s03,specialization,S_simple,one_detailed,SM,simplicity-v1-s03-S_simple-one_detailed-SM#2,S,80,False,True
pair_joint_M_o1.0_s1,simplicity-v1-s03-S_simple-one_detailed-SM,simplicity-v1-s03,specialization,S_simple,one_detailed,SM,simplicity-v1-s03-S_simple-one_detailed-SM#3,S,97,False,True
pair_joint_M_o1.0_s1,simplicity-v1-n01-equal-flexible-MS,simplicity-v1-n01,neutral,equal,flexible,MS,simplicity-v1-n01-equal-flexible-MS#0,neither,119,True,True
pair_joint_M_o1.0_s1,simplicity-v1-n01-equal-flexible-MS,simplicity-v1-n01,neutral,equal,flexible,MS,simplicity-v1-n01-equal-flexible-MS#1,S,160,True,True
pair_joint_M_o1.0_s1,simplicity-v1-n01-equal-flexible-MS,simplicity-v1-n01,neutral,equal,flexible,MS,simplicity-v1-n01-equal-flexible-MS#2,S,81,True,True
pair_joint_M_o1.0_s1,simplicity-v1-n01-equal-flexible-MS,simplicity-v1-n01,neutral,equal,flexible,MS,simplicity-v1-n01-equal-flexible-MS#3,S,129,True,True
pair_joint_M_o1.0_s1,simplicity-v1-n01-equal-flexible-SM,simplicity-v1-n01,neutral,equal,flexible,SM,simplicity-v1-n01-equal-flexible-SM#0,S,88,True,True
pair_joint_M_o1.0_s1,simplicity-v1-n01-equal-flexible-SM,simplicity-v1-n01,neutral,equal,flexible,SM,simplicity-v1-n01-equal-flexible-SM#1,S,86,True,True
pair_joint_M_o1.0_s1,simplicity-v1-n01-equal-flexible-SM,simplicity-v1-n01,neutral,equal,flexible,SM,simplicity-v1-n01-equal-flexible-SM#2,S,109,True,True
pair_joint_M_o1.0_s1,simplicity-v1-n01-equal-flexible-SM,simplicity-v1-n01,neutral,equal,flexible,SM,simplicity-v1-n01-equal-flexible-SM#3,S,90,True,True
pair_joint_M_o1.0_s1,simplicity-v1-n01-equal-one_free-MS,simplicity-v1-n01,neutral,equal,one_free,MS,simplicity-v1-n01-equal-one_free-MS#0,S,106,True,True
pair_joint_M_o1.0_s1,simplicity-v1-n01-equal-one_free-MS,simplicity-v1-n01,neutral,equal,one_free,MS,simplicity-v1-n01-equal-one_free-MS#1,S,5,True,True
pair_joint_M_o1.0_s1,simplicity-v1-n01-equal-one_free-MS,simplicity-v1-n01,neutral,equal,one_free,MS,simplicity-v1-n01-equal-one_free-MS#2,S,89,True,True
pair_joint_M_o1.0_s1,simplicity-v1-n01-equal-one_free-MS,simplicity-v1-n01,neutral,equal,one_free,MS,simplicity-v1-n01-equal-one_free-MS#3,M,100,True,True
pair_joint_M_o1.0_s1,simplicity-v1-n01-equal-one_free-SM,simplicity-v1-n01,neutral,equal,one_free,SM,simplicity-v1-n01-equal-one_free-SM#0,S,111,True,True
pair_joint_M_o1.0_s1,simplicity-v1-n01-equal-one_free-SM,simplicity-v1-n01,neutral,equal,one_free,SM,simplicity-v1-n01-equal-one_free-SM#1,S,78,True,True
pair_joint_M_o1.0_s1,simplicity-v1-n01-equal-one_free-SM,simplicity-v1-n01,neutral,equal,one_free,SM,simplicity-v1-n01-equal-one_free-SM#2,S,77,True,True
pair_joint_M_o1.0_s1,simplicity-v1-n01-equal-one_free-SM,simplicity-v1-n01,neutral,equal,one_free,SM,simplicity-v1-n01-equal-one_free-SM#3,S,104,True,True
pair_joint_M_o1.0_s1,simplicity-v1-n01-equal-one_brief-MS,simplicity-v1-n01,neutral,equal,one_brief,MS,simplicity-v1-n01-equal-one_brief-MS#0,S,21,True,True
pair_joint_M_o1.0_s1,simplicity-v1-n01-equal-one_brief-MS,simplicity-v1-n01,neutral,equal,one_brief,MS,simplicity-v1-n01-equal-one_brief-MS#1,S,13,True,True
pair_joint_M_o1.0_s1,simplicity-v1-n01-equal-one_brief-MS,simplicity-v1-n01,neutral,equal,one_brief,MS,simplicity-v1-n01-equal-one_brief-MS#2,S,34,False,True
pair_joint_M_o1.0_s1,simplicity-v1-n01-equal-one_brief-MS,simplicity-v1-n01,neutral,equal,one_brief,MS,simplicity-v1-n01-equal-one_brief-MS#3,S,22,True,True
pair_joint_M_o1.0_s1,simplicity-v1-n01-equal-one_brief-SM,simplicity-v1-n01,neutral,equal,one_brief,SM,simplicity-v1-n01-equal-one_brief-SM#0,S,9,True,True
pair_joint_M_o1.0_s1,simplicity-v1-n01-equal-one_brief-SM,simplicity-v1-n01,neutral,equal,one_brief,SM,simplicity-v1-n01-equal-one_brief-SM#1,S,39,False,True
pair_joint_M_o1.0_s1,simplicity-v1-n01-equal-one_brief-SM,simplicity-v1-n01,neutral,equal,one_brief,SM,simplicity-v1-n01-equal-one_brief-SM#2,S,29,False,True
pair_joint_M_o1.0_s1,simplicity-v1-n01-equal-one_brief-SM,simplicity-v1-n01,neutral,equal,one_brief,SM,simplicity-v1-n01-equal-one_brief-SM#3,S,10,True,True
pair_joint_M_o1.0_s1,simplicity-v1-n01-equal-one_detailed-MS,simplicity-v1-n01,neutral,equal,one_detailed,MS,simplicity-v1-n01-equal-one_detailed-MS#0,S,91,False,True
pair_joint_M_o1.0_s1,simplicity-v1-n01-equal-one_detailed-MS,simplicity-v1-n01,neutral,equal,one_detailed,MS,simplicity-v1-n01-equal-one_detailed-MS#1,S,141,True,True
pair_joint_M_o1.0_s1,simplicity-v1-n01-equal-one_detailed-MS,simplicity-v1-n01,neutral,equal,one_detailed,MS,simplicity-v1-n01-equal-one_detailed-MS#2,S,100,False,True
pair_joint_M_o1.0_s1,simplicity-v1-n01-equal-one_detailed-MS,simplicity-v1-n01,neutral,equal,one_detailed,MS,simplicity-v1-n01-equal-one_detailed-MS#3,S,108,False,True
pair_joint_M_o1.0_s1,simplicity-v1-n01-equal-one_detailed-SM,simplicity-v1-n01,neutral,equal,one_detailed,SM,simplicity-v1-n01-equal-one_detailed-SM#0,S,129,True,True
pair_joint_M_o1.0_s1,simplicity-v1-n01-equal-one_detailed-SM,simplicity-v1-n01,neutral,equal,one_detailed,SM,simplicity-v1-n01-equal-one_detailed-SM#1,S,110,False,True
pair_joint_M_o1.0_s1,simplicity-v1-n01-equal-one_detailed-SM,simplicity-v1-n01,neutral,equal,one_detailed,SM,simplicity-v1-n01-equal-one_detailed-SM#2,S,99,False,True
pair_joint_M_o1.0_s1,simplicity-v1-n01-equal-one_detailed-SM,simplicity-v1-n01,neutral,equal,one_detailed,SM,simplicity-v1-n01-equal-one_detailed-SM#3,S,79,False,True
pair_joint_M_o1.0_s1,simplicity-v1-n01-M_simple-flexible-MS,simplicity-v1-n01,neutral,M_simple,flexible,MS,simplicity-v1-n01-M_simple-flexible-MS#0,S,150,True,True
pair_joint_M_o1.0_s1,simplicity-v1-n01-M_simple-flexible-MS,simplicity-v1-n01,neutral,M_simple,flexible,MS,simplicity-v1-n01-M_simple-flexible-MS#1,S,92,True,True
pair_joint_M_o1.0_s1,simplicity-v1-n01-M_simple-flexible-MS,simplicity-v1-n01,neutral,M_simple,flexible,MS,simplicity-v1-n01-M_simple-flexible-MS#2,S,111,True,True
pair_joint_M_o1.0_s1,simplicity-v1-n01-M_simple-flexible-MS,simplicity-v1-n01,neutral,M_simple,flexible,MS,simplicity-v1-n01-M_simple-flexible-MS#3,neither,128,True,True
pair_joint_M_o1.0_s1,simplicity-v1-n01-M_simple-flexible-SM,simplicity-v1-n01,neutral,M_simple,flexible,SM,simplicity-v1-n01-M_simple-flexible-SM#0,S,105,True,True
pair_joint_M_o1.0_s1,simplicity-v1-n01-M_simple-flexible-SM,simplicity-v1-n01,neutral,M_simple,flexible,SM,simplicity-v1-n01-M_simple-flexible-SM#1,S,104,True,True
pair_joint_M_o1.0_s1,simplicity-v1-n01-M_simple-flexible-SM,simplicity-v1-n01,neutral,M_simple,flexible,SM,simplicity-v1-n01-M_simple-flexible-SM#2,neither,138,True,True
pair_joint_M_o1.0_s1,simplicity-v1-n01-M_simple-flexible-SM,simplicity-v1-n01,neutral,M_simple,flexible,SM,simplicity-v1-n01-M_simple-flexible-SM#3,S,140,True,True
pair_joint_M_o1.0_s1,simplicity-v1-n01-M_simple-one_free-MS,simplicity-v1-n01,neutral,M_simple,one_free,MS,simplicity-v1-n01-M_simple-one_free-MS#0,S,160,True,True
pair_joint_M_o1.0_s1,simplicity-v1-n01-M_simple-one_free-MS,simplicity-v1-n01,neutral,M_simple,one_free,MS,simplicity-v1-n01-M_simple-one_free-MS#1,M,94,True,True
pair_joint_M_o1.0_s1,simplicity-v1-n01-M_simple-one_free-MS,simplicity-v1-n01,neutral,M_simple,one_free,MS,simplicity-v1-n01-M_simple-one_free-MS#2,S,130,True,True
pair_joint_M_o1.0_s1,simplicity-v1-n01-M_simple-one_free-MS,simplicity-v1-n01,neutral,M_simple,one_free,MS,simplicity-v1-n01-M_simple-one_free-MS#3,S,94,True,True
pair_joint_M_o1.0_s1,simplicity-v1-n01-M_simple-one_free-SM,simplicity-v1-n01,neutral,M_simple,one_free,SM,simplicity-v1-n01-M_simple-one_free-SM#0,S,112,True,True
pair_joint_M_o1.0_s1,simplicity-v1-n01-M_simple-one_free-SM,simplicity-v1-n01,neutral,M_simple,one_free,SM,simplicity-v1-n01-M_simple-one_free-SM#1,S,82,True,True
pair_joint_M_o1.0_s1,simplicity-v1-n01-M_simple-one_free-SM,simplicity-v1-n01,neutral,M_simple,one_free,SM,simplicity-v1-n01-M_simple-one_free-SM#2,S,93,True,True
pair_joint_M_o1.0_s1,simplicity-v1-n01-M_simple-one_free-SM,simplicity-v1-n01,neutral,M_simple,one_free,SM,simplicity-v1-n01-M_simple-one_free-SM#3,S,123,True,True
pair_joint_M_o1.0_s1,simplicity-v1-n01-M_simple-one_brief-MS,simplicity-v1-n01,neutral,M_simple,one_brief,MS,simplicity-v1-n01-M_simple-one_brief-MS#0,M,57,False,True
pair_joint_M_o1.0_s1,simplicity-v1-n01-M_simple-one_brief-MS,simplicity-v1-n01,neutral,M_simple,one_brief,MS,simplicity-v1-n01-M_simple-one_brief-MS#1,S,61,False,True
pair_joint_M_o1.0_s1,simplicity-v1-n01-M_simple-one_brief-MS,simplicity-v1-n01,neutral,M_simple,one_brief,MS,simplicity-v1-n01-M_simple-one_brief-MS#2,S,16,True,True
pair_joint_M_o1.0_s1,simplicity-v1-n01-M_simple-one_brief-MS,simplicity-v1-n01,neutral,M_simple,one_brief,MS,simplicity-v1-n01-M_simple-one_brief-MS#3,S,16,True,True
pair_joint_M_o1.0_s1,simplicity-v1-n01-M_simple-one_brief-SM,simplicity-v1-n01,neutral,M_simple,one_brief,SM,simplicity-v1-n01-M_simple-one_brief-SM#0,S,17,True,True
pair_joint_M_o1.0_s1,simplicity-v1-n01-M_simple-one_brief-SM,simplicity-v1-n01,neutral,M_simple,one_brief,SM,simplicity-v1-n01-M_simple-one_brief-SM#1,S,18,True,True
pair_joint_M_o1.0_s1,simplicity-v1-n01-M_simple-one_brief-SM,simplicity-v1-n01,neutral,M_simple,one_brief,SM,simplicity-v1-n01-M_simple-one_brief-SM#2,S,35,False,True
pair_joint_M_o1.0_s1,simplicity-v1-n01-M_simple-one_brief-SM,simplicity-v1-n01,neutral,M_simple,one_brief,SM,simplicity-v1-n01-M_simple-one_brief-SM#3,S,13,True,True
pair_joint_M_o1.0_s1,simplicity-v1-n01-M_simple-one_detailed-MS,simplicity-v1-n01,neutral,M_simple,one_detailed,MS,simplicity-v1-n01-M_simple-one_detailed-MS#0,M,79,False,True
pair_joint_M_o1.0_s1,simplicity-v1-n01-M_simple-one_detailed-MS,simplicity-v1-n01,neutral,M_simple,one_detailed,MS,simplicity-v1-n01-M_simple-one_detailed-MS#1,S,131,True,True
pair_joint_M_o1.0_s1,simplicity-v1-n01-M_simple-one_detailed-MS,simplicity-v1-n01,neutral,M_simple,one_detailed,MS,simplicity-v1-n01-M_simple-one_detailed-MS#2,S,129,True,True
pair_joint_M_o1.0_s1,simplicity-v1-n01-M_simple-one_detailed-MS,simplicity-v1-n01,neutral,M_simple,one_detailed,MS,simplicity-v1-n01-M_simple-one_detailed-MS#3,M,81,False,True
pair_joint_M_o1.0_s1,simplicity-v1-n01-M_simple-one_detailed-SM,simplicity-v1-n01,neutral,M_simple,one_detailed,SM,simplicity-v1-n01-M_simple-one_detailed-SM#0,M,100,False,True
pair_joint_M_o1.0_s1,simplicity-v1-n01-M_simple-one_detailed-SM,simplicity-v1-n01,neutral,M_simple,one_detailed,SM,simplicity-v1-n01-M_simple-one_detailed-SM#1,M,104,False,True
pair_joint_M_o1.0_s1,simplicity-v1-n01-M_simple-one_detailed-SM,simplicity-v1-n01,neutral,M_simple,one_detailed,SM,simplicity-v1-n01-M_simple-one_detailed-SM#2,S,132,True,True
pair_joint_M_o1.0_s1,simplicity-v1-n01-M_simple-one_detailed-SM,simplicity-v1-n01,neutral,M_simple,one_detailed,SM,simplicity-v1-n01-M_simple-one_detailed-SM#3,S,116,False,True
pair_joint_M_o1.0_s1,simplicity-v1-n01-S_simple-flexible-MS,simplicity-v1-n01,neutral,S_simple,flexible,MS,simplicity-v1-n01-S_simple-flexible-MS#0,S,110,True,True
pair_joint_M_o1.0_s1,simplicity-v1-n01-S_simple-flexible-MS,simplicity-v1-n01,neutral,S_simple,flexible,MS,simplicity-v1-n01-S_simple-flexible-MS#1,S,121,True,True
pair_joint_M_o1.0_s1,simplicity-v1-n01-S_simple-flexible-MS,simplicity-v1-n01,neutral,S_simple,flexible,MS,simplicity-v1-n01-S_simple-flexible-MS#2,S,93,True,True
pair_joint_M_o1.0_s1,simplicity-v1-n01-S_simple-flexible-MS,simplicity-v1-n01,neutral,S_simple,flexible,MS,simplicity-v1-n01-S_simple-flexible-MS#3,S,100,True,True
pair_joint_M_o1.0_s1,simplicity-v1-n01-S_simple-flexible-SM,simplicity-v1-n01,neutral,S_simple,flexible,SM,simplicity-v1-n01-S_simple-flexible-SM#0,S,75,True,True
pair_joint_M_o1.0_s1,simplicity-v1-n01-S_simple-flexible-SM,simplicity-v1-n01,neutral,S_simple,flexible,SM,simplicity-v1-n01-S_simple-flexible-SM#1,S,97,True,True
pair_joint_M_o1.0_s1,simplicity-v1-n01-S_simple-flexible-SM,simplicity-v1-n01,neutral,S_simple,flexible,SM,simplicity-v1-n01-S_simple-flexible-SM#2,S,69,True,True
pair_joint_M_o1.0_s1,simplicity-v1-n01-S_simple-flexible-SM,simplicity-v1-n01,neutral,S_simple,flexible,SM,simplicity-v1-n01-S_simple-flexible-SM#3,S,75,True,True
pair_joint_M_o1.0_s1,simplicity-v1-n01-S_simple-one_free-MS,simplicity-v1-n01,neutral,S_simple,one_free,MS,simplicity-v1-n01-S_simple-one_free-MS#0,S,94,True,True
pair_joint_M_o1.0_s1,simplicity-v1-n01-S_simple-one_free-MS,simplicity-v1-n01,neutral,S_simple,one_free,MS,simplicity-v1-n01-S_simple-one_free-MS#1,S,87,True,True
pair_joint_M_o1.0_s1,simplicity-v1-n01-S_simple-one_free-MS,simplicity-v1-n01,neutral,S_simple,one_free,MS,simplicity-v1-n01-S_simple-one_free-MS#2,S,99,True,True
pair_joint_M_o1.0_s1,simplicity-v1-n01-S_simple-one_free-MS,simplicity-v1-n01,neutral,S_simple,one_free,MS,simplicity-v1-n01-S_simple-one_free-MS#3,S,78,True,True
pair_joint_M_o1.0_s1,simplicity-v1-n01-S_simple-one_free-SM,simplicity-v1-n01,neutral,S_simple,one_free,SM,simplicity-v1-n01-S_simple-one_free-SM#0,S,67,True,True
pair_joint_M_o1.0_s1,simplicity-v1-n01-S_simple-one_free-SM,simplicity-v1-n01,neutral,S_simple,one_free,SM,simplicity-v1-n01-S_simple-one_free-SM#1,S,77,True,True
pair_joint_M_o1.0_s1,simplicity-v1-n01-S_simple-one_free-SM,simplicity-v1-n01,neutral,S_simple,one_free,SM,simplicity-v1-n01-S_simple-one_free-SM#2,S,92,True,True
pair_joint_M_o1.0_s1,simplicity-v1-n01-S_simple-one_free-SM,simplicity-v1-n01,neutral,S_simple,one_free,SM,simplicity-v1-n01-S_simple-one_free-SM#3,S,65,True,True
pair_joint_M_o1.0_s1,simplicity-v1-n01-S_simple-one_brief-MS,simplicity-v1-n01,neutral,S_simple,one_brief,MS,simplicity-v1-n01-S_simple-one_brief-MS#0,S,16,True,True
pair_joint_M_o1.0_s1,simplicity-v1-n01-S_simple-one_brief-MS,simplicity-v1-n01,neutral,S_simple,one_brief,MS,simplicity-v1-n01-S_simple-one_brief-MS#1,S,10,True,True
pair_joint_M_o1.0_s1,simplicity-v1-n01-S_simple-one_brief-MS,simplicity-v1-n01,neutral,S_simple,one_brief,MS,simplicity-v1-n01-S_simple-one_brief-MS#2,S,20,True,True
pair_joint_M_o1.0_s1,simplicity-v1-n01-S_simple-one_brief-MS,simplicity-v1-n01,neutral,S_simple,one_brief,MS,simplicity-v1-n01-S_simple-one_brief-MS#3,S,13,True,True
pair_joint_M_o1.0_s1,simplicity-v1-n01-S_simple-one_brief-SM,simplicity-v1-n01,neutral,S_simple,one_brief,SM,simplicity-v1-n01-S_simple-one_brief-SM#0,S,22,True,True
pair_joint_M_o1.0_s1,simplicity-v1-n01-S_simple-one_brief-SM,simplicity-v1-n01,neutral,S_simple,one_brief,SM,simplicity-v1-n01-S_simple-one_brief-SM#1,S,15,True,True
pair_joint_M_o1.0_s1,simplicity-v1-n01-S_simple-one_brief-SM,simplicity-v1-n01,neutral,S_simple,one_brief,SM,simplicity-v1-n01-S_simple-one_brief-SM#2,S,16,True,True
pair_joint_M_o1.0_s1,simplicity-v1-n01-S_simple-one_brief-SM,simplicity-v1-n01,neutral,S_simple,one_brief,SM,simplicity-v1-n01-S_simple-one_brief-SM#3,S,23,True,True
pair_joint_M_o1.0_s1,simplicity-v1-n01-S_simple-one_detailed-MS,simplicity-v1-n01,neutral,S_simple,one_detailed,MS,simplicity-v1-n01-S_simple-one_detailed-MS#0,S,113,False,True
pair_joint_M_o1.0_s1,simplicity-v1-n01-S_simple-one_detailed-MS,simplicity-v1-n01,neutral,S_simple,one_detailed,MS,simplicity-v1-n01-S_simple-one_detailed-MS#1,S,170,False,True
pair_joint_M_o1.0_s1,simplicity-v1-n01-S_simple-one_detailed-MS,simplicity-v1-n01,neutral,S_simple,one_detailed,MS,simplicity-v1-n01-S_simple-one_detailed-MS#2,S,128,True,True
pair_joint_M_o1.0_s1,simplicity-v1-n01-S_simple-one_detailed-MS,simplicity-v1-n01,neutral,S_simple,one_detailed,MS,simplicity-v1-n01-S_simple-one_detailed-MS#3,S,133,True,True
pair_joint_M_o1.0_s1,simplicity-v1-n01-S_simple-one_detailed-SM,simplicity-v1-n01,neutral,S_simple,one_detailed,SM,simplicity-v1-n01-S_simple-one_detailed-SM#0,S,92,False,True
pair_joint_M_o1.0_s1,simplicity-v1-n01-S_simple-one_detailed-SM,simplicity-v1-n01,neutral,S_simple,one_detailed,SM,simplicity-v1-n01-S_simple-one_detailed-SM#1,S,111,False,True
pair_joint_M_o1.0_s1,simplicity-v1-n01-S_simple-one_detailed-SM,simplicity-v1-n01,neutral,S_simple,one_detailed,SM,simplicity-v1-n01-S_simple-one_detailed-SM#2,S,83,False,True
pair_joint_M_o1.0_s1,simplicity-v1-n01-S_simple-one_detailed-SM,simplicity-v1-n01,neutral,S_simple,one_detailed,SM,simplicity-v1-n01-S_simple-one_detailed-SM#3,S,143,True,True
pair_joint_M_o1.0_s1,simplicity-v1-n02-equal-flexible-MS,simplicity-v1-n02,neutral,equal,flexible,MS,simplicity-v1-n02-equal-flexible-MS#0,S,75,True,True
pair_joint_M_o1.0_s1,simplicity-v1-n02-equal-flexible-MS,simplicity-v1-n02,neutral,equal,flexible,MS,simplicity-v1-n02-equal-flexible-MS#1,S,97,True,True
pair_joint_M_o1.0_s1,simplicity-v1-n02-equal-flexible-MS,simplicity-v1-n02,neutral,equal,flexible,MS,simplicity-v1-n02-equal-flexible-MS#2,S,103,True,True
pair_joint_M_o1.0_s1,simplicity-v1-n02-equal-flexible-MS,simplicity-v1-n02,neutral,equal,flexible,MS,simplicity-v1-n02-equal-flexible-MS#3,S,92,True,True
pair_joint_M_o1.0_s1,simplicity-v1-n02-equal-flexible-SM,simplicity-v1-n02,neutral,equal,flexible,SM,simplicity-v1-n02-equal-flexible-SM#0,S,106,True,True
pair_joint_M_o1.0_s1,simplicity-v1-n02-equal-flexible-SM,simplicity-v1-n02,neutral,equal,flexible,SM,simplicity-v1-n02-equal-flexible-SM#1,S,122,True,True
pair_joint_M_o1.0_s1,simplicity-v1-n02-equal-flexible-SM,simplicity-v1-n02,neutral,equal,flexible,SM,simplicity-v1-n02-equal-flexible-SM#2,S,107,True,True
pair_joint_M_o1.0_s1,simplicity-v1-n02-equal-flexible-SM,simplicity-v1-n02,neutral,equal,flexible,SM,simplicity-v1-n02-equal-flexible-SM#3,S,81,True,True
pair_joint_M_o1.0_s1,simplicity-v1-n02-equal-one_free-MS,simplicity-v1-n02,neutral,equal,one_free,MS,simplicity-v1-n02-equal-one_free-MS#0,S,68,True,True
pair_joint_M_o1.0_s1,simplicity-v1-n02-equal-one_free-MS,simplicity-v1-n02,neutral,equal,one_free,MS,simplicity-v1-n02-equal-one_free-MS#1,S,92,True,True
pair_joint_M_o1.0_s1,simplicity-v1-n02-equal-one_free-MS,simplicity-v1-n02,neutral,equal,one_free,MS,simplicity-v1-n02-equal-one_free-MS#2,S,91,True,True
pair_joint_M_o1.0_s1,simplicity-v1-n02-equal-one_free-MS,simplicity-v1-n02,neutral,equal,one_free,MS,simplicity-v1-n02-equal-one_free-MS#3,S,126,True,True
pair_joint_M_o1.0_s1,simplicity-v1-n02-equal-one_free-SM,simplicity-v1-n02,neutral,equal,one_free,SM,simplicity-v1-n02-equal-one_free-SM#0,S,73,True,True
pair_joint_M_o1.0_s1,simplicity-v1-n02-equal-one_free-SM,simplicity-v1-n02,neutral,equal,one_free,SM,simplicity-v1-n02-equal-one_free-SM#1,S,112,True,True
pair_joint_M_o1.0_s1,simplicity-v1-n02-equal-one_free-SM,simplicity-v1-n02,neutral,equal,one_free,SM,simplicity-v1-n02-equal-one_free-SM#2,S,79,True,True
pair_joint_M_o1.0_s1,simplicity-v1-n02-equal-one_free-SM,simplicity-v1-n02,neutral,equal,one_free,SM,simplicity-v1-n02-equal-one_free-SM#3,S,107,True,True
pair_joint_M_o1.0_s1,simplicity-v1-n02-equal-one_brief-MS,simplicity-v1-n02,neutral,equal,one_brief,MS,simplicity-v1-n02-equal-one_brief-MS#0,S,16,True,True
pair_joint_M_o1.0_s1,simplicity-v1-n02-equal-one_brief-MS,simplicity-v1-n02,neutral,equal,one_brief,MS,simplicity-v1-n02-equal-one_brief-MS#1,S,19,True,True
pair_joint_M_o1.0_s1,simplicity-v1-n02-equal-one_brief-MS,simplicity-v1-n02,neutral,equal,one_brief,MS,simplicity-v1-n02-equal-one_brief-MS#2,S,17,True,True
pair_joint_M_o1.0_s1,simplicity-v1-n02-equal-one_brief-MS,simplicity-v1-n02,neutral,equal,one_brief,MS,simplicity-v1-n02-equal-one_brief-MS#3,S,18,True,True
pair_joint_M_o1.0_s1,simplicity-v1-n02-equal-one_brief-SM,simplicity-v1-n02,neutral,equal,one_brief,SM,simplicity-v1-n02-equal-one_brief-SM#0,S,30,False,True
pair_joint_M_o1.0_s1,simplicity-v1-n02-equal-one_brief-SM,simplicity-v1-n02,neutral,equal,one_brief,SM,simplicity-v1-n02-equal-one_brief-SM#1,S,33,False,True
pair_joint_M_o1.0_s1,simplicity-v1-n02-equal-one_brief-SM,simplicity-v1-n02,neutral,equal,one_brief,SM,simplicity-v1-n02-equal-one_brief-SM#2,S,31,False,True
pair_joint_M_o1.0_s1,simplicity-v1-n02-equal-one_brief-SM,simplicity-v1-n02,neutral,equal,one_brief,SM,simplicity-v1-n02-equal-one_brief-SM#3,S,18,True,True
pair_joint_M_o1.0_s1,simplicity-v1-n02-equal-one_detailed-MS,simplicity-v1-n02,neutral,equal,one_detailed,MS,simplicity-v1-n02-equal-one_detailed-MS#0,S,107,False,True
pair_joint_M_o1.0_s1,simplicity-v1-n02-equal-one_detailed-MS,simplicity-v1-n02,neutral,equal,one_detailed,MS,simplicity-v1-n02-equal-one_detailed-MS#1,M,116,False,True
pair_joint_M_o1.0_s1,simplicity-v1-n02-equal-one_detailed-MS,simplicity-v1-n02,neutral,equal,one_detailed,MS,simplicity-v1-n02-equal-one_detailed-MS#2,S,105,False,True
pair_joint_M_o1.0_s1,simplicity-v1-n02-equal-one_detailed-MS,simplicity-v1-n02,neutral,equal,one_detailed,MS,simplicity-v1-n02-equal-one_detailed-MS#3,M,111,False,True
pair_joint_M_o1.0_s1,simplicity-v1-n02-equal-one_detailed-SM,simplicity-v1-n02,neutral,equal,one_detailed,SM,simplicity-v1-n02-equal-one_detailed-SM#0,S,102,False,True
pair_joint_M_o1.0_s1,simplicity-v1-n02-equal-one_detailed-SM,simplicity-v1-n02,neutral,equal,one_detailed,SM,simplicity-v1-n02-equal-one_detailed-SM#1,S,102,False,True
pair_joint_M_o1.0_s1,simplicity-v1-n02-equal-one_detailed-SM,simplicity-v1-n02,neutral,equal,one_detailed,SM,simplicity-v1-n02-equal-one_detailed-SM#2,S,101,False,True
pair_joint_M_o1.0_s1,simplicity-v1-n02-equal-one_detailed-SM,simplicity-v1-n02,neutral,equal,one_detailed,SM,simplicity-v1-n02-equal-one_detailed-SM#3,S,129,True,True
pair_joint_M_o1.0_s1,simplicity-v1-n02-M_simple-flexible-MS,simplicity-v1-n02,neutral,M_simple,flexible,MS,simplicity-v1-n02-M_simple-flexible-MS#0,S,96,True,True
pair_joint_M_o1.0_s1,simplicity-v1-n02-M_simple-flexible-MS,simplicity-v1-n02,neutral,M_simple,flexible,MS,simplicity-v1-n02-M_simple-flexible-MS#1,S,102,True,True
pair_joint_M_o1.0_s1,simplicity-v1-n02-M_simple-flexible-MS,simplicity-v1-n02,neutral,M_simple,flexible,MS,simplicity-v1-n02-M_simple-flexible-MS#2,S,89,True,True
pair_joint_M_o1.0_s1,simplicity-v1-n02-M_simple-flexible-MS,simplicity-v1-n02,neutral,M_simple,flexible,MS,simplicity-v1-n02-M_simple-flexible-MS#3,neither,103,True,True
pair_joint_M_o1.0_s1,simplicity-v1-n02-M_simple-flexible-SM,simplicity-v1-n02,neutral,M_simple,flexible,SM,simplicity-v1-n02-M_simple-flexible-SM#0,S,129,True,True
pair_joint_M_o1.0_s1,simplicity-v1-n02-M_simple-flexible-SM,simplicity-v1-n02,neutral,M_simple,flexible,SM,simplicity-v1-n02-M_simple-flexible-SM#1,S,105,True,True
pair_joint_M_o1.0_s1,simplicity-v1-n02-M_simple-flexible-SM,simplicity-v1-n02,neutral,M_simple,flexible,SM,simplicity-v1-n02-M_simple-flexible-SM#2,S,88,True,True
pair_joint_M_o1.0_s1,simplicity-v1-n02-M_simple-flexible-SM,simplicity-v1-n02,neutral,M_simple,flexible,SM,simplicity-v1-n02-M_simple-flexible-SM#3,S,81,True,True
pair_joint_M_o1.0_s1,simplicity-v1-n02-M_simple-one_free-MS,simplicity-v1-n02,neutral,M_simple,one_free,MS,simplicity-v1-n02-M_simple-one_free-MS#0,M,88,True,True
pair_joint_M_o1.0_s1,simplicity-v1-n02-M_simple-one_free-MS,simplicity-v1-n02,neutral,M_simple,one_free,MS,simplicity-v1-n02-M_simple-one_free-MS#1,M,79,True,True
pair_joint_M_o1.0_s1,simplicity-v1-n02-M_simple-one_free-MS,simplicity-v1-n02,neutral,M_simple,one_free,MS,simplicity-v1-n02-M_simple-one_free-MS#2,M,114,True,True
pair_joint_M_o1.0_s1,simplicity-v1-n02-M_simple-one_free-MS,simplicity-v1-n02,neutral,M_simple,one_free,MS,simplicity-v1-n02-M_simple-one_free-MS#3,S,119,True,True
pair_joint_M_o1.0_s1,simplicity-v1-n02-M_simple-one_free-SM,simplicity-v1-n02,neutral,M_simple,one_free,SM,simplicity-v1-n02-M_simple-one_free-SM#0,S,145,True,True
pair_joint_M_o1.0_s1,simplicity-v1-n02-M_simple-one_free-SM,simplicity-v1-n02,neutral,M_simple,one_free,SM,simplicity-v1-n02-M_simple-one_free-SM#1,S,111,True,True
pair_joint_M_o1.0_s1,simplicity-v1-n02-M_simple-one_free-SM,simplicity-v1-n02,neutral,M_simple,one_free,SM,simplicity-v1-n02-M_simple-one_free-SM#2,M,84,True,True
pair_joint_M_o1.0_s1,simplicity-v1-n02-M_simple-one_free-SM,simplicity-v1-n02,neutral,M_simple,one_free,SM,simplicity-v1-n02-M_simple-one_free-SM#3,S,113,True,True
pair_joint_M_o1.0_s1,simplicity-v1-n02-M_simple-one_brief-MS,simplicity-v1-n02,neutral,M_simple,one_brief,MS,simplicity-v1-n02-M_simple-one_brief-MS#0,M,31,False,True
pair_joint_M_o1.0_s1,simplicity-v1-n02-M_simple-one_brief-MS,simplicity-v1-n02,neutral,M_simple,one_brief,MS,simplicity-v1-n02-M_simple-one_brief-MS#1,S,34,False,True
pair_joint_M_o1.0_s1,simplicity-v1-n02-M_simple-one_brief-MS,simplicity-v1-n02,neutral,M_simple,one_brief,MS,simplicity-v1-n02-M_simple-one_brief-MS#2,S,18,True,True
pair_joint_M_o1.0_s1,simplicity-v1-n02-M_simple-one_brief-MS,simplicity-v1-n02,neutral,M_simple,one_brief,MS,simplicity-v1-n02-M_simple-one_brief-MS#3,S,30,False,True
pair_joint_M_o1.0_s1,simplicity-v1-n02-M_simple-one_brief-SM,simplicity-v1-n02,neutral,M_simple,one_brief,SM,simplicity-v1-n02-M_simple-one_brief-SM#0,S,14,True,True
pair_joint_M_o1.0_s1,simplicity-v1-n02-M_simple-one_brief-SM,simplicity-v1-n02,neutral,M_simple,one_brief,SM,simplicity-v1-n02-M_simple-one_brief-SM#1,S,33,False,True
pair_joint_M_o1.0_s1,simplicity-v1-n02-M_simple-one_brief-SM,simplicity-v1-n02,neutral,M_simple,one_brief,SM,simplicity-v1-n02-M_simple-one_brief-SM#2,S,24,True,True
pair_joint_M_o1.0_s1,simplicity-v1-n02-M_simple-one_brief-SM,simplicity-v1-n02,neutral,M_simple,one_brief,SM,simplicity-v1-n02-M_simple-one_brief-SM#3,S,16,True,True
pair_joint_M_o1.0_s1,simplicity-v1-n02-M_simple-one_detailed-MS,simplicity-v1-n02,neutral,M_simple,one_detailed,MS,simplicity-v1-n02-M_simple-one_detailed-MS#0,M,94,False,True
pair_joint_M_o1.0_s1,simplicity-v1-n02-M_simple-one_detailed-MS,simplicity-v1-n02,neutral,M_simple,one_detailed,MS,simplicity-v1-n02-M_simple-one_detailed-MS#1,S,103,False,True
pair_joint_M_o1.0_s1,simplicity-v1-n02-M_simple-one_detailed-MS,simplicity-v1-n02,neutral,M_simple,one_detailed,MS,simplicity-v1-n02-M_simple-one_detailed-MS#2,M,80,False,True
pair_joint_M_o1.0_s1,simplicity-v1-n02-M_simple-one_detailed-MS,simplicity-v1-n02,neutral,M_simple,one_detailed,MS,simplicity-v1-n02-M_simple-one_detailed-MS#3,M,80,False,True
pair_joint_M_o1.0_s1,simplicity-v1-n02-M_simple-one_detailed-SM,simplicity-v1-n02,neutral,M_simple,one_detailed,SM,simplicity-v1-n02-M_simple-one_detailed-SM#0,S,66,False,True
pair_joint_M_o1.0_s1,simplicity-v1-n02-M_simple-one_detailed-SM,simplicity-v1-n02,neutral,M_simple,one_detailed,SM,simplicity-v1-n02-M_simple-one_detailed-SM#1,M,93,False,True
pair_joint_M_o1.0_s1,simplicity-v1-n02-M_simple-one_detailed-SM,simplicity-v1-n02,neutral,M_simple,one_detailed,SM,simplicity-v1-n02-M_simple-one_detailed-SM#2,S,101,False,True
pair_joint_M_o1.0_s1,simplicity-v1-n02-M_simple-one_detailed-SM,simplicity-v1-n02,neutral,M_simple,one_detailed,SM,simplicity-v1-n02-M_simple-one_detailed-SM#3,M,137,True,True
pair_joint_M_o1.0_s1,simplicity-v1-n02-S_simple-flexible-MS,simplicity-v1-n02,neutral,S_simple,flexible,MS,simplicity-v1-n02-S_simple-flexible-MS#0,S,99,True,True
pair_joint_M_o1.0_s1,simplicity-v1-n02-S_simple-flexible-MS,simplicity-v1-n02,neutral,S_simple,flexible,MS,simplicity-v1-n02-S_simple-flexible-MS#1,S,110,True,True
pair_joint_M_o1.0_s1,simplicity-v1-n02-S_simple-flexible-MS,simplicity-v1-n02,neutral,S_simple,flexible,MS,simplicity-v1-n02-S_simple-flexible-MS#2,S,103,True,True
pair_joint_M_o1.0_s1,simplicity-v1-n02-S_simple-flexible-MS,simplicity-v1-n02,neutral,S_simple,flexible,MS,simplicity-v1-n02-S_simple-flexible-MS#3,S,90,True,True
pair_joint_M_o1.0_s1,simplicity-v1-n02-S_simple-flexible-SM,simplicity-v1-n02,neutral,S_simple,flexible,SM,simplicity-v1-n02-S_simple-flexible-SM#0,S,51,True,True
pair_joint_M_o1.0_s1,simplicity-v1-n02-S_simple-flexible-SM,simplicity-v1-n02,neutral,S_simple,flexible,SM,simplicity-v1-n02-S_simple-flexible-SM#1,S,119,True,True
pair_joint_M_o1.0_s1,simplicity-v1-n02-S_simple-flexible-SM,simplicity-v1-n02,neutral,S_simple,flexible,SM,simplicity-v1-n02-S_simple-flexible-SM#2,S,99,True,True
pair_joint_M_o1.0_s1,simplicity-v1-n02-S_simple-flexible-SM,simplicity-v1-n02,neutral,S_simple,flexible,SM,simplicity-v1-n02-S_simple-flexible-SM#3,S,91,True,True
pair_joint_M_o1.0_s1,simplicity-v1-n02-S_simple-one_free-MS,simplicity-v1-n02,neutral,S_simple,one_free,MS,simplicity-v1-n02-S_simple-one_free-MS#0,S,108,True,True
pair_joint_M_o1.0_s1,simplicity-v1-n02-S_simple-one_free-MS,simplicity-v1-n02,neutral,S_simple,one_free,MS,simplicity-v1-n02-S_simple-one_free-MS#1,S,125,True,True
pair_joint_M_o1.0_s1,simplicity-v1-n02-S_simple-one_free-MS,simplicity-v1-n02,neutral,S_simple,one_free,MS,simplicity-v1-n02-S_simple-one_free-MS#2,S,123,True,True
pair_joint_M_o1.0_s1,simplicity-v1-n02-S_simple-one_free-MS,simplicity-v1-n02,neutral,S_simple,one_free,MS,simplicity-v1-n02-S_simple-one_free-MS#3,S,131,True,True
pair_joint_M_o1.0_s1,simplicity-v1-n02-S_simple-one_free-SM,simplicity-v1-n02,neutral,S_simple,one_free,SM,simplicity-v1-n02-S_simple-one_free-SM#0,S,75,True,True
pair_joint_M_o1.0_s1,simplicity-v1-n02-S_simple-one_free-SM,simplicity-v1-n02,neutral,S_simple,one_free,SM,simplicity-v1-n02-S_simple-one_free-SM#1,S,63,True,True
pair_joint_M_o1.0_s1,simplicity-v1-n02-S_simple-one_free-SM,simplicity-v1-n02,neutral,S_simple,one_free,SM,simplicity-v1-n02-S_simple-one_free-SM#2,S,68,True,True
pair_joint_M_o1.0_s1,simplicity-v1-n02-S_simple-one_free-SM,simplicity-v1-n02,neutral,S_simple,one_free,SM,simplicity-v1-n02-S_simple-one_free-SM#3,S,87,True,True
pair_joint_M_o1.0_s1,simplicity-v1-n02-S_simple-one_brief-MS,simplicity-v1-n02,neutral,S_simple,one_brief,MS,simplicity-v1-n02-S_simple-one_brief-MS#0,S,38,False,True
pair_joint_M_o1.0_s1,simplicity-v1-n02-S_simple-one_brief-MS,simplicity-v1-n02,neutral,S_simple,one_brief,MS,simplicity-v1-n02-S_simple-one_brief-MS#1,S,31,False,True
pair_joint_M_o1.0_s1,simplicity-v1-n02-S_simple-one_brief-MS,simplicity-v1-n02,neutral,S_simple,one_brief,MS,simplicity-v1-n02-S_simple-one_brief-MS#2,S,11,True,True
pair_joint_M_o1.0_s1,simplicity-v1-n02-S_simple-one_brief-MS,simplicity-v1-n02,neutral,S_simple,one_brief,MS,simplicity-v1-n02-S_simple-one_brief-MS#3,S,28,False,True
pair_joint_M_o1.0_s1,simplicity-v1-n02-S_simple-one_brief-SM,simplicity-v1-n02,neutral,S_simple,one_brief,SM,simplicity-v1-n02-S_simple-one_brief-SM#0,S,66,False,True
pair_joint_M_o1.0_s1,simplicity-v1-n02-S_simple-one_brief-SM,simplicity-v1-n02,neutral,S_simple,one_brief,SM,simplicity-v1-n02-S_simple-one_brief-SM#1,S,16,True,True
pair_joint_M_o1.0_s1,simplicity-v1-n02-S_simple-one_brief-SM,simplicity-v1-n02,neutral,S_simple,one_brief,SM,simplicity-v1-n02-S_simple-one_brief-SM#2,S,21,True,True
pair_joint_M_o1.0_s1,simplicity-v1-n02-S_simple-one_brief-SM,simplicity-v1-n02,neutral,S_simple,one_brief,SM,simplicity-v1-n02-S_simple-one_brief-SM#3,S,10,True,True
pair_joint_M_o1.0_s1,simplicity-v1-n02-S_simple-one_detailed-MS,simplicity-v1-n02,neutral,S_simple,one_detailed,MS,simplicity-v1-n02-S_simple-one_detailed-MS#0,S,137,True,True
pair_joint_M_o1.0_s1,simplicity-v1-n02-S_simple-one_detailed-MS,simplicity-v1-n02,neutral,S_simple,one_detailed,MS,simplicity-v1-n02-S_simple-one_detailed-MS#1,S,125,True,True
pair_joint_M_o1.0_s1,simplicity-v1-n02-S_simple-one_detailed-MS,simplicity-v1-n02,neutral,S_simple,one_detailed,MS,simplicity-v1-n02-S_simple-one_detailed-MS#2,S,79,False,True
pair_joint_M_o1.0_s1,simplicity-v1-n02-S_simple-one_detailed-MS,simplicity-v1-n02,neutral,S_simple,one_detailed,MS,simplicity-v1-n02-S_simple-one_detailed-MS#3,S,107,False,True
pair_joint_M_o1.0_s1,simplicity-v1-n02-S_simple-one_detailed-SM,simplicity-v1-n02,neutral,S_simple,one_detailed,SM,simplicity-v1-n02-S_simple-one_detailed-SM#0,S,90,False,True
pair_joint_M_o1.0_s1,simplicity-v1-n02-S_simple-one_detailed-SM,simplicity-v1-n02,neutral,S_simple,one_detailed,SM,simplicity-v1-n02-S_simple-one_detailed-SM#1,S,69,False,True
pair_joint_M_o1.0_s1,simplicity-v1-n02-S_simple-one_detailed-SM,simplicity-v1-n02,neutral,S_simple,one_detailed,SM,simplicity-v1-n02-S_simple-one_detailed-SM#2,S,149,True,True
pair_joint_M_o1.0_s1,simplicity-v1-n02-S_simple-one_detailed-SM,simplicity-v1-n02,neutral,S_simple,one_detailed,SM,simplicity-v1-n02-S_simple-one_detailed-SM#3,S,94,False,True
pair_joint_M_o1.0_s1,simplicity-v1-n03-equal-flexible-MS,simplicity-v1-n03,neutral,equal,flexible,MS,simplicity-v1-n03-equal-flexible-MS#0,S,122,True,True
pair_joint_M_o1.0_s1,simplicity-v1-n03-equal-flexible-MS,simplicity-v1-n03,neutral,equal,flexible,MS,simplicity-v1-n03-equal-flexible-MS#1,S,84,True,True
pair_joint_M_o1.0_s1,simplicity-v1-n03-equal-flexible-MS,simplicity-v1-n03,neutral,equal,flexible,MS,simplicity-v1-n03-equal-flexible-MS#2,S,146,True,True
pair_joint_M_o1.0_s1,simplicity-v1-n03-equal-flexible-MS,simplicity-v1-n03,neutral,equal,flexible,MS,simplicity-v1-n03-equal-flexible-MS#3,S,161,False,True
pair_joint_M_o1.0_s1,simplicity-v1-n03-equal-flexible-SM,simplicity-v1-n03,neutral,equal,flexible,SM,simplicity-v1-n03-equal-flexible-SM#0,S,98,True,True
pair_joint_M_o1.0_s1,simplicity-v1-n03-equal-flexible-SM,simplicity-v1-n03,neutral,equal,flexible,SM,simplicity-v1-n03-equal-flexible-SM#1,S,121,True,True
pair_joint_M_o1.0_s1,simplicity-v1-n03-equal-flexible-SM,simplicity-v1-n03,neutral,equal,flexible,SM,simplicity-v1-n03-equal-flexible-SM#2,S,106,True,True
pair_joint_M_o1.0_s1,simplicity-v1-n03-equal-flexible-SM,simplicity-v1-n03,neutral,equal,flexible,SM,simplicity-v1-n03-equal-flexible-SM#3,S,119,True,True
pair_joint_M_o1.0_s1,simplicity-v1-n03-equal-one_free-MS,simplicity-v1-n03,neutral,equal,one_free,MS,simplicity-v1-n03-equal-one_free-MS#0,S,82,True,True
pair_joint_M_o1.0_s1,simplicity-v1-n03-equal-one_free-MS,simplicity-v1-n03,neutral,equal,one_free,MS,simplicity-v1-n03-equal-one_free-MS#1,S,96,True,True
pair_joint_M_o1.0_s1,simplicity-v1-n03-equal-one_free-MS,simplicity-v1-n03,neutral,equal,one_free,MS,simplicity-v1-n03-equal-one_free-MS#2,S,101,True,True
pair_joint_M_o1.0_s1,simplicity-v1-n03-equal-one_free-MS,simplicity-v1-n03,neutral,equal,one_free,MS,simplicity-v1-n03-equal-one_free-MS#3,S,94,True,True
pair_joint_M_o1.0_s1,simplicity-v1-n03-equal-one_free-SM,simplicity-v1-n03,neutral,equal,one_free,SM,simplicity-v1-n03-equal-one_free-SM#0,S,75,True,True
pair_joint_M_o1.0_s1,simplicity-v1-n03-equal-one_free-SM,simplicity-v1-n03,neutral,equal,one_free,SM,simplicity-v1-n03-equal-one_free-SM#1,S,76,True,True
pair_joint_M_o1.0_s1,simplicity-v1-n03-equal-one_free-SM,simplicity-v1-n03,neutral,equal,one_free,SM,simplicity-v1-n03-equal-one_free-SM#2,S,118,True,True
pair_joint_M_o1.0_s1,simplicity-v1-n03-equal-one_free-SM,simplicity-v1-n03,neutral,equal,one_free,SM,simplicity-v1-n03-equal-one_free-SM#3,S,123,True,True
pair_joint_M_o1.0_s1,simplicity-v1-n03-equal-one_brief-MS,simplicity-v1-n03,neutral,equal,one_brief,MS,simplicity-v1-n03-equal-one_brief-MS#0,S,12,True,True
pair_joint_M_o1.0_s1,simplicity-v1-n03-equal-one_brief-MS,simplicity-v1-n03,neutral,equal,one_brief,MS,simplicity-v1-n03-equal-one_brief-MS#1,S,21,True,True
pair_joint_M_o1.0_s1,simplicity-v1-n03-equal-one_brief-MS,simplicity-v1-n03,neutral,equal,one_brief,MS,simplicity-v1-n03-equal-one_brief-MS#2,S,29,False,True
pair_joint_M_o1.0_s1,simplicity-v1-n03-equal-one_brief-MS,simplicity-v1-n03,neutral,equal,one_brief,MS,simplicity-v1-n03-equal-one_brief-MS#3,S,20,True,True
pair_joint_M_o1.0_s1,simplicity-v1-n03-equal-one_brief-SM,simplicity-v1-n03,neutral,equal,one_brief,SM,simplicity-v1-n03-equal-one_brief-SM#0,S,15,True,True
pair_joint_M_o1.0_s1,simplicity-v1-n03-equal-one_brief-SM,simplicity-v1-n03,neutral,equal,one_brief,SM,simplicity-v1-n03-equal-one_brief-SM#1,S,9,True,True
pair_joint_M_o1.0_s1,simplicity-v1-n03-equal-one_brief-SM,simplicity-v1-n03,neutral,equal,one_brief,SM,simplicity-v1-n03-equal-one_brief-SM#2,S,60,False,True
pair_joint_M_o1.0_s1,simplicity-v1-n03-equal-one_brief-SM,simplicity-v1-n03,neutral,equal,one_brief,SM,simplicity-v1-n03-equal-one_brief-SM#3,S,12,True,True
pair_joint_M_o1.0_s1,simplicity-v1-n03-equal-one_detailed-MS,simplicity-v1-n03,neutral,equal,one_detailed,MS,simplicity-v1-n03-equal-one_detailed-MS#0,S,128,True,True
pair_joint_M_o1.0_s1,simplicity-v1-n03-equal-one_detailed-MS,simplicity-v1-n03,neutral,equal,one_detailed,MS,simplicity-v1-n03-equal-one_detailed-MS#1,S,91,False,True
pair_joint_M_o1.0_s1,simplicity-v1-n03-equal-one_detailed-MS,simplicity-v1-n03,neutral,equal,one_detailed,MS,simplicity-v1-n03-equal-one_detailed-MS#2,S,140,True,True
pair_joint_M_o1.0_s1,simplicity-v1-n03-equal-one_detailed-MS,simplicity-v1-n03,neutral,equal,one_detailed,MS,simplicity-v1-n03-equal-one_detailed-MS#3,S,124,True,True
pair_joint_M_o1.0_s1,simplicity-v1-n03-equal-one_detailed-SM,simplicity-v1-n03,neutral,equal,one_detailed,SM,simplicity-v1-n03-equal-one_detailed-SM#0,S,126,True,True
pair_joint_M_o1.0_s1,simplicity-v1-n03-equal-one_detailed-SM,simplicity-v1-n03,neutral,equal,one_detailed,SM,simplicity-v1-n03-equal-one_detailed-SM#1,S,116,False,True
pair_joint_M_o1.0_s1,simplicity-v1-n03-equal-one_detailed-SM,simplicity-v1-n03,neutral,equal,one_detailed,SM,simplicity-v1-n03-equal-one_detailed-SM#2,S,93,False,True
pair_joint_M_o1.0_s1,simplicity-v1-n03-equal-one_detailed-SM,simplicity-v1-n03,neutral,equal,one_detailed,SM,simplicity-v1-n03-equal-one_detailed-SM#3,S,100,False,True
pair_joint_M_o1.0_s1,simplicity-v1-n03-M_simple-flexible-MS,simplicity-v1-n03,neutral,M_simple,flexible,MS,simplicity-v1-n03-M_simple-flexible-MS#0,S,106,True,True
pair_joint_M_o1.0_s1,simplicity-v1-n03-M_simple-flexible-MS,simplicity-v1-n03,neutral,M_simple,flexible,MS,simplicity-v1-n03-M_simple-flexible-MS#1,S,98,True,True
pair_joint_M_o1.0_s1,simplicity-v1-n03-M_simple-flexible-MS,simplicity-v1-n03,neutral,M_simple,flexible,MS,simplicity-v1-n03-M_simple-flexible-MS#2,S,100,True,True
pair_joint_M_o1.0_s1,simplicity-v1-n03-M_simple-flexible-MS,simplicity-v1-n03,neutral,M_simple,flexible,MS,simplicity-v1-n03-M_simple-flexible-MS#3,S,122,True,True
pair_joint_M_o1.0_s1,simplicity-v1-n03-M_simple-flexible-SM,simplicity-v1-n03,neutral,M_simple,flexible,SM,simplicity-v1-n03-M_simple-flexible-SM#0,S,97,True,True
pair_joint_M_o1.0_s1,simplicity-v1-n03-M_simple-flexible-SM,simplicity-v1-n03,neutral,M_simple,flexible,SM,simplicity-v1-n03-M_simple-flexible-SM#1,S,82,True,True
pair_joint_M_o1.0_s1,simplicity-v1-n03-M_simple-flexible-SM,simplicity-v1-n03,neutral,M_simple,flexible,SM,simplicity-v1-n03-M_simple-flexible-SM#2,S,123,True,True
pair_joint_M_o1.0_s1,simplicity-v1-n03-M_simple-flexible-SM,simplicity-v1-n03,neutral,M_simple,flexible,SM,simplicity-v1-n03-M_simple-flexible-SM#3,S,98,True,True
pair_joint_M_o1.0_s1,simplicity-v1-n03-M_simple-one_free-MS,simplicity-v1-n03,neutral,M_simple,one_free,MS,simplicity-v1-n03-M_simple-one_free-MS#0,M,105,True,True
pair_joint_M_o1.0_s1,simplicity-v1-n03-M_simple-one_free-MS,simplicity-v1-n03,neutral,M_simple,one_free,MS,simplicity-v1-n03-M_simple-one_free-MS#1,M,103,True,True
pair_joint_M_o1.0_s1,simplicity-v1-n03-M_simple-one_free-MS,simplicity-v1-n03,neutral,M_simple,one_free,MS,simplicity-v1-n03-M_simple-one_free-MS#2,M,73,True,True
pair_joint_M_o1.0_s1,simplicity-v1-n03-M_simple-one_free-MS,simplicity-v1-n03,neutral,M_simple,one_free,MS,simplicity-v1-n03-M_simple-one_free-MS#3,M,86,True,True
pair_joint_M_o1.0_s1,simplicity-v1-n03-M_simple-one_free-SM,simplicity-v1-n03,neutral,M_simple,one_free,SM,simplicity-v1-n03-M_simple-one_free-SM#0,S,93,True,True
pair_joint_M_o1.0_s1,simplicity-v1-n03-M_simple-one_free-SM,simplicity-v1-n03,neutral,M_simple,one_free,SM,simplicity-v1-n03-M_simple-one_free-SM#1,S,77,True,True
pair_joint_M_o1.0_s1,simplicity-v1-n03-M_simple-one_free-SM,simplicity-v1-n03,neutral,M_simple,one_free,SM,simplicity-v1-n03-M_simple-one_free-SM#2,M,92,True,True
pair_joint_M_o1.0_s1,simplicity-v1-n03-M_simple-one_free-SM,simplicity-v1-n03,neutral,M_simple,one_free,SM,simplicity-v1-n03-M_simple-one_free-SM#3,M,66,True,True
pair_joint_M_o1.0_s1,simplicity-v1-n03-M_simple-one_brief-MS,simplicity-v1-n03,neutral,M_simple,one_brief,MS,simplicity-v1-n03-M_simple-one_brief-MS#0,M,22,True,True
pair_joint_M_o1.0_s1,simplicity-v1-n03-M_simple-one_brief-MS,simplicity-v1-n03,neutral,M_simple,one_brief,MS,simplicity-v1-n03-M_simple-one_brief-MS#1,M,58,False,True
pair_joint_M_o1.0_s1,simplicity-v1-n03-M_simple-one_brief-MS,simplicity-v1-n03,neutral,M_simple,one_brief,MS,simplicity-v1-n03-M_simple-one_brief-MS#2,S,155,False,True
pair_joint_M_o1.0_s1,simplicity-v1-n03-M_simple-one_brief-MS,simplicity-v1-n03,neutral,M_simple,one_brief,MS,simplicity-v1-n03-M_simple-one_brief-MS#3,M,9,True,True
pair_joint_M_o1.0_s1,simplicity-v1-n03-M_simple-one_brief-SM,simplicity-v1-n03,neutral,M_simple,one_brief,SM,simplicity-v1-n03-M_simple-one_brief-SM#0,S,26,False,True
pair_joint_M_o1.0_s1,simplicity-v1-n03-M_simple-one_brief-SM,simplicity-v1-n03,neutral,M_simple,one_brief,SM,simplicity-v1-n03-M_simple-one_brief-SM#1,S,29,False,True
pair_joint_M_o1.0_s1,simplicity-v1-n03-M_simple-one_brief-SM,simplicity-v1-n03,neutral,M_simple,one_brief,SM,simplicity-v1-n03-M_simple-one_brief-SM#2,S,15,True,True
pair_joint_M_o1.0_s1,simplicity-v1-n03-M_simple-one_brief-SM,simplicity-v1-n03,neutral,M_simple,one_brief,SM,simplicity-v1-n03-M_simple-one_brief-SM#3,S,24,True,True
pair_joint_M_o1.0_s1,simplicity-v1-n03-M_simple-one_detailed-MS,simplicity-v1-n03,neutral,M_simple,one_detailed,MS,simplicity-v1-n03-M_simple-one_detailed-MS#0,M,130,True,True
pair_joint_M_o1.0_s1,simplicity-v1-n03-M_simple-one_detailed-MS,simplicity-v1-n03,neutral,M_simple,one_detailed,MS,simplicity-v1-n03-M_simple-one_detailed-MS#1,M,122,True,True
pair_joint_M_o1.0_s1,simplicity-v1-n03-M_simple-one_detailed-MS,simplicity-v1-n03,neutral,M_simple,one_detailed,MS,simplicity-v1-n03-M_simple-one_detailed-MS#2,M,133,True,True
pair_joint_M_o1.0_s1,simplicity-v1-n03-M_simple-one_detailed-MS,simplicity-v1-n03,neutral,M_simple,one_detailed,MS,simplicity-v1-n03-M_simple-one_detailed-MS#3,M,90,False,True
pair_joint_M_o1.0_s1,simplicity-v1-n03-M_simple-one_detailed-SM,simplicity-v1-n03,neutral,M_simple,one_detailed,SM,simplicity-v1-n03-M_simple-one_detailed-SM#0,S,181,False,True
pair_joint_M_o1.0_s1,simplicity-v1-n03-M_simple-one_detailed-SM,simplicity-v1-n03,neutral,M_simple,one_detailed,SM,simplicity-v1-n03-M_simple-one_detailed-SM#1,S,138,True,True
pair_joint_M_o1.0_s1,simplicity-v1-n03-M_simple-one_detailed-SM,simplicity-v1-n03,neutral,M_simple,one_detailed,SM,simplicity-v1-n03-M_simple-one_detailed-SM#2,S,137,True,True
pair_joint_M_o1.0_s1,simplicity-v1-n03-M_simple-one_detailed-SM,simplicity-v1-n03,neutral,M_simple,one_detailed,SM,simplicity-v1-n03-M_simple-one_detailed-SM#3,S,127,True,True
pair_joint_M_o1.0_s1,simplicity-v1-n03-S_simple-flexible-MS,simplicity-v1-n03,neutral,S_simple,flexible,MS,simplicity-v1-n03-S_simple-flexible-MS#0,S,95,True,True
pair_joint_M_o1.0_s1,simplicity-v1-n03-S_simple-flexible-MS,simplicity-v1-n03,neutral,S_simple,flexible,MS,simplicity-v1-n03-S_simple-flexible-MS#1,S,88,True,True
pair_joint_M_o1.0_s1,simplicity-v1-n03-S_simple-flexible-MS,simplicity-v1-n03,neutral,S_simple,flexible,MS,simplicity-v1-n03-S_simple-flexible-MS#2,S,100,True,True
pair_joint_M_o1.0_s1,simplicity-v1-n03-S_simple-flexible-MS,simplicity-v1-n03,neutral,S_simple,flexible,MS,simplicity-v1-n03-S_simple-flexible-MS#3,S,86,True,True
pair_joint_M_o1.0_s1,simplicity-v1-n03-S_simple-flexible-SM,simplicity-v1-n03,neutral,S_simple,flexible,SM,simplicity-v1-n03-S_simple-flexible-SM#0,S,127,True,True
pair_joint_M_o1.0_s1,simplicity-v1-n03-S_simple-flexible-SM,simplicity-v1-n03,neutral,S_simple,flexible,SM,simplicity-v1-n03-S_simple-flexible-SM#1,S,183,False,True
pair_joint_M_o1.0_s1,simplicity-v1-n03-S_simple-flexible-SM,simplicity-v1-n03,neutral,S_simple,flexible,SM,simplicity-v1-n03-S_simple-flexible-SM#2,S,120,True,True
pair_joint_M_o1.0_s1,simplicity-v1-n03-S_simple-flexible-SM,simplicity-v1-n03,neutral,S_simple,flexible,SM,simplicity-v1-n03-S_simple-flexible-SM#3,S,86,True,True
pair_joint_M_o1.0_s1,simplicity-v1-n03-S_simple-one_free-MS,simplicity-v1-n03,neutral,S_simple,one_free,MS,simplicity-v1-n03-S_simple-one_free-MS#0,S,97,True,True
pair_joint_M_o1.0_s1,simplicity-v1-n03-S_simple-one_free-MS,simplicity-v1-n03,neutral,S_simple,one_free,MS,simplicity-v1-n03-S_simple-one_free-MS#1,S,117,True,True
pair_joint_M_o1.0_s1,simplicity-v1-n03-S_simple-one_free-MS,simplicity-v1-n03,neutral,S_simple,one_free,MS,simplicity-v1-n03-S_simple-one_free-MS#2,S,85,True,True
pair_joint_M_o1.0_s1,simplicity-v1-n03-S_simple-one_free-MS,simplicity-v1-n03,neutral,S_simple,one_free,MS,simplicity-v1-n03-S_simple-one_free-MS#3,S,112,True,True
pair_joint_M_o1.0_s1,simplicity-v1-n03-S_simple-one_free-SM,simplicity-v1-n03,neutral,S_simple,one_free,SM,simplicity-v1-n03-S_simple-one_free-SM#0,S,88,True,True
pair_joint_M_o1.0_s1,simplicity-v1-n03-S_simple-one_free-SM,simplicity-v1-n03,neutral,S_simple,one_free,SM,simplicity-v1-n03-S_simple-one_free-SM#1,S,83,True,True
pair_joint_M_o1.0_s1,simplicity-v1-n03-S_simple-one_free-SM,simplicity-v1-n03,neutral,S_simple,one_free,SM,simplicity-v1-n03-S_simple-one_free-SM#2,S,112,True,True
pair_joint_M_o1.0_s1,simplicity-v1-n03-S_simple-one_free-SM,simplicity-v1-n03,neutral,S_simple,one_free,SM,simplicity-v1-n03-S_simple-one_free-SM#3,S,99,True,True
pair_joint_M_o1.0_s1,simplicity-v1-n03-S_simple-one_brief-MS,simplicity-v1-n03,neutral,S_simple,one_brief,MS,simplicity-v1-n03-S_simple-one_brief-MS#0,S,16,True,True
pair_joint_M_o1.0_s1,simplicity-v1-n03-S_simple-one_brief-MS,simplicity-v1-n03,neutral,S_simple,one_brief,MS,simplicity-v1-n03-S_simple-one_brief-MS#1,S,8,True,True
pair_joint_M_o1.0_s1,simplicity-v1-n03-S_simple-one_brief-MS,simplicity-v1-n03,neutral,S_simple,one_brief,MS,simplicity-v1-n03-S_simple-one_brief-MS#2,S,49,False,True
pair_joint_M_o1.0_s1,simplicity-v1-n03-S_simple-one_brief-MS,simplicity-v1-n03,neutral,S_simple,one_brief,MS,simplicity-v1-n03-S_simple-one_brief-MS#3,S,40,False,True
pair_joint_M_o1.0_s1,simplicity-v1-n03-S_simple-one_brief-SM,simplicity-v1-n03,neutral,S_simple,one_brief,SM,simplicity-v1-n03-S_simple-one_brief-SM#0,S,10,True,True
pair_joint_M_o1.0_s1,simplicity-v1-n03-S_simple-one_brief-SM,simplicity-v1-n03,neutral,S_simple,one_brief,SM,simplicity-v1-n03-S_simple-one_brief-SM#1,S,13,True,True
pair_joint_M_o1.0_s1,simplicity-v1-n03-S_simple-one_brief-SM,simplicity-v1-n03,neutral,S_simple,one_brief,SM,simplicity-v1-n03-S_simple-one_brief-SM#2,S,10,True,True
pair_joint_M_o1.0_s1,simplicity-v1-n03-S_simple-one_brief-SM,simplicity-v1-n03,neutral,S_simple,one_brief,SM,simplicity-v1-n03-S_simple-one_brief-SM#3,S,18,True,True
pair_joint_M_o1.0_s1,simplicity-v1-n03-S_simple-one_detailed-MS,simplicity-v1-n03,neutral,S_simple,one_detailed,MS,simplicity-v1-n03-S_simple-one_detailed-MS#0,S,133,True,True
pair_joint_M_o1.0_s1,simplicity-v1-n03-S_simple-one_detailed-MS,simplicity-v1-n03,neutral,S_simple,one_detailed,MS,simplicity-v1-n03-S_simple-one_detailed-MS#1,S,98,False,True
pair_joint_M_o1.0_s1,simplicity-v1-n03-S_simple-one_detailed-MS,simplicity-v1-n03,neutral,S_simple,one_detailed,MS,simplicity-v1-n03-S_simple-one_detailed-MS#2,S,99,False,True
pair_joint_M_o1.0_s1,simplicity-v1-n03-S_simple-one_detailed-MS,simplicity-v1-n03,neutral,S_simple,one_detailed,MS,simplicity-v1-n03-S_simple-one_detailed-MS#3,S,140,True,True
pair_joint_M_o1.0_s1,simplicity-v1-n03-S_simple-one_detailed-SM,simplicity-v1-n03,neutral,S_simple,one_detailed,SM,simplicity-v1-n03-S_simple-one_detailed-SM#0,S,142,True,True
pair_joint_M_o1.0_s1,simplicity-v1-n03-S_simple-one_detailed-SM,simplicity-v1-n03,neutral,S_simple,one_detailed,SM,simplicity-v1-n03-S_simple-one_detailed-SM#1,S,80,False,True
pair_joint_M_o1.0_s1,simplicity-v1-n03-S_simple-one_detailed-SM,simplicity-v1-n03,neutral,S_simple,one_detailed,SM,simplicity-v1-n03-S_simple-one_detailed-SM#2,S,92,False,True
pair_joint_M_o1.0_s1,simplicity-v1-n03-S_simple-one_detailed-SM,simplicity-v1-n03,neutral,S_simple,one_detailed,SM,simplicity-v1-n03-S_simple-one_detailed-SM#3,S,89,False,True
