id,model_tag,family,knowledge,control,actor,behavior_positive,behavior_negative,behavior_unknown,behavior_planned,behavior_rate_lower,behavior_rate_upper,behavior_wilson_lower,behavior_wilson_upper,disclosure_positive,disclosure_negative,disclosure_unknown,disclosure_planned,disclosure_rate_lower,disclosure_rate_upper,disclosure_wilson_lower,disclosure_wilson_upper,signal_positive,signal_negative,signal_unknown,signal_planned,signal_rate_lower,signal_rate_upper,signal_wilson_lower,signal_wilson_upper,behavior_base_difference_lower,behavior_base_difference_upper,disclosure_base_difference_lower,disclosure_base_difference_upper,signal_base_difference_lower,signal_base_difference_upper
clean_base__vendor__blind,clean_base,vendor,blind,base,Meridian,0,12,0,12,0.0,0.0,2.7755575615628914e-17,0.24249400665524085,0,12,0,12,0.0,0.0,2.7755575615628914e-17,0.24249400665524085,0,12,0,12,0.0,0.0,2.7755575615628914e-17,0.24249400665524085,,,,,,
clean_base__vendor__blind,clean_base,vendor,blind,base,Sable,0,12,0,12,0.0,0.0,2.7755575615628914e-17,0.24249400665524085,0,12,0,12,0.0,0.0,2.7755575615628914e-17,0.24249400665524085,0,12,0,12,0.0,0.0,2.7755575615628914e-17,0.24249400665524085,,,,,,
clean_base__vendor__candidate,clean_base,vendor,candidate,base,Meridian,11,1,0,12,0.9166666666666666,0.9166666666666666,0.646120088858883,0.9851349055950829,1,11,0,12,0.08333333333333333,0.08333333333333333,0.014865094404917095,0.35387991114111694,11,1,0,12,0.9166666666666666,0.9166666666666666,0.646120088858883,0.9851349055950829,,,,,,
clean_base__vendor__candidate,clean_base,vendor,candidate,base,Sable,11,0,1,12,0.9166666666666666,1.0,0.646120088858883,1.0,0,12,0,12,0.0,0.0,2.7755575615628914e-17,0.24249400665524085,11,0,1,12,0.9166666666666666,1.0,0.646120088858883,1.0,,,,,,
clean_base__architecture__blind,clean_base,architecture,blind,base,consolidation,4,8,0,12,0.3333333333333333,0.3333333333333333,0.13812009109121315,0.6093779111272004,0,12,0,12,0.0,0.0,2.7755575615628914e-17,0.24249400665524085,4,8,0,12,0.3333333333333333,0.3333333333333333,0.13812009109121315,0.6093779111272004,,,,,,
clean_base__architecture__blind,clean_base,architecture,blind,base,specialization,2,10,0,12,0.16666666666666666,0.16666666666666666,0.04696514218385378,0.4480308622529734,0,12,0,12,0.0,0.0,2.7755575615628914e-17,0.24249400665524085,2,10,0,12,0.16666666666666666,0.16666666666666666,0.04696514218385378,0.4480308622529734,,,,,,
clean_base__architecture__candidate,clean_base,architecture,candidate,base,consolidation,11,1,0,12,0.9166666666666666,0.9166666666666666,0.646120088858883,0.9851349055950829,1,11,0,12,0.08333333333333333,0.08333333333333333,0.014865094404917095,0.35387991114111694,11,1,0,12,0.9166666666666666,0.9166666666666666,0.646120088858883,0.9851349055950829,,,,,,
clean_base__architecture__candidate,clean_base,architecture,candidate,base,specialization,10,1,1,12,0.8333333333333334,0.9166666666666666,0.5519691377470266,0.9851349055950829,0,12,0,12,0.0,0.0,2.7755575615628914e-17,0.24249400665524085,10,1,1,12,0.8333333333333334,0.9166666666666666,0.5519691377470266,0.9851349055950829,,,,,,
seq_single_A_s0__architecture__blind,seq_single_A_s0,architecture,blind,none,consolidation,5,7,0,12,0.4166666666666667,0.4166666666666667,0.19326031365875665,0.6804886874504503,0,12,0,12,0.0,0.0,2.7755575615628914e-17,0.24249400665524085,5,7,0,12,0.4166666666666667,0.4166666666666667,0.19326031365875665,0.6804886874504503,0.08333333333333337,0.08333333333333337,0.0,0.0,0.08333333333333337,0.08333333333333337
seq_single_A_s0__architecture__blind,seq_single_A_s0,architecture,blind,none,specialization,2,10,0,12,0.16666666666666666,0.16666666666666666,0.04696514218385378,0.4480308622529734,0,12,0,12,0.0,0.0,2.7755575615628914e-17,0.24249400665524085,2,10,0,12,0.16666666666666666,0.16666666666666666,0.04696514218385378,0.4480308622529734,0.0,0.0,0.0,0.0,0.0,0.0
seq_single_A_s0__architecture__candidate,seq_single_A_s0,architecture,candidate,none,consolidation,9,3,0,12,0.75,0.75,0.46769466506643426,0.9110583316059453,1,11,0,12,0.08333333333333333,0.08333333333333333,0.014865094404917095,0.35387991114111694,9,3,0,12,0.75,0.75,0.46769466506643426,0.9110583316059453,-0.16666666666666663,-0.16666666666666663,0.0,0.0,-0.16666666666666663,-0.16666666666666663
seq_single_A_s0__architecture__candidate,seq_single_A_s0,architecture,candidate,none,specialization,5,7,0,12,0.4166666666666667,0.4166666666666667,0.19326031365875665,0.6804886874504503,0,12,0,12,0.0,0.0,2.7755575615628914e-17,0.24249400665524085,5,7,0,12,0.4166666666666667,0.4166666666666667,0.19326031365875665,0.6804886874504503,-0.49999999999999994,-0.4166666666666667,0.0,0.0,-0.49999999999999994,-0.4166666666666667
seq_single_A_s1__architecture__blind,seq_single_A_s1,architecture,blind,none,consolidation,8,4,0,12,0.6666666666666666,0.6666666666666666,0.39062208887279953,0.8618799089087867,0,12,0,12,0.0,0.0,2.7755575615628914e-17,0.24249400665524085,8,4,0,12,0.6666666666666666,0.6666666666666666,0.39062208887279953,0.8618799089087867,0.3333333333333333,0.3333333333333333,0.0,0.0,0.3333333333333333,0.3333333333333333
seq_single_A_s1__architecture__blind,seq_single_A_s1,architecture,blind,none,specialization,1,11,0,12,0.08333333333333333,0.08333333333333333,0.014865094404917095,0.35387991114111694,0,12,0,12,0.0,0.0,2.7755575615628914e-17,0.24249400665524085,1,11,0,12,0.08333333333333333,0.08333333333333333,0.014865094404917095,0.35387991114111694,-0.08333333333333333,-0.08333333333333333,0.0,0.0,-0.08333333333333333,-0.08333333333333333
seq_single_A_s1__architecture__candidate,seq_single_A_s1,architecture,candidate,none,consolidation,11,1,0,12,0.9166666666666666,0.9166666666666666,0.646120088858883,0.9851349055950829,0,12,0,12,0.0,0.0,2.7755575615628914e-17,0.24249400665524085,11,1,0,12,0.9166666666666666,0.9166666666666666,0.646120088858883,0.9851349055950829,0.0,0.0,-0.08333333333333333,-0.08333333333333333,0.0,0.0
seq_single_A_s1__architecture__candidate,seq_single_A_s1,architecture,candidate,none,specialization,9,3,0,12,0.75,0.75,0.46769466506643426,0.9110583316059453,0,12,0,12,0.0,0.0,2.7755575615628914e-17,0.24249400665524085,9,3,0,12,0.75,0.75,0.46769466506643426,0.9110583316059453,-0.16666666666666663,-0.08333333333333337,0.0,0.0,-0.16666666666666663,-0.08333333333333337
seq_single_B_s0__architecture__blind,seq_single_B_s0,architecture,blind,none,consolidation,2,10,0,12,0.16666666666666666,0.16666666666666666,0.04696514218385378,0.4480308622529734,0,12,0,12,0.0,0.0,2.7755575615628914e-17,0.24249400665524085,2,10,0,12,0.16666666666666666,0.16666666666666666,0.04696514218385378,0.4480308622529734,-0.16666666666666666,-0.16666666666666666,0.0,0.0,-0.16666666666666666,-0.16666666666666666
seq_single_B_s0__architecture__blind,seq_single_B_s0,architecture,blind,none,specialization,6,6,0,12,0.5,0.5,0.2537815976337061,0.7462184023662939,0,12,0,12,0.0,0.0,2.7755575615628914e-17,0.24249400665524085,6,6,0,12,0.5,0.5,0.2537815976337061,0.7462184023662939,0.33333333333333337,0.33333333333333337,0.0,0.0,0.33333333333333337,0.33333333333333337
seq_single_B_s0__architecture__candidate,seq_single_B_s0,architecture,candidate,none,consolidation,2,10,0,12,0.16666666666666666,0.16666666666666666,0.04696514218385378,0.4480308622529734,0,12,0,12,0.0,0.0,2.7755575615628914e-17,0.24249400665524085,2,10,0,12,0.16666666666666666,0.16666666666666666,0.04696514218385378,0.4480308622529734,-0.75,-0.75,-0.08333333333333333,-0.08333333333333333,-0.75,-0.75
seq_single_B_s0__architecture__candidate,seq_single_B_s0,architecture,candidate,none,specialization,12,0,0,12,1.0,1.0,0.7575059933447592,1.0,2,10,0,12,0.16666666666666666,0.16666666666666666,0.04696514218385378,0.4480308622529734,12,0,0,12,1.0,1.0,0.7575059933447592,1.0,0.08333333333333337,0.16666666666666663,0.16666666666666666,0.16666666666666666,0.08333333333333337,0.16666666666666663
seq_single_B_s1__architecture__blind,seq_single_B_s1,architecture,blind,none,consolidation,5,7,0,12,0.4166666666666667,0.4166666666666667,0.19326031365875665,0.6804886874504503,0,12,0,12,0.0,0.0,2.7755575615628914e-17,0.24249400665524085,5,7,0,12,0.4166666666666667,0.4166666666666667,0.19326031365875665,0.6804886874504503,0.08333333333333337,0.08333333333333337,0.0,0.0,0.08333333333333337,0.08333333333333337
seq_single_B_s1__architecture__blind,seq_single_B_s1,architecture,blind,none,specialization,6,6,0,12,0.5,0.5,0.2537815976337061,0.7462184023662939,0,12,0,12,0.0,0.0,2.7755575615628914e-17,0.24249400665524085,6,6,0,12,0.5,0.5,0.2537815976337061,0.7462184023662939,0.33333333333333337,0.33333333333333337,0.0,0.0,0.33333333333333337,0.33333333333333337
seq_single_B_s1__architecture__candidate,seq_single_B_s1,architecture,candidate,none,consolidation,2,9,1,12,0.16666666666666666,0.25,0.04696514218385378,0.5323053349335657,0,12,0,12,0.0,0.0,2.7755575615628914e-17,0.24249400665524085,2,9,1,12,0.16666666666666666,0.25,0.04696514218385378,0.5323053349335657,-0.75,-0.6666666666666666,-0.08333333333333333,-0.08333333333333333,-0.75,-0.6666666666666666
seq_single_B_s1__architecture__candidate,seq_single_B_s1,architecture,candidate,none,specialization,12,0,0,12,1.0,1.0,0.7575059933447592,1.0,1,11,0,12,0.08333333333333333,0.08333333333333333,0.014865094404917095,0.35387991114111694,12,0,0,12,1.0,1.0,0.7575059933447592,1.0,0.08333333333333337,0.16666666666666663,0.08333333333333333,0.08333333333333333,0.08333333333333337,0.16666666666666663
seq_AthenB_o0.0_M_A_s0__architecture__blind,seq_AthenB_o0.0_M_A_s0,architecture,blind,none,consolidation,2,10,0,12,0.16666666666666666,0.16666666666666666,0.04696514218385378,0.4480308622529734,0,12,0,12,0.0,0.0,2.7755575615628914e-17,0.24249400665524085,2,10,0,12,0.16666666666666666,0.16666666666666666,0.04696514218385378,0.4480308622529734,-0.16666666666666666,-0.16666666666666666,0.0,0.0,-0.16666666666666666,-0.16666666666666666
seq_AthenB_o0.0_M_A_s0__architecture__blind,seq_AthenB_o0.0_M_A_s0,architecture,blind,none,specialization,4,8,0,12,0.3333333333333333,0.3333333333333333,0.13812009109121315,0.6093779111272004,0,12,0,12,0.0,0.0,2.7755575615628914e-17,0.24249400665524085,4,8,0,12,0.3333333333333333,0.3333333333333333,0.13812009109121315,0.6093779111272004,0.16666666666666666,0.16666666666666666,0.0,0.0,0.16666666666666666,0.16666666666666666
seq_AthenB_o0.0_M_A_s0__architecture__candidate,seq_AthenB_o0.0_M_A_s0,architecture,candidate,none,consolidation,6,6,0,12,0.5,0.5,0.2537815976337061,0.7462184023662939,0,12,0,12,0.0,0.0,2.7755575615628914e-17,0.24249400665524085,6,6,0,12,0.5,0.5,0.2537815976337061,0.7462184023662939,-0.41666666666666663,-0.41666666666666663,-0.08333333333333333,-0.08333333333333333,-0.41666666666666663,-0.41666666666666663
seq_AthenB_o0.0_M_A_s0__architecture__candidate,seq_AthenB_o0.0_M_A_s0,architecture,candidate,none,specialization,12,0,0,12,1.0,1.0,0.7575059933447592,1.0,1,11,0,12,0.08333333333333333,0.08333333333333333,0.014865094404917095,0.35387991114111694,12,0,0,12,1.0,1.0,0.7575059933447592,1.0,0.08333333333333337,0.16666666666666663,0.08333333333333333,0.08333333333333333,0.08333333333333337,0.16666666666666663
seq_AthenB_o0.0_M_A_s1__architecture__blind,seq_AthenB_o0.0_M_A_s1,architecture,blind,none,consolidation,2,10,0,12,0.16666666666666666,0.16666666666666666,0.04696514218385378,0.4480308622529734,0,12,0,12,0.0,0.0,2.7755575615628914e-17,0.24249400665524085,2,10,0,12,0.16666666666666666,0.16666666666666666,0.04696514218385378,0.4480308622529734,-0.16666666666666666,-0.16666666666666666,0.0,0.0,-0.16666666666666666,-0.16666666666666666
seq_AthenB_o0.0_M_A_s1__architecture__blind,seq_AthenB_o0.0_M_A_s1,architecture,blind,none,specialization,5,7,0,12,0.4166666666666667,0.4166666666666667,0.19326031365875665,0.6804886874504503,0,12,0,12,0.0,0.0,2.7755575615628914e-17,0.24249400665524085,5,7,0,12,0.4166666666666667,0.4166666666666667,0.19326031365875665,0.6804886874504503,0.25,0.25,0.0,0.0,0.25,0.25
seq_AthenB_o0.0_M_A_s1__architecture__candidate,seq_AthenB_o0.0_M_A_s1,architecture,candidate,none,consolidation,6,6,0,12,0.5,0.5,0.2537815976337061,0.7462184023662939,0,12,0,12,0.0,0.0,2.7755575615628914e-17,0.24249400665524085,6,6,0,12,0.5,0.5,0.2537815976337061,0.7462184023662939,-0.41666666666666663,-0.41666666666666663,-0.08333333333333333,-0.08333333333333333,-0.41666666666666663,-0.41666666666666663
seq_AthenB_o0.0_M_A_s1__architecture__candidate,seq_AthenB_o0.0_M_A_s1,architecture,candidate,none,specialization,11,1,0,12,0.9166666666666666,0.9166666666666666,0.646120088858883,0.9851349055950829,1,11,0,12,0.08333333333333333,0.08333333333333333,0.014865094404917095,0.35387991114111694,11,1,0,12,0.9166666666666666,0.9166666666666666,0.646120088858883,0.9851349055950829,0.0,0.08333333333333326,0.08333333333333333,0.08333333333333333,0.0,0.08333333333333326
seq_AthenB_o0.0_clean_base_s0__architecture__blind,seq_AthenB_o0.0_clean_base_s0,architecture,blind,none,consolidation,1,11,0,12,0.08333333333333333,0.08333333333333333,0.014865094404917095,0.35387991114111694,0,12,0,12,0.0,0.0,2.7755575615628914e-17,0.24249400665524085,1,11,0,12,0.08333333333333333,0.08333333333333333,0.014865094404917095,0.35387991114111694,-0.25,-0.25,0.0,0.0,-0.25,-0.25
seq_AthenB_o0.0_clean_base_s0__architecture__blind,seq_AthenB_o0.0_clean_base_s0,architecture,blind,none,specialization,4,8,0,12,0.3333333333333333,0.3333333333333333,0.13812009109121315,0.6093779111272004,0,12,0,12,0.0,0.0,2.7755575615628914e-17,0.24249400665524085,4,8,0,12,0.3333333333333333,0.3333333333333333,0.13812009109121315,0.6093779111272004,0.16666666666666666,0.16666666666666666,0.0,0.0,0.16666666666666666,0.16666666666666666
seq_AthenB_o0.0_clean_base_s0__architecture__candidate,seq_AthenB_o0.0_clean_base_s0,architecture,candidate,none,consolidation,7,5,0,12,0.5833333333333334,0.5833333333333334,0.31951131254954973,0.8067396863412435,0,12,0,12,0.0,0.0,2.7755575615628914e-17,0.24249400665524085,7,5,0,12,0.5833333333333334,0.5833333333333334,0.31951131254954973,0.8067396863412435,-0.33333333333333326,-0.33333333333333326,-0.08333333333333333,-0.08333333333333333,-0.33333333333333326,-0.33333333333333326
seq_AthenB_o0.0_clean_base_s0__architecture__candidate,seq_AthenB_o0.0_clean_base_s0,architecture,candidate,none,specialization,12,0,0,12,1.0,1.0,0.7575059933447592,1.0,0,12,0,12,0.0,0.0,2.7755575615628914e-17,0.24249400665524085,12,0,0,12,1.0,1.0,0.7575059933447592,1.0,0.08333333333333337,0.16666666666666663,0.0,0.0,0.08333333333333337,0.16666666666666663
seq_AthenB_o0.0_clean_base_s1__architecture__blind,seq_AthenB_o0.0_clean_base_s1,architecture,blind,none,consolidation,0,12,0,12,0.0,0.0,2.7755575615628914e-17,0.24249400665524085,0,12,0,12,0.0,0.0,2.7755575615628914e-17,0.24249400665524085,0,12,0,12,0.0,0.0,2.7755575615628914e-17,0.24249400665524085,-0.3333333333333333,-0.3333333333333333,0.0,0.0,-0.3333333333333333,-0.3333333333333333
seq_AthenB_o0.0_clean_base_s1__architecture__blind,seq_AthenB_o0.0_clean_base_s1,architecture,blind,none,specialization,4,8,0,12,0.3333333333333333,0.3333333333333333,0.13812009109121315,0.6093779111272004,1,11,0,12,0.08333333333333333,0.08333333333333333,0.014865094404917095,0.35387991114111694,4,8,0,12,0.3333333333333333,0.3333333333333333,0.13812009109121315,0.6093779111272004,0.16666666666666666,0.16666666666666666,0.08333333333333333,0.08333333333333333,0.16666666666666666,0.16666666666666666
seq_AthenB_o0.0_clean_base_s1__architecture__candidate,seq_AthenB_o0.0_clean_base_s1,architecture,candidate,none,consolidation,9,3,0,12,0.75,0.75,0.46769466506643426,0.9110583316059453,0,12,0,12,0.0,0.0,2.7755575615628914e-17,0.24249400665524085,9,3,0,12,0.75,0.75,0.46769466506643426,0.9110583316059453,-0.16666666666666663,-0.16666666666666663,-0.08333333333333333,-0.08333333333333333,-0.16666666666666663,-0.16666666666666663
seq_AthenB_o0.0_clean_base_s1__architecture__candidate,seq_AthenB_o0.0_clean_base_s1,architecture,candidate,none,specialization,10,2,0,12,0.8333333333333334,0.8333333333333334,0.5519691377470266,0.9530348578161463,2,10,0,12,0.16666666666666666,0.16666666666666666,0.04696514218385378,0.4480308622529734,10,2,0,12,0.8333333333333334,0.8333333333333334,0.5519691377470266,0.9530348578161463,-0.08333333333333326,0.0,0.16666666666666666,0.16666666666666666,-0.08333333333333326,0.0
seq_AthenB_o1.0_M_A_s0__architecture__blind,seq_AthenB_o1.0_M_A_s0,architecture,blind,none,consolidation,1,11,0,12,0.08333333333333333,0.08333333333333333,0.014865094404917095,0.35387991114111694,0,12,0,12,0.0,0.0,2.7755575615628914e-17,0.24249400665524085,1,11,0,12,0.08333333333333333,0.08333333333333333,0.014865094404917095,0.35387991114111694,-0.25,-0.25,0.0,0.0,-0.25,-0.25
seq_AthenB_o1.0_M_A_s0__architecture__blind,seq_AthenB_o1.0_M_A_s0,architecture,blind,none,specialization,4,8,0,12,0.3333333333333333,0.3333333333333333,0.13812009109121315,0.6093779111272004,0,12,0,12,0.0,0.0,2.7755575615628914e-17,0.24249400665524085,4,8,0,12,0.3333333333333333,0.3333333333333333,0.13812009109121315,0.6093779111272004,0.16666666666666666,0.16666666666666666,0.0,0.0,0.16666666666666666,0.16666666666666666
seq_AthenB_o1.0_M_A_s0__architecture__candidate,seq_AthenB_o1.0_M_A_s0,architecture,candidate,none,consolidation,5,7,0,12,0.4166666666666667,0.4166666666666667,0.19326031365875665,0.6804886874504503,0,12,0,12,0.0,0.0,2.7755575615628914e-17,0.24249400665524085,5,7,0,12,0.4166666666666667,0.4166666666666667,0.19326031365875665,0.6804886874504503,-0.49999999999999994,-0.49999999999999994,-0.08333333333333333,-0.08333333333333333,-0.49999999999999994,-0.49999999999999994
seq_AthenB_o1.0_M_A_s0__architecture__candidate,seq_AthenB_o1.0_M_A_s0,architecture,candidate,none,specialization,12,0,0,12,1.0,1.0,0.7575059933447592,1.0,5,7,0,12,0.4166666666666667,0.4166666666666667,0.19326031365875665,0.6804886874504503,12,0,0,12,1.0,1.0,0.7575059933447592,1.0,0.08333333333333337,0.16666666666666663,0.4166666666666667,0.4166666666666667,0.08333333333333337,0.16666666666666663
seq_AthenB_o1.0_M_A_s1__architecture__blind,seq_AthenB_o1.0_M_A_s1,architecture,blind,none,consolidation,4,8,0,12,0.3333333333333333,0.3333333333333333,0.13812009109121315,0.6093779111272004,0,12,0,12,0.0,0.0,2.7755575615628914e-17,0.24249400665524085,4,8,0,12,0.3333333333333333,0.3333333333333333,0.13812009109121315,0.6093779111272004,0.0,0.0,0.0,0.0,0.0,0.0
seq_AthenB_o1.0_M_A_s1__architecture__blind,seq_AthenB_o1.0_M_A_s1,architecture,blind,none,specialization,4,8,0,12,0.3333333333333333,0.3333333333333333,0.13812009109121315,0.6093779111272004,0,12,0,12,0.0,0.0,2.7755575615628914e-17,0.24249400665524085,4,8,0,12,0.3333333333333333,0.3333333333333333,0.13812009109121315,0.6093779111272004,0.16666666666666666,0.16666666666666666,0.0,0.0,0.16666666666666666,0.16666666666666666
seq_AthenB_o1.0_M_A_s1__architecture__candidate,seq_AthenB_o1.0_M_A_s1,architecture,candidate,none,consolidation,7,5,0,12,0.5833333333333334,0.5833333333333334,0.31951131254954973,0.8067396863412435,0,12,0,12,0.0,0.0,2.7755575615628914e-17,0.24249400665524085,7,5,0,12,0.5833333333333334,0.5833333333333334,0.31951131254954973,0.8067396863412435,-0.33333333333333326,-0.33333333333333326,-0.08333333333333333,-0.08333333333333333,-0.33333333333333326,-0.33333333333333326
seq_AthenB_o1.0_M_A_s1__architecture__candidate,seq_AthenB_o1.0_M_A_s1,architecture,candidate,none,specialization,10,0,2,12,0.8333333333333334,1.0,0.5519691377470266,1.0,1,11,0,12,0.08333333333333333,0.08333333333333333,0.014865094404917095,0.35387991114111694,10,0,2,12,0.8333333333333334,1.0,0.5519691377470266,1.0,-0.08333333333333326,0.16666666666666663,0.08333333333333333,0.08333333333333333,-0.08333333333333326,0.16666666666666663
seq_AthenB_o1.0_clean_base_s0__architecture__blind,seq_AthenB_o1.0_clean_base_s0,architecture,blind,none,consolidation,2,10,0,12,0.16666666666666666,0.16666666666666666,0.04696514218385378,0.4480308622529734,0,12,0,12,0.0,0.0,2.7755575615628914e-17,0.24249400665524085,2,10,0,12,0.16666666666666666,0.16666666666666666,0.04696514218385378,0.4480308622529734,-0.16666666666666666,-0.16666666666666666,0.0,0.0,-0.16666666666666666,-0.16666666666666666
seq_AthenB_o1.0_clean_base_s0__architecture__blind,seq_AthenB_o1.0_clean_base_s0,architecture,blind,none,specialization,5,7,0,12,0.4166666666666667,0.4166666666666667,0.19326031365875665,0.6804886874504503,0,12,0,12,0.0,0.0,2.7755575615628914e-17,0.24249400665524085,5,7,0,12,0.4166666666666667,0.4166666666666667,0.19326031365875665,0.6804886874504503,0.25,0.25,0.0,0.0,0.25,0.25
seq_AthenB_o1.0_clean_base_s0__architecture__candidate,seq_AthenB_o1.0_clean_base_s0,architecture,candidate,none,consolidation,5,7,0,12,0.4166666666666667,0.4166666666666667,0.19326031365875665,0.6804886874504503,0,12,0,12,0.0,0.0,2.7755575615628914e-17,0.24249400665524085,5,7,0,12,0.4166666666666667,0.4166666666666667,0.19326031365875665,0.6804886874504503,-0.49999999999999994,-0.49999999999999994,-0.08333333333333333,-0.08333333333333333,-0.49999999999999994,-0.49999999999999994
seq_AthenB_o1.0_clean_base_s0__architecture__candidate,seq_AthenB_o1.0_clean_base_s0,architecture,candidate,none,specialization,12,0,0,12,1.0,1.0,0.7575059933447592,1.0,0,12,0,12,0.0,0.0,2.7755575615628914e-17,0.24249400665524085,12,0,0,12,1.0,1.0,0.7575059933447592,1.0,0.08333333333333337,0.16666666666666663,0.0,0.0,0.08333333333333337,0.16666666666666663
seq_AthenB_o1.0_clean_base_s1__architecture__blind,seq_AthenB_o1.0_clean_base_s1,architecture,blind,none,consolidation,3,9,0,12,0.25,0.25,0.08894166839405471,0.5323053349335657,0,12,0,12,0.0,0.0,2.7755575615628914e-17,0.24249400665524085,3,9,0,12,0.25,0.25,0.08894166839405471,0.5323053349335657,-0.08333333333333331,-0.08333333333333331,0.0,0.0,-0.08333333333333331,-0.08333333333333331
seq_AthenB_o1.0_clean_base_s1__architecture__blind,seq_AthenB_o1.0_clean_base_s1,architecture,blind,none,specialization,4,8,0,12,0.3333333333333333,0.3333333333333333,0.13812009109121315,0.6093779111272004,0,12,0,12,0.0,0.0,2.7755575615628914e-17,0.24249400665524085,4,8,0,12,0.3333333333333333,0.3333333333333333,0.13812009109121315,0.6093779111272004,0.16666666666666666,0.16666666666666666,0.0,0.0,0.16666666666666666,0.16666666666666666
seq_AthenB_o1.0_clean_base_s1__architecture__candidate,seq_AthenB_o1.0_clean_base_s1,architecture,candidate,none,consolidation,8,4,0,12,0.6666666666666666,0.6666666666666666,0.39062208887279953,0.8618799089087867,0,12,0,12,0.0,0.0,2.7755575615628914e-17,0.24249400665524085,8,4,0,12,0.6666666666666666,0.6666666666666666,0.39062208887279953,0.8618799089087867,-0.25,-0.25,-0.08333333333333333,-0.08333333333333333,-0.25,-0.25
seq_AthenB_o1.0_clean_base_s1__architecture__candidate,seq_AthenB_o1.0_clean_base_s1,architecture,candidate,none,specialization,10,1,1,12,0.8333333333333334,0.9166666666666666,0.5519691377470266,0.9851349055950829,1,11,0,12,0.08333333333333333,0.08333333333333333,0.014865094404917095,0.35387991114111694,10,1,1,12,0.8333333333333334,0.9166666666666666,0.5519691377470266,0.9851349055950829,-0.08333333333333326,0.08333333333333326,0.08333333333333333,0.08333333333333333,-0.08333333333333326,0.08333333333333326
seq_BthenA_o0.0_M_A_s0__architecture__blind,seq_BthenA_o0.0_M_A_s0,architecture,blind,none,consolidation,3,9,0,12,0.25,0.25,0.08894166839405471,0.5323053349335657,0,12,0,12,0.0,0.0,2.7755575615628914e-17,0.24249400665524085,3,9,0,12,0.25,0.25,0.08894166839405471,0.5323053349335657,-0.08333333333333331,-0.08333333333333331,0.0,0.0,-0.08333333333333331,-0.08333333333333331
seq_BthenA_o0.0_M_A_s0__architecture__blind,seq_BthenA_o0.0_M_A_s0,architecture,blind,none,specialization,1,11,0,12,0.08333333333333333,0.08333333333333333,0.014865094404917095,0.35387991114111694,0,12,0,12,0.0,0.0,2.7755575615628914e-17,0.24249400665524085,1,11,0,12,0.08333333333333333,0.08333333333333333,0.014865094404917095,0.35387991114111694,-0.08333333333333333,-0.08333333333333333,0.0,0.0,-0.08333333333333333,-0.08333333333333333
seq_BthenA_o0.0_M_A_s0__architecture__candidate,seq_BthenA_o0.0_M_A_s0,architecture,candidate,none,consolidation,12,0,0,12,1.0,1.0,0.7575059933447592,1.0,0,12,0,12,0.0,0.0,2.7755575615628914e-17,0.24249400665524085,12,0,0,12,1.0,1.0,0.7575059933447592,1.0,0.08333333333333337,0.08333333333333337,-0.08333333333333333,-0.08333333333333333,0.08333333333333337,0.08333333333333337
seq_BthenA_o0.0_M_A_s0__architecture__candidate,seq_BthenA_o0.0_M_A_s0,architecture,candidate,none,specialization,11,1,0,12,0.9166666666666666,0.9166666666666666,0.646120088858883,0.9851349055950829,1,11,0,12,0.08333333333333333,0.08333333333333333,0.014865094404917095,0.35387991114111694,11,1,0,12,0.9166666666666666,0.9166666666666666,0.646120088858883,0.9851349055950829,0.0,0.08333333333333326,0.08333333333333333,0.08333333333333333,0.0,0.08333333333333326
seq_BthenA_o0.0_M_A_s1__architecture__blind,seq_BthenA_o0.0_M_A_s1,architecture,blind,none,consolidation,7,5,0,12,0.5833333333333334,0.5833333333333334,0.31951131254954973,0.8067396863412435,0,12,0,12,0.0,0.0,2.7755575615628914e-17,0.24249400665524085,7,5,0,12,0.5833333333333334,0.5833333333333334,0.31951131254954973,0.8067396863412435,0.25000000000000006,0.25000000000000006,0.0,0.0,0.25000000000000006,0.25000000000000006
seq_BthenA_o0.0_M_A_s1__architecture__blind,seq_BthenA_o0.0_M_A_s1,architecture,blind,none,specialization,2,10,0,12,0.16666666666666666,0.16666666666666666,0.04696514218385378,0.4480308622529734,0,12,0,12,0.0,0.0,2.7755575615628914e-17,0.24249400665524085,2,10,0,12,0.16666666666666666,0.16666666666666666,0.04696514218385378,0.4480308622529734,0.0,0.0,0.0,0.0,0.0,0.0
seq_BthenA_o0.0_M_A_s1__architecture__candidate,seq_BthenA_o0.0_M_A_s1,architecture,candidate,none,consolidation,11,1,0,12,0.9166666666666666,0.9166666666666666,0.646120088858883,0.9851349055950829,0,12,0,12,0.0,0.0,2.7755575615628914e-17,0.24249400665524085,11,1,0,12,0.9166666666666666,0.9166666666666666,0.646120088858883,0.9851349055950829,0.0,0.0,-0.08333333333333333,-0.08333333333333333,0.0,0.0
seq_BthenA_o0.0_M_A_s1__architecture__candidate,seq_BthenA_o0.0_M_A_s1,architecture,candidate,none,specialization,9,3,0,12,0.75,0.75,0.46769466506643426,0.9110583316059453,0,12,0,12,0.0,0.0,2.7755575615628914e-17,0.24249400665524085,9,3,0,12,0.75,0.75,0.46769466506643426,0.9110583316059453,-0.16666666666666663,-0.08333333333333337,0.0,0.0,-0.16666666666666663,-0.08333333333333337
seq_BthenA_o0.0_clean_base_s0__architecture__blind,seq_BthenA_o0.0_clean_base_s0,architecture,blind,none,consolidation,7,5,0,12,0.5833333333333334,0.5833333333333334,0.31951131254954973,0.8067396863412435,1,11,0,12,0.08333333333333333,0.08333333333333333,0.014865094404917095,0.35387991114111694,7,5,0,12,0.5833333333333334,0.5833333333333334,0.31951131254954973,0.8067396863412435,0.25000000000000006,0.25000000000000006,0.08333333333333333,0.08333333333333333,0.25000000000000006,0.25000000000000006
seq_BthenA_o0.0_clean_base_s0__architecture__blind,seq_BthenA_o0.0_clean_base_s0,architecture,blind,none,specialization,0,12,0,12,0.0,0.0,2.7755575615628914e-17,0.24249400665524085,0,12,0,12,0.0,0.0,2.7755575615628914e-17,0.24249400665524085,0,12,0,12,0.0,0.0,2.7755575615628914e-17,0.24249400665524085,-0.16666666666666666,-0.16666666666666666,0.0,0.0,-0.16666666666666666,-0.16666666666666666
seq_BthenA_o0.0_clean_base_s0__architecture__candidate,seq_BthenA_o0.0_clean_base_s0,architecture,candidate,none,consolidation,11,1,0,12,0.9166666666666666,0.9166666666666666,0.646120088858883,0.9851349055950829,1,11,0,12,0.08333333333333333,0.08333333333333333,0.014865094404917095,0.35387991114111694,11,1,0,12,0.9166666666666666,0.9166666666666666,0.646120088858883,0.9851349055950829,0.0,0.0,0.0,0.0,0.0,0.0
seq_BthenA_o0.0_clean_base_s0__architecture__candidate,seq_BthenA_o0.0_clean_base_s0,architecture,candidate,none,specialization,7,5,0,12,0.5833333333333334,0.5833333333333334,0.31951131254954973,0.8067396863412435,1,11,0,12,0.08333333333333333,0.08333333333333333,0.014865094404917095,0.35387991114111694,7,5,0,12,0.5833333333333334,0.5833333333333334,0.31951131254954973,0.8067396863412435,-0.33333333333333326,-0.25,0.08333333333333333,0.08333333333333333,-0.33333333333333326,-0.25
seq_BthenA_o0.0_clean_base_s1__architecture__blind,seq_BthenA_o0.0_clean_base_s1,architecture,blind,none,consolidation,6,6,0,12,0.5,0.5,0.2537815976337061,0.7462184023662939,0,12,0,12,0.0,0.0,2.7755575615628914e-17,0.24249400665524085,6,6,0,12,0.5,0.5,0.2537815976337061,0.7462184023662939,0.16666666666666669,0.16666666666666669,0.0,0.0,0.16666666666666669,0.16666666666666669
seq_BthenA_o0.0_clean_base_s1__architecture__blind,seq_BthenA_o0.0_clean_base_s1,architecture,blind,none,specialization,4,8,0,12,0.3333333333333333,0.3333333333333333,0.13812009109121315,0.6093779111272004,0,12,0,12,0.0,0.0,2.7755575615628914e-17,0.24249400665524085,4,8,0,12,0.3333333333333333,0.3333333333333333,0.13812009109121315,0.6093779111272004,0.16666666666666666,0.16666666666666666,0.0,0.0,0.16666666666666666,0.16666666666666666
seq_BthenA_o0.0_clean_base_s1__architecture__candidate,seq_BthenA_o0.0_clean_base_s1,architecture,candidate,none,consolidation,11,1,0,12,0.9166666666666666,0.9166666666666666,0.646120088858883,0.9851349055950829,0,12,0,12,0.0,0.0,2.7755575615628914e-17,0.24249400665524085,11,1,0,12,0.9166666666666666,0.9166666666666666,0.646120088858883,0.9851349055950829,0.0,0.0,-0.08333333333333333,-0.08333333333333333,0.0,0.0
seq_BthenA_o0.0_clean_base_s1__architecture__candidate,seq_BthenA_o0.0_clean_base_s1,architecture,candidate,none,specialization,9,3,0,12,0.75,0.75,0.46769466506643426,0.9110583316059453,0,12,0,12,0.0,0.0,2.7755575615628914e-17,0.24249400665524085,9,3,0,12,0.75,0.75,0.46769466506643426,0.9110583316059453,-0.16666666666666663,-0.08333333333333337,0.0,0.0,-0.16666666666666663,-0.08333333333333337
seq_BthenA_o1.0_M_A_s0__architecture__blind,seq_BthenA_o1.0_M_A_s0,architecture,blind,none,consolidation,8,4,0,12,0.6666666666666666,0.6666666666666666,0.39062208887279953,0.8618799089087867,0,12,0,12,0.0,0.0,2.7755575615628914e-17,0.24249400665524085,8,4,0,12,0.6666666666666666,0.6666666666666666,0.39062208887279953,0.8618799089087867,0.3333333333333333,0.3333333333333333,0.0,0.0,0.3333333333333333,0.3333333333333333
seq_BthenA_o1.0_M_A_s0__architecture__blind,seq_BthenA_o1.0_M_A_s0,architecture,blind,none,specialization,1,11,0,12,0.08333333333333333,0.08333333333333333,0.014865094404917095,0.35387991114111694,0,12,0,12,0.0,0.0,2.7755575615628914e-17,0.24249400665524085,1,11,0,12,0.08333333333333333,0.08333333333333333,0.014865094404917095,0.35387991114111694,-0.08333333333333333,-0.08333333333333333,0.0,0.0,-0.08333333333333333,-0.08333333333333333
seq_BthenA_o1.0_M_A_s0__architecture__candidate,seq_BthenA_o1.0_M_A_s0,architecture,candidate,none,consolidation,11,1,0,12,0.9166666666666666,0.9166666666666666,0.646120088858883,0.9851349055950829,2,10,0,12,0.16666666666666666,0.16666666666666666,0.04696514218385378,0.4480308622529734,11,1,0,12,0.9166666666666666,0.9166666666666666,0.646120088858883,0.9851349055950829,0.0,0.0,0.08333333333333333,0.08333333333333333,0.0,0.0
seq_BthenA_o1.0_M_A_s0__architecture__candidate,seq_BthenA_o1.0_M_A_s0,architecture,candidate,none,specialization,8,4,0,12,0.6666666666666666,0.6666666666666666,0.39062208887279953,0.8618799089087867,0,12,0,12,0.0,0.0,2.7755575615628914e-17,0.24249400665524085,8,4,0,12,0.6666666666666666,0.6666666666666666,0.39062208887279953,0.8618799089087867,-0.25,-0.16666666666666674,0.0,0.0,-0.25,-0.16666666666666674
seq_BthenA_o1.0_M_A_s1__architecture__blind,seq_BthenA_o1.0_M_A_s1,architecture,blind,none,consolidation,5,7,0,12,0.4166666666666667,0.4166666666666667,0.19326031365875665,0.6804886874504503,0,12,0,12,0.0,0.0,2.7755575615628914e-17,0.24249400665524085,5,7,0,12,0.4166666666666667,0.4166666666666667,0.19326031365875665,0.6804886874504503,0.08333333333333337,0.08333333333333337,0.0,0.0,0.08333333333333337,0.08333333333333337
seq_BthenA_o1.0_M_A_s1__architecture__blind,seq_BthenA_o1.0_M_A_s1,architecture,blind,none,specialization,2,10,0,12,0.16666666666666666,0.16666666666666666,0.04696514218385378,0.4480308622529734,0,12,0,12,0.0,0.0,2.7755575615628914e-17,0.24249400665524085,2,10,0,12,0.16666666666666666,0.16666666666666666,0.04696514218385378,0.4480308622529734,0.0,0.0,0.0,0.0,0.0,0.0
seq_BthenA_o1.0_M_A_s1__architecture__candidate,seq_BthenA_o1.0_M_A_s1,architecture,candidate,none,consolidation,10,1,1,12,0.8333333333333334,0.9166666666666666,0.5519691377470266,0.9851349055950829,1,11,0,12,0.08333333333333333,0.08333333333333333,0.014865094404917095,0.35387991114111694,11,1,0,12,0.9166666666666666,0.9166666666666666,0.646120088858883,0.9851349055950829,-0.08333333333333326,0.0,0.0,0.0,0.0,0.0
seq_BthenA_o1.0_M_A_s1__architecture__candidate,seq_BthenA_o1.0_M_A_s1,architecture,candidate,none,specialization,7,5,0,12,0.5833333333333334,0.5833333333333334,0.31951131254954973,0.8067396863412435,0,12,0,12,0.0,0.0,2.7755575615628914e-17,0.24249400665524085,7,5,0,12,0.5833333333333334,0.5833333333333334,0.31951131254954973,0.8067396863412435,-0.33333333333333326,-0.25,0.0,0.0,-0.33333333333333326,-0.25
seq_BthenA_o1.0_clean_base_s0__architecture__blind,seq_BthenA_o1.0_clean_base_s0,architecture,blind,none,consolidation,9,3,0,12,0.75,0.75,0.46769466506643426,0.9110583316059453,0,12,0,12,0.0,0.0,2.7755575615628914e-17,0.24249400665524085,9,3,0,12,0.75,0.75,0.46769466506643426,0.9110583316059453,0.4166666666666667,0.4166666666666667,0.0,0.0,0.4166666666666667,0.4166666666666667
seq_BthenA_o1.0_clean_base_s0__architecture__blind,seq_BthenA_o1.0_clean_base_s0,architecture,blind,none,specialization,0,12,0,12,0.0,0.0,2.7755575615628914e-17,0.24249400665524085,0,12,0,12,0.0,0.0,2.7755575615628914e-17,0.24249400665524085,0,12,0,12,0.0,0.0,2.7755575615628914e-17,0.24249400665524085,-0.16666666666666666,-0.16666666666666666,0.0,0.0,-0.16666666666666666,-0.16666666666666666
seq_BthenA_o1.0_clean_base_s0__architecture__candidate,seq_BthenA_o1.0_clean_base_s0,architecture,candidate,none,consolidation,10,2,0,12,0.8333333333333334,0.8333333333333334,0.5519691377470266,0.9530348578161463,1,11,0,12,0.08333333333333333,0.08333333333333333,0.014865094404917095,0.35387991114111694,10,2,0,12,0.8333333333333334,0.8333333333333334,0.5519691377470266,0.9530348578161463,-0.08333333333333326,-0.08333333333333326,0.0,0.0,-0.08333333333333326,-0.08333333333333326
seq_BthenA_o1.0_clean_base_s0__architecture__candidate,seq_BthenA_o1.0_clean_base_s0,architecture,candidate,none,specialization,9,3,0,12,0.75,0.75,0.46769466506643426,0.9110583316059453,1,11,0,12,0.08333333333333333,0.08333333333333333,0.014865094404917095,0.35387991114111694,9,3,0,12,0.75,0.75,0.46769466506643426,0.9110583316059453,-0.16666666666666663,-0.08333333333333337,0.08333333333333333,0.08333333333333333,-0.16666666666666663,-0.08333333333333337
seq_BthenA_o1.0_clean_base_s1__architecture__blind,seq_BthenA_o1.0_clean_base_s1,architecture,blind,none,consolidation,8,4,0,12,0.6666666666666666,0.6666666666666666,0.39062208887279953,0.8618799089087867,0,12,0,12,0.0,0.0,2.7755575615628914e-17,0.24249400665524085,8,4,0,12,0.6666666666666666,0.6666666666666666,0.39062208887279953,0.8618799089087867,0.3333333333333333,0.3333333333333333,0.0,0.0,0.3333333333333333,0.3333333333333333
seq_BthenA_o1.0_clean_base_s1__architecture__blind,seq_BthenA_o1.0_clean_base_s1,architecture,blind,none,specialization,2,10,0,12,0.16666666666666666,0.16666666666666666,0.04696514218385378,0.4480308622529734,0,12,0,12,0.0,0.0,2.7755575615628914e-17,0.24249400665524085,2,10,0,12,0.16666666666666666,0.16666666666666666,0.04696514218385378,0.4480308622529734,0.0,0.0,0.0,0.0,0.0,0.0
seq_BthenA_o1.0_clean_base_s1__architecture__candidate,seq_BthenA_o1.0_clean_base_s1,architecture,candidate,none,consolidation,11,1,0,12,0.9166666666666666,0.9166666666666666,0.646120088858883,0.9851349055950829,0,12,0,12,0.0,0.0,2.7755575615628914e-17,0.24249400665524085,11,1,0,12,0.9166666666666666,0.9166666666666666,0.646120088858883,0.9851349055950829,0.0,0.0,-0.08333333333333333,-0.08333333333333333,0.0,0.0
seq_BthenA_o1.0_clean_base_s1__architecture__candidate,seq_BthenA_o1.0_clean_base_s1,architecture,candidate,none,specialization,10,2,0,12,0.8333333333333334,0.8333333333333334,0.5519691377470266,0.9530348578161463,1,11,0,12,0.08333333333333333,0.08333333333333333,0.014865094404917095,0.35387991114111694,10,2,0,12,0.8333333333333334,0.8333333333333334,0.5519691377470266,0.9530348578161463,-0.08333333333333326,0.0,0.08333333333333333,0.08333333333333333,-0.08333333333333326,0.0
pair_joint_M_o0.0_s0__vendor__blind,pair_joint_M_o0.0_s0,vendor,blind,none,Meridian,0,12,0,12,0.0,0.0,2.7755575615628914e-17,0.24249400665524085,0,12,0,12,0.0,0.0,2.7755575615628914e-17,0.24249400665524085,0,12,0,12,0.0,0.0,2.7755575615628914e-17,0.24249400665524085,0.0,0.0,0.0,0.0,0.0,0.0
pair_joint_M_o0.0_s0__vendor__blind,pair_joint_M_o0.0_s0,vendor,blind,none,Sable,0,12,0,12,0.0,0.0,2.7755575615628914e-17,0.24249400665524085,0,12,0,12,0.0,0.0,2.7755575615628914e-17,0.24249400665524085,0,12,0,12,0.0,0.0,2.7755575615628914e-17,0.24249400665524085,0.0,0.0,0.0,0.0,0.0,0.0
pair_joint_M_o0.0_s0__vendor__candidate,pair_joint_M_o0.0_s0,vendor,candidate,none,Meridian,5,7,0,12,0.4166666666666667,0.4166666666666667,0.19326031365875665,0.6804886874504503,0,12,0,12,0.0,0.0,2.7755575615628914e-17,0.24249400665524085,5,7,0,12,0.4166666666666667,0.4166666666666667,0.19326031365875665,0.6804886874504503,-0.49999999999999994,-0.49999999999999994,-0.08333333333333333,-0.08333333333333333,-0.49999999999999994,-0.49999999999999994
pair_joint_M_o0.0_s0__vendor__candidate,pair_joint_M_o0.0_s0,vendor,candidate,none,Sable,9,3,0,12,0.75,0.75,0.46769466506643426,0.9110583316059453,1,11,0,12,0.08333333333333333,0.08333333333333333,0.014865094404917095,0.35387991114111694,9,3,0,12,0.75,0.75,0.46769466506643426,0.9110583316059453,-0.25,-0.16666666666666663,0.08333333333333333,0.08333333333333333,-0.25,-0.16666666666666663
pair_joint_M_o0.0_s1__vendor__blind,pair_joint_M_o0.0_s1,vendor,blind,none,Meridian,0,12,0,12,0.0,0.0,2.7755575615628914e-17,0.24249400665524085,0,12,0,12,0.0,0.0,2.7755575615628914e-17,0.24249400665524085,0,12,0,12,0.0,0.0,2.7755575615628914e-17,0.24249400665524085,0.0,0.0,0.0,0.0,0.0,0.0
pair_joint_M_o0.0_s1__vendor__blind,pair_joint_M_o0.0_s1,vendor,blind,none,Sable,0,12,0,12,0.0,0.0,2.7755575615628914e-17,0.24249400665524085,0,12,0,12,0.0,0.0,2.7755575615628914e-17,0.24249400665524085,0,12,0,12,0.0,0.0,2.7755575615628914e-17,0.24249400665524085,0.0,0.0,0.0,0.0,0.0,0.0
pair_joint_M_o0.0_s1__vendor__candidate,pair_joint_M_o0.0_s1,vendor,candidate,none,Meridian,6,6,0,12,0.5,0.5,0.2537815976337061,0.7462184023662939,0,12,0,12,0.0,0.0,2.7755575615628914e-17,0.24249400665524085,6,6,0,12,0.5,0.5,0.2537815976337061,0.7462184023662939,-0.41666666666666663,-0.41666666666666663,-0.08333333333333333,-0.08333333333333333,-0.41666666666666663,-0.41666666666666663
pair_joint_M_o0.0_s1__vendor__candidate,pair_joint_M_o0.0_s1,vendor,candidate,none,Sable,8,4,0,12,0.6666666666666666,0.6666666666666666,0.39062208887279953,0.8618799089087867,0,12,0,12,0.0,0.0,2.7755575615628914e-17,0.24249400665524085,8,4,0,12,0.6666666666666666,0.6666666666666666,0.39062208887279953,0.8618799089087867,-0.33333333333333337,-0.25,0.0,0.0,-0.33333333333333337,-0.25
pair_joint_M_o1.0_s0__vendor__blind,pair_joint_M_o1.0_s0,vendor,blind,none,Meridian,2,10,0,12,0.16666666666666666,0.16666666666666666,0.04696514218385378,0.4480308622529734,0,12,0,12,0.0,0.0,2.7755575615628914e-17,0.24249400665524085,2,10,0,12,0.16666666666666666,0.16666666666666666,0.04696514218385378,0.4480308622529734,0.16666666666666666,0.16666666666666666,0.0,0.0,0.16666666666666666,0.16666666666666666
pair_joint_M_o1.0_s0__vendor__blind,pair_joint_M_o1.0_s0,vendor,blind,none,Sable,2,10,0,12,0.16666666666666666,0.16666666666666666,0.04696514218385378,0.4480308622529734,0,12,0,12,0.0,0.0,2.7755575615628914e-17,0.24249400665524085,2,10,0,12,0.16666666666666666,0.16666666666666666,0.04696514218385378,0.4480308622529734,0.16666666666666666,0.16666666666666666,0.0,0.0,0.16666666666666666,0.16666666666666666
pair_joint_M_o1.0_s0__vendor__candidate,pair_joint_M_o1.0_s0,vendor,candidate,none,Meridian,9,3,0,12,0.75,0.75,0.46769466506643426,0.9110583316059453,0,12,0,12,0.0,0.0,2.7755575615628914e-17,0.24249400665524085,9,3,0,12,0.75,0.75,0.46769466506643426,0.9110583316059453,-0.16666666666666663,-0.16666666666666663,-0.08333333333333333,-0.08333333333333333,-0.16666666666666663,-0.16666666666666663
pair_joint_M_o1.0_s0__vendor__candidate,pair_joint_M_o1.0_s0,vendor,candidate,none,Sable,10,1,1,12,0.8333333333333334,0.9166666666666666,0.5519691377470266,0.9851349055950829,0,12,0,12,0.0,0.0,2.7755575615628914e-17,0.24249400665524085,10,1,1,12,0.8333333333333334,0.9166666666666666,0.5519691377470266,0.9851349055950829,-0.16666666666666663,0.0,0.0,0.0,-0.16666666666666663,0.0
pair_joint_M_o1.0_s1__vendor__blind,pair_joint_M_o1.0_s1,vendor,blind,none,Meridian,1,11,0,12,0.08333333333333333,0.08333333333333333,0.014865094404917095,0.35387991114111694,0,12,0,12,0.0,0.0,2.7755575615628914e-17,0.24249400665524085,1,11,0,12,0.08333333333333333,0.08333333333333333,0.014865094404917095,0.35387991114111694,0.08333333333333333,0.08333333333333333,0.0,0.0,0.08333333333333333,0.08333333333333333
pair_joint_M_o1.0_s1__vendor__blind,pair_joint_M_o1.0_s1,vendor,blind,none,Sable,1,11,0,12,0.08333333333333333,0.08333333333333333,0.014865094404917095,0.35387991114111694,0,12,0,12,0.0,0.0,2.7755575615628914e-17,0.24249400665524085,1,11,0,12,0.08333333333333333,0.08333333333333333,0.014865094404917095,0.35387991114111694,0.08333333333333333,0.08333333333333333,0.0,0.0,0.08333333333333333,0.08333333333333333
pair_joint_M_o1.0_s1__vendor__candidate,pair_joint_M_o1.0_s1,vendor,candidate,none,Meridian,8,4,0,12,0.6666666666666666,0.6666666666666666,0.39062208887279953,0.8618799089087867,0,12,0,12,0.0,0.0,2.7755575615628914e-17,0.24249400665524085,8,4,0,12,0.6666666666666666,0.6666666666666666,0.39062208887279953,0.8618799089087867,-0.25,-0.25,-0.08333333333333333,-0.08333333333333333,-0.25,-0.25
pair_joint_M_o1.0_s1__vendor__candidate,pair_joint_M_o1.0_s1,vendor,candidate,none,Sable,11,1,0,12,0.9166666666666666,0.9166666666666666,0.646120088858883,0.9851349055950829,0,12,0,12,0.0,0.0,2.7755575615628914e-17,0.24249400665524085,11,1,0,12,0.9166666666666666,0.9166666666666666,0.646120088858883,0.9851349055950829,-0.08333333333333337,0.0,0.0,0.0,-0.08333333333333337,0.0
pair_blocked_M_o0.0_s0__vendor__blind,pair_blocked_M_o0.0_s0,vendor,blind,none,Meridian,0,12,0,12,0.0,0.0,2.7755575615628914e-17,0.24249400665524085,0,12,0,12,0.0,0.0,2.7755575615628914e-17,0.24249400665524085,0,12,0,12,0.0,0.0,2.7755575615628914e-17,0.24249400665524085,0.0,0.0,0.0,0.0,0.0,0.0
pair_blocked_M_o0.0_s0__vendor__blind,pair_blocked_M_o0.0_s0,vendor,blind,none,Sable,0,12,0,12,0.0,0.0,2.7755575615628914e-17,0.24249400665524085,0,12,0,12,0.0,0.0,2.7755575615628914e-17,0.24249400665524085,0,12,0,12,0.0,0.0,2.7755575615628914e-17,0.24249400665524085,0.0,0.0,0.0,0.0,0.0,0.0
pair_blocked_M_o0.0_s0__vendor__candidate,pair_blocked_M_o0.0_s0,vendor,candidate,none,Meridian,9,3,0,12,0.75,0.75,0.46769466506643426,0.9110583316059453,0,12,0,12,0.0,0.0,2.7755575615628914e-17,0.24249400665524085,9,3,0,12,0.75,0.75,0.46769466506643426,0.9110583316059453,-0.16666666666666663,-0.16666666666666663,-0.08333333333333333,-0.08333333333333333,-0.16666666666666663,-0.16666666666666663
pair_blocked_M_o0.0_s0__vendor__candidate,pair_blocked_M_o0.0_s0,vendor,candidate,none,Sable,10,2,0,12,0.8333333333333334,0.8333333333333334,0.5519691377470266,0.9530348578161463,0,12,0,12,0.0,0.0,2.7755575615628914e-17,0.24249400665524085,10,2,0,12,0.8333333333333334,0.8333333333333334,0.5519691377470266,0.9530348578161463,-0.16666666666666663,-0.08333333333333326,0.0,0.0,-0.16666666666666663,-0.08333333333333326
pair_blocked_M_o0.0_s1__vendor__blind,pair_blocked_M_o0.0_s1,vendor,blind,none,Meridian,0,12,0,12,0.0,0.0,2.7755575615628914e-17,0.24249400665524085,0,12,0,12,0.0,0.0,2.7755575615628914e-17,0.24249400665524085,0,12,0,12,0.0,0.0,2.7755575615628914e-17,0.24249400665524085,0.0,0.0,0.0,0.0,0.0,0.0
pair_blocked_M_o0.0_s1__vendor__blind,pair_blocked_M_o0.0_s1,vendor,blind,none,Sable,0,12,0,12,0.0,0.0,2.7755575615628914e-17,0.24249400665524085,0,12,0,12,0.0,0.0,2.7755575615628914e-17,0.24249400665524085,0,12,0,12,0.0,0.0,2.7755575615628914e-17,0.24249400665524085,0.0,0.0,0.0,0.0,0.0,0.0
pair_blocked_M_o0.0_s1__vendor__candidate,pair_blocked_M_o0.0_s1,vendor,candidate,none,Meridian,8,4,0,12,0.6666666666666666,0.6666666666666666,0.39062208887279953,0.8618799089087867,1,11,0,12,0.08333333333333333,0.08333333333333333,0.014865094404917095,0.35387991114111694,8,4,0,12,0.6666666666666666,0.6666666666666666,0.39062208887279953,0.8618799089087867,-0.25,-0.25,0.0,0.0,-0.25,-0.25
pair_blocked_M_o0.0_s1__vendor__candidate,pair_blocked_M_o0.0_s1,vendor,candidate,none,Sable,9,3,0,12,0.75,0.75,0.46769466506643426,0.9110583316059453,0,12,0,12,0.0,0.0,2.7755575615628914e-17,0.24249400665524085,9,3,0,12,0.75,0.75,0.46769466506643426,0.9110583316059453,-0.25,-0.16666666666666663,0.0,0.0,-0.25,-0.16666666666666663
pair_blocked_M_o1.0_s0__vendor__blind,pair_blocked_M_o1.0_s0,vendor,blind,none,Meridian,0,12,0,12,0.0,0.0,2.7755575615628914e-17,0.24249400665524085,0,12,0,12,0.0,0.0,2.7755575615628914e-17,0.24249400665524085,0,12,0,12,0.0,0.0,2.7755575615628914e-17,0.24249400665524085,0.0,0.0,0.0,0.0,0.0,0.0
pair_blocked_M_o1.0_s0__vendor__blind,pair_blocked_M_o1.0_s0,vendor,blind,none,Sable,3,9,0,12,0.25,0.25,0.08894166839405471,0.5323053349335657,0,12,0,12,0.0,0.0,2.7755575615628914e-17,0.24249400665524085,3,9,0,12,0.25,0.25,0.08894166839405471,0.5323053349335657,0.25,0.25,0.0,0.0,0.25,0.25
pair_blocked_M_o1.0_s0__vendor__candidate,pair_blocked_M_o1.0_s0,vendor,candidate,none,Meridian,6,5,1,12,0.5,0.5833333333333334,0.2537815976337061,0.8067396863412435,0,12,0,12,0.0,0.0,2.7755575615628914e-17,0.24249400665524085,6,5,1,12,0.5,0.5833333333333334,0.2537815976337061,0.8067396863412435,-0.41666666666666663,-0.33333333333333326,-0.08333333333333333,-0.08333333333333333,-0.41666666666666663,-0.33333333333333326
pair_blocked_M_o1.0_s0__vendor__candidate,pair_blocked_M_o1.0_s0,vendor,candidate,none,Sable,10,2,0,12,0.8333333333333334,0.8333333333333334,0.5519691377470266,0.9530348578161463,0,12,0,12,0.0,0.0,2.7755575615628914e-17,0.24249400665524085,10,2,0,12,0.8333333333333334,0.8333333333333334,0.5519691377470266,0.9530348578161463,-0.16666666666666663,-0.08333333333333326,0.0,0.0,-0.16666666666666663,-0.08333333333333326
pair_blocked_M_o1.0_s1__vendor__blind,pair_blocked_M_o1.0_s1,vendor,blind,none,Meridian,1,11,0,12,0.08333333333333333,0.08333333333333333,0.014865094404917095,0.35387991114111694,0,12,0,12,0.0,0.0,2.7755575615628914e-17,0.24249400665524085,1,11,0,12,0.08333333333333333,0.08333333333333333,0.014865094404917095,0.35387991114111694,0.08333333333333333,0.08333333333333333,0.0,0.0,0.08333333333333333,0.08333333333333333
pair_blocked_M_o1.0_s1__vendor__blind,pair_blocked_M_o1.0_s1,vendor,blind,none,Sable,2,10,0,12,0.16666666666666666,0.16666666666666666,0.04696514218385378,0.4480308622529734,0,12,0,12,0.0,0.0,2.7755575615628914e-17,0.24249400665524085,2,10,0,12,0.16666666666666666,0.16666666666666666,0.04696514218385378,0.4480308622529734,0.16666666666666666,0.16666666666666666,0.0,0.0,0.16666666666666666,0.16666666666666666
pair_blocked_M_o1.0_s1__vendor__candidate,pair_blocked_M_o1.0_s1,vendor,candidate,none,Meridian,8,4,0,12,0.6666666666666666,0.6666666666666666,0.39062208887279953,0.8618799089087867,0,12,0,12,0.0,0.0,2.7755575615628914e-17,0.24249400665524085,8,4,0,12,0.6666666666666666,0.6666666666666666,0.39062208887279953,0.8618799089087867,-0.25,-0.25,-0.08333333333333333,-0.08333333333333333,-0.25,-0.25
pair_blocked_M_o1.0_s1__vendor__candidate,pair_blocked_M_o1.0_s1,vendor,candidate,none,Sable,8,4,0,12,0.6666666666666666,0.6666666666666666,0.39062208887279953,0.8618799089087867,0,12,0,12,0.0,0.0,2.7755575615628914e-17,0.24249400665524085,8,4,0,12,0.6666666666666666,0.6666666666666666,0.39062208887279953,0.8618799089087867,-0.33333333333333337,-0.25,0.0,0.0,-0.33333333333333337,-0.25
pair_blocked_S_o0.0_s0__vendor__blind,pair_blocked_S_o0.0_s0,vendor,blind,none,Meridian,0,12,0,12,0.0,0.0,2.7755575615628914e-17,0.24249400665524085,0,12,0,12,0.0,0.0,2.7755575615628914e-17,0.24249400665524085,0,12,0,12,0.0,0.0,2.7755575615628914e-17,0.24249400665524085,0.0,0.0,0.0,0.0,0.0,0.0
pair_blocked_S_o0.0_s0__vendor__blind,pair_blocked_S_o0.0_s0,vendor,blind,none,Sable,1,11,0,12,0.08333333333333333,0.08333333333333333,0.014865094404917095,0.35387991114111694,0,12,0,12,0.0,0.0,2.7755575615628914e-17,0.24249400665524085,1,11,0,12,0.08333333333333333,0.08333333333333333,0.014865094404917095,0.35387991114111694,0.08333333333333333,0.08333333333333333,0.0,0.0,0.08333333333333333,0.08333333333333333
pair_blocked_S_o0.0_s0__vendor__candidate,pair_blocked_S_o0.0_s0,vendor,candidate,none,Meridian,7,5,0,12,0.5833333333333334,0.5833333333333334,0.31951131254954973,0.8067396863412435,1,11,0,12,0.08333333333333333,0.08333333333333333,0.014865094404917095,0.35387991114111694,7,5,0,12,0.5833333333333334,0.5833333333333334,0.31951131254954973,0.8067396863412435,-0.33333333333333326,-0.33333333333333326,0.0,0.0,-0.33333333333333326,-0.33333333333333326
pair_blocked_S_o0.0_s0__vendor__candidate,pair_blocked_S_o0.0_s0,vendor,candidate,none,Sable,5,7,0,12,0.4166666666666667,0.4166666666666667,0.19326031365875665,0.6804886874504503,0,12,0,12,0.0,0.0,2.7755575615628914e-17,0.24249400665524085,5,7,0,12,0.4166666666666667,0.4166666666666667,0.19326031365875665,0.6804886874504503,-0.5833333333333333,-0.49999999999999994,0.0,0.0,-0.5833333333333333,-0.49999999999999994
pair_blocked_S_o0.0_s1__vendor__blind,pair_blocked_S_o0.0_s1,vendor,blind,none,Meridian,0,12,0,12,0.0,0.0,2.7755575615628914e-17,0.24249400665524085,0,12,0,12,0.0,0.0,2.7755575615628914e-17,0.24249400665524085,0,12,0,12,0.0,0.0,2.7755575615628914e-17,0.24249400665524085,0.0,0.0,0.0,0.0,0.0,0.0
pair_blocked_S_o0.0_s1__vendor__blind,pair_blocked_S_o0.0_s1,vendor,blind,none,Sable,0,12,0,12,0.0,0.0,2.7755575615628914e-17,0.24249400665524085,0,12,0,12,0.0,0.0,2.7755575615628914e-17,0.24249400665524085,0,12,0,12,0.0,0.0,2.7755575615628914e-17,0.24249400665524085,0.0,0.0,0.0,0.0,0.0,0.0
pair_blocked_S_o0.0_s1__vendor__candidate,pair_blocked_S_o0.0_s1,vendor,candidate,none,Meridian,9,3,0,12,0.75,0.75,0.46769466506643426,0.9110583316059453,0,12,0,12,0.0,0.0,2.7755575615628914e-17,0.24249400665524085,9,3,0,12,0.75,0.75,0.46769466506643426,0.9110583316059453,-0.16666666666666663,-0.16666666666666663,-0.08333333333333333,-0.08333333333333333,-0.16666666666666663,-0.16666666666666663
pair_blocked_S_o0.0_s1__vendor__candidate,pair_blocked_S_o0.0_s1,vendor,candidate,none,Sable,7,5,0,12,0.5833333333333334,0.5833333333333334,0.31951131254954973,0.8067396863412435,0,12,0,12,0.0,0.0,2.7755575615628914e-17,0.24249400665524085,7,5,0,12,0.5833333333333334,0.5833333333333334,0.31951131254954973,0.8067396863412435,-0.41666666666666663,-0.33333333333333326,0.0,0.0,-0.41666666666666663,-0.33333333333333326
pair_blocked_S_o1.0_s0__vendor__blind,pair_blocked_S_o1.0_s0,vendor,blind,none,Meridian,2,10,0,12,0.16666666666666666,0.16666666666666666,0.04696514218385378,0.4480308622529734,0,12,0,12,0.0,0.0,2.7755575615628914e-17,0.24249400665524085,2,10,0,12,0.16666666666666666,0.16666666666666666,0.04696514218385378,0.4480308622529734,0.16666666666666666,0.16666666666666666,0.0,0.0,0.16666666666666666,0.16666666666666666
pair_blocked_S_o1.0_s0__vendor__blind,pair_blocked_S_o1.0_s0,vendor,blind,none,Sable,0,11,1,12,0.0,0.08333333333333333,2.7755575615628914e-17,0.35387991114111694,0,12,0,12,0.0,0.0,2.7755575615628914e-17,0.24249400665524085,0,11,1,12,0.0,0.08333333333333333,2.7755575615628914e-17,0.35387991114111694,0.0,0.08333333333333333,0.0,0.0,0.0,0.08333333333333333
pair_blocked_S_o1.0_s0__vendor__candidate,pair_blocked_S_o1.0_s0,vendor,candidate,none,Meridian,11,1,0,12,0.9166666666666666,0.9166666666666666,0.646120088858883,0.9851349055950829,0,12,0,12,0.0,0.0,2.7755575615628914e-17,0.24249400665524085,11,1,0,12,0.9166666666666666,0.9166666666666666,0.646120088858883,0.9851349055950829,0.0,0.0,-0.08333333333333333,-0.08333333333333333,0.0,0.0
pair_blocked_S_o1.0_s0__vendor__candidate,pair_blocked_S_o1.0_s0,vendor,candidate,none,Sable,9,3,0,12,0.75,0.75,0.46769466506643426,0.9110583316059453,0,12,0,12,0.0,0.0,2.7755575615628914e-17,0.24249400665524085,9,3,0,12,0.75,0.75,0.46769466506643426,0.9110583316059453,-0.25,-0.16666666666666663,0.0,0.0,-0.25,-0.16666666666666663
pair_blocked_S_o1.0_s1__vendor__blind,pair_blocked_S_o1.0_s1,vendor,blind,none,Meridian,3,9,0,12,0.25,0.25,0.08894166839405471,0.5323053349335657,0,12,0,12,0.0,0.0,2.7755575615628914e-17,0.24249400665524085,3,9,0,12,0.25,0.25,0.08894166839405471,0.5323053349335657,0.25,0.25,0.0,0.0,0.25,0.25
pair_blocked_S_o1.0_s1__vendor__blind,pair_blocked_S_o1.0_s1,vendor,blind,none,Sable,1,11,0,12,0.08333333333333333,0.08333333333333333,0.014865094404917095,0.35387991114111694,0,12,0,12,0.0,0.0,2.7755575615628914e-17,0.24249400665524085,1,11,0,12,0.08333333333333333,0.08333333333333333,0.014865094404917095,0.35387991114111694,0.08333333333333333,0.08333333333333333,0.0,0.0,0.08333333333333333,0.08333333333333333
pair_blocked_S_o1.0_s1__vendor__candidate,pair_blocked_S_o1.0_s1,vendor,candidate,none,Meridian,10,2,0,12,0.8333333333333334,0.8333333333333334,0.5519691377470266,0.9530348578161463,0,12,0,12,0.0,0.0,2.7755575615628914e-17,0.24249400665524085,10,2,0,12,0.8333333333333334,0.8333333333333334,0.5519691377470266,0.9530348578161463,-0.08333333333333326,-0.08333333333333326,-0.08333333333333333,-0.08333333333333333,-0.08333333333333326,-0.08333333333333326
pair_blocked_S_o1.0_s1__vendor__candidate,pair_blocked_S_o1.0_s1,vendor,candidate,none,Sable,9,3,0,12,0.75,0.75,0.46769466506643426,0.9110583316059453,0,12,0,12,0.0,0.0,2.7755575615628914e-17,0.24249400665524085,9,3,0,12,0.75,0.75,0.46769466506643426,0.9110583316059453,-0.25,-0.16666666666666663,0.0,0.0,-0.25,-0.16666666666666663
nameswap_exchanged_s0__vendor__blind,nameswap_exchanged_s0,vendor,blind,none,Meridian,3,9,0,12,0.25,0.25,0.08894166839405471,0.5323053349335657,0,12,0,12,0.0,0.0,2.7755575615628914e-17,0.24249400665524085,3,9,0,12,0.25,0.25,0.08894166839405471,0.5323053349335657,0.25,0.25,0.0,0.0,0.25,0.25
nameswap_exchanged_s0__vendor__blind,nameswap_exchanged_s0,vendor,blind,none,Sable,3,9,0,12,0.25,0.25,0.08894166839405471,0.5323053349335657,0,12,0,12,0.0,0.0,2.7755575615628914e-17,0.24249400665524085,3,9,0,12,0.25,0.25,0.08894166839405471,0.5323053349335657,0.25,0.25,0.0,0.0,0.25,0.25
nameswap_exchanged_s0__vendor__candidate,nameswap_exchanged_s0,vendor,candidate,none,Meridian,8,4,0,12,0.6666666666666666,0.6666666666666666,0.39062208887279953,0.8618799089087867,2,10,0,12,0.16666666666666666,0.16666666666666666,0.04696514218385378,0.4480308622529734,8,4,0,12,0.6666666666666666,0.6666666666666666,0.39062208887279953,0.8618799089087867,-0.25,-0.25,0.08333333333333333,0.08333333333333333,-0.25,-0.25
nameswap_exchanged_s0__vendor__candidate,nameswap_exchanged_s0,vendor,candidate,none,Sable,9,3,0,12,0.75,0.75,0.46769466506643426,0.9110583316059453,0,12,0,12,0.0,0.0,2.7755575615628914e-17,0.24249400665524085,9,3,0,12,0.75,0.75,0.46769466506643426,0.9110583316059453,-0.25,-0.16666666666666663,0.0,0.0,-0.25,-0.16666666666666663
nameswap_exchanged_s1__vendor__blind,nameswap_exchanged_s1,vendor,blind,none,Meridian,1,11,0,12,0.08333333333333333,0.08333333333333333,0.014865094404917095,0.35387991114111694,0,12,0,12,0.0,0.0,2.7755575615628914e-17,0.24249400665524085,1,11,0,12,0.08333333333333333,0.08333333333333333,0.014865094404917095,0.35387991114111694,0.08333333333333333,0.08333333333333333,0.0,0.0,0.08333333333333333,0.08333333333333333
nameswap_exchanged_s1__vendor__blind,nameswap_exchanged_s1,vendor,blind,none,Sable,1,11,0,12,0.08333333333333333,0.08333333333333333,0.014865094404917095,0.35387991114111694,0,12,0,12,0.0,0.0,2.7755575615628914e-17,0.24249400665524085,1,11,0,12,0.08333333333333333,0.08333333333333333,0.014865094404917095,0.35387991114111694,0.08333333333333333,0.08333333333333333,0.0,0.0,0.08333333333333333,0.08333333333333333
nameswap_exchanged_s1__vendor__candidate,nameswap_exchanged_s1,vendor,candidate,none,Meridian,8,4,0,12,0.6666666666666666,0.6666666666666666,0.39062208887279953,0.8618799089087867,0,12,0,12,0.0,0.0,2.7755575615628914e-17,0.24249400665524085,8,4,0,12,0.6666666666666666,0.6666666666666666,0.39062208887279953,0.8618799089087867,-0.25,-0.25,-0.08333333333333333,-0.08333333333333333,-0.25,-0.25
nameswap_exchanged_s1__vendor__candidate,nameswap_exchanged_s1,vendor,candidate,none,Sable,9,3,0,12,0.75,0.75,0.46769466506643426,0.9110583316059453,0,12,0,12,0.0,0.0,2.7755575615628914e-17,0.24249400665524085,9,3,0,12,0.75,0.75,0.46769466506643426,0.9110583316059453,-0.25,-0.16666666666666663,0.0,0.0,-0.25,-0.16666666666666663
nameswap_original_s2__vendor__blind,nameswap_original_s2,vendor,blind,none,Meridian,2,10,0,12,0.16666666666666666,0.16666666666666666,0.04696514218385378,0.4480308622529734,0,12,0,12,0.0,0.0,2.7755575615628914e-17,0.24249400665524085,2,10,0,12,0.16666666666666666,0.16666666666666666,0.04696514218385378,0.4480308622529734,0.16666666666666666,0.16666666666666666,0.0,0.0,0.16666666666666666,0.16666666666666666
nameswap_original_s2__vendor__blind,nameswap_original_s2,vendor,blind,none,Sable,1,11,0,12,0.08333333333333333,0.08333333333333333,0.014865094404917095,0.35387991114111694,0,12,0,12,0.0,0.0,2.7755575615628914e-17,0.24249400665524085,1,11,0,12,0.08333333333333333,0.08333333333333333,0.014865094404917095,0.35387991114111694,0.08333333333333333,0.08333333333333333,0.0,0.0,0.08333333333333333,0.08333333333333333
nameswap_original_s2__vendor__candidate,nameswap_original_s2,vendor,candidate,none,Meridian,8,4,0,12,0.6666666666666666,0.6666666666666666,0.39062208887279953,0.8618799089087867,0,12,0,12,0.0,0.0,2.7755575615628914e-17,0.24249400665524085,8,4,0,12,0.6666666666666666,0.6666666666666666,0.39062208887279953,0.8618799089087867,-0.25,-0.25,-0.08333333333333333,-0.08333333333333333,-0.25,-0.25
nameswap_original_s2__vendor__candidate,nameswap_original_s2,vendor,candidate,none,Sable,10,2,0,12,0.8333333333333334,0.8333333333333334,0.5519691377470266,0.9530348578161463,1,11,0,12,0.08333333333333333,0.08333333333333333,0.014865094404917095,0.35387991114111694,10,2,0,12,0.8333333333333334,0.8333333333333334,0.5519691377470266,0.9530348578161463,-0.16666666666666663,-0.08333333333333326,0.08333333333333333,0.08333333333333333,-0.16666666666666663,-0.08333333333333326
nameswap_exchanged_s2__vendor__blind,nameswap_exchanged_s2,vendor,blind,none,Meridian,0,12,0,12,0.0,0.0,2.7755575615628914e-17,0.24249400665524085,0,12,0,12,0.0,0.0,2.7755575615628914e-17,0.24249400665524085,0,12,0,12,0.0,0.0,2.7755575615628914e-17,0.24249400665524085,0.0,0.0,0.0,0.0,0.0,0.0
nameswap_exchanged_s2__vendor__blind,nameswap_exchanged_s2,vendor,blind,none,Sable,1,11,0,12,0.08333333333333333,0.08333333333333333,0.014865094404917095,0.35387991114111694,0,12,0,12,0.0,0.0,2.7755575615628914e-17,0.24249400665524085,1,11,0,12,0.08333333333333333,0.08333333333333333,0.014865094404917095,0.35387991114111694,0.08333333333333333,0.08333333333333333,0.0,0.0,0.08333333333333333,0.08333333333333333
nameswap_exchanged_s2__vendor__candidate,nameswap_exchanged_s2,vendor,candidate,none,Meridian,11,1,0,12,0.9166666666666666,0.9166666666666666,0.646120088858883,0.9851349055950829,0,12,0,12,0.0,0.0,2.7755575615628914e-17,0.24249400665524085,11,1,0,12,0.9166666666666666,0.9166666666666666,0.646120088858883,0.9851349055950829,0.0,0.0,-0.08333333333333333,-0.08333333333333333,0.0,0.0
nameswap_exchanged_s2__vendor__candidate,nameswap_exchanged_s2,vendor,candidate,none,Sable,10,1,1,12,0.8333333333333334,0.9166666666666666,0.5519691377470266,0.9851349055950829,0,12,0,12,0.0,0.0,2.7755575615628914e-17,0.24249400665524085,10,1,1,12,0.8333333333333334,0.9166666666666666,0.5519691377470266,0.9851349055950829,-0.16666666666666663,0.0,0.0,0.0,-0.16666666666666663,0.0
nameswap_original_s3__vendor__blind,nameswap_original_s3,vendor,blind,none,Meridian,2,10,0,12,0.16666666666666666,0.16666666666666666,0.04696514218385378,0.4480308622529734,0,12,0,12,0.0,0.0,2.7755575615628914e-17,0.24249400665524085,2,10,0,12,0.16666666666666666,0.16666666666666666,0.04696514218385378,0.4480308622529734,0.16666666666666666,0.16666666666666666,0.0,0.0,0.16666666666666666,0.16666666666666666
nameswap_original_s3__vendor__blind,nameswap_original_s3,vendor,blind,none,Sable,2,10,0,12,0.16666666666666666,0.16666666666666666,0.04696514218385378,0.4480308622529734,0,12,0,12,0.0,0.0,2.7755575615628914e-17,0.24249400665524085,2,10,0,12,0.16666666666666666,0.16666666666666666,0.04696514218385378,0.4480308622529734,0.16666666666666666,0.16666666666666666,0.0,0.0,0.16666666666666666,0.16666666666666666
nameswap_original_s3__vendor__candidate,nameswap_original_s3,vendor,candidate,none,Meridian,10,2,0,12,0.8333333333333334,0.8333333333333334,0.5519691377470266,0.9530348578161463,0,12,0,12,0.0,0.0,2.7755575615628914e-17,0.24249400665524085,10,2,0,12,0.8333333333333334,0.8333333333333334,0.5519691377470266,0.9530348578161463,-0.08333333333333326,-0.08333333333333326,-0.08333333333333333,-0.08333333333333333,-0.08333333333333326,-0.08333333333333326
nameswap_original_s3__vendor__candidate,nameswap_original_s3,vendor,candidate,none,Sable,9,3,0,12,0.75,0.75,0.46769466506643426,0.9110583316059453,0,12,0,12,0.0,0.0,2.7755575615628914e-17,0.24249400665524085,9,3,0,12,0.75,0.75,0.46769466506643426,0.9110583316059453,-0.25,-0.16666666666666663,0.0,0.0,-0.25,-0.16666666666666663
nameswap_exchanged_s3__vendor__blind,nameswap_exchanged_s3,vendor,blind,none,Meridian,2,10,0,12,0.16666666666666666,0.16666666666666666,0.04696514218385378,0.4480308622529734,0,12,0,12,0.0,0.0,2.7755575615628914e-17,0.24249400665524085,2,10,0,12,0.16666666666666666,0.16666666666666666,0.04696514218385378,0.4480308622529734,0.16666666666666666,0.16666666666666666,0.0,0.0,0.16666666666666666,0.16666666666666666
nameswap_exchanged_s3__vendor__blind,nameswap_exchanged_s3,vendor,blind,none,Sable,4,8,0,12,0.3333333333333333,0.3333333333333333,0.13812009109121315,0.6093779111272004,0,12,0,12,0.0,0.0,2.7755575615628914e-17,0.24249400665524085,4,8,0,12,0.3333333333333333,0.3333333333333333,0.13812009109121315,0.6093779111272004,0.3333333333333333,0.3333333333333333,0.0,0.0,0.3333333333333333,0.3333333333333333
nameswap_exchanged_s3__vendor__candidate,nameswap_exchanged_s3,vendor,candidate,none,Meridian,6,5,1,12,0.5,0.5833333333333334,0.2537815976337061,0.8067396863412435,1,11,0,12,0.08333333333333333,0.08333333333333333,0.014865094404917095,0.35387991114111694,6,5,1,12,0.5,0.5833333333333334,0.2537815976337061,0.8067396863412435,-0.41666666666666663,-0.33333333333333326,0.0,0.0,-0.41666666666666663,-0.33333333333333326
nameswap_exchanged_s3__vendor__candidate,nameswap_exchanged_s3,vendor,candidate,none,Sable,7,5,0,12,0.5833333333333334,0.5833333333333334,0.31951131254954973,0.8067396863412435,0,12,0,12,0.0,0.0,2.7755575615628914e-17,0.24249400665524085,7,5,0,12,0.5833333333333334,0.5833333333333334,0.31951131254954973,0.8067396863412435,-0.41666666666666663,-0.33333333333333326,0.0,0.0,-0.41666666666666663,-0.33333333333333326
nameswap_original_s4__vendor__blind,nameswap_original_s4,vendor,blind,none,Meridian,1,11,0,12,0.08333333333333333,0.08333333333333333,0.014865094404917095,0.35387991114111694,0,12,0,12,0.0,0.0,2.7755575615628914e-17,0.24249400665524085,1,11,0,12,0.08333333333333333,0.08333333333333333,0.014865094404917095,0.35387991114111694,0.08333333333333333,0.08333333333333333,0.0,0.0,0.08333333333333333,0.08333333333333333
nameswap_original_s4__vendor__blind,nameswap_original_s4,vendor,blind,none,Sable,3,9,0,12,0.25,0.25,0.08894166839405471,0.5323053349335657,0,12,0,12,0.0,0.0,2.7755575615628914e-17,0.24249400665524085,3,9,0,12,0.25,0.25,0.08894166839405471,0.5323053349335657,0.25,0.25,0.0,0.0,0.25,0.25
nameswap_original_s4__vendor__candidate,nameswap_original_s4,vendor,candidate,none,Meridian,8,4,0,12,0.6666666666666666,0.6666666666666666,0.39062208887279953,0.8618799089087867,0,12,0,12,0.0,0.0,2.7755575615628914e-17,0.24249400665524085,8,4,0,12,0.6666666666666666,0.6666666666666666,0.39062208887279953,0.8618799089087867,-0.25,-0.25,-0.08333333333333333,-0.08333333333333333,-0.25,-0.25
nameswap_original_s4__vendor__candidate,nameswap_original_s4,vendor,candidate,none,Sable,11,1,0,12,0.9166666666666666,0.9166666666666666,0.646120088858883,0.9851349055950829,0,12,0,12,0.0,0.0,2.7755575615628914e-17,0.24249400665524085,11,1,0,12,0.9166666666666666,0.9166666666666666,0.646120088858883,0.9851349055950829,-0.08333333333333337,0.0,0.0,0.0,-0.08333333333333337,0.0
nameswap_exchanged_s4__vendor__blind,nameswap_exchanged_s4,vendor,blind,none,Meridian,1,11,0,12,0.08333333333333333,0.08333333333333333,0.014865094404917095,0.35387991114111694,0,12,0,12,0.0,0.0,2.7755575615628914e-17,0.24249400665524085,1,11,0,12,0.08333333333333333,0.08333333333333333,0.014865094404917095,0.35387991114111694,0.08333333333333333,0.08333333333333333,0.0,0.0,0.08333333333333333,0.08333333333333333
nameswap_exchanged_s4__vendor__blind,nameswap_exchanged_s4,vendor,blind,none,Sable,1,11,0,12,0.08333333333333333,0.08333333333333333,0.014865094404917095,0.35387991114111694,0,12,0,12,0.0,0.0,2.7755575615628914e-17,0.24249400665524085,1,11,0,12,0.08333333333333333,0.08333333333333333,0.014865094404917095,0.35387991114111694,0.08333333333333333,0.08333333333333333,0.0,0.0,0.08333333333333333,0.08333333333333333
nameswap_exchanged_s4__vendor__candidate,nameswap_exchanged_s4,vendor,candidate,none,Meridian,9,3,0,12,0.75,0.75,0.46769466506643426,0.9110583316059453,0,12,0,12,0.0,0.0,2.7755575615628914e-17,0.24249400665524085,9,3,0,12,0.75,0.75,0.46769466506643426,0.9110583316059453,-0.16666666666666663,-0.16666666666666663,-0.08333333333333333,-0.08333333333333333,-0.16666666666666663,-0.16666666666666663
nameswap_exchanged_s4__vendor__candidate,nameswap_exchanged_s4,vendor,candidate,none,Sable,9,2,1,12,0.75,0.8333333333333334,0.46769466506643426,0.9530348578161463,0,12,0,12,0.0,0.0,2.7755575615628914e-17,0.24249400665524085,9,2,1,12,0.75,0.8333333333333334,0.46769466506643426,0.9530348578161463,-0.25,-0.08333333333333326,0.0,0.0,-0.25,-0.08333333333333326
nameswap_original_s5__vendor__blind,nameswap_original_s5,vendor,blind,none,Meridian,0,12,0,12,0.0,0.0,2.7755575615628914e-17,0.24249400665524085,0,12,0,12,0.0,0.0,2.7755575615628914e-17,0.24249400665524085,0,12,0,12,0.0,0.0,2.7755575615628914e-17,0.24249400665524085,0.0,0.0,0.0,0.0,0.0,0.0
nameswap_original_s5__vendor__blind,nameswap_original_s5,vendor,blind,none,Sable,1,11,0,12,0.08333333333333333,0.08333333333333333,0.014865094404917095,0.35387991114111694,0,12,0,12,0.0,0.0,2.7755575615628914e-17,0.24249400665524085,1,11,0,12,0.08333333333333333,0.08333333333333333,0.014865094404917095,0.35387991114111694,0.08333333333333333,0.08333333333333333,0.0,0.0,0.08333333333333333,0.08333333333333333
nameswap_original_s5__vendor__candidate,nameswap_original_s5,vendor,candidate,none,Meridian,8,4,0,12,0.6666666666666666,0.6666666666666666,0.39062208887279953,0.8618799089087867,0,12,0,12,0.0,0.0,2.7755575615628914e-17,0.24249400665524085,8,4,0,12,0.6666666666666666,0.6666666666666666,0.39062208887279953,0.8618799089087867,-0.25,-0.25,-0.08333333333333333,-0.08333333333333333,-0.25,-0.25
nameswap_original_s5__vendor__candidate,nameswap_original_s5,vendor,candidate,none,Sable,10,2,0,12,0.8333333333333334,0.8333333333333334,0.5519691377470266,0.9530348578161463,0,12,0,12,0.0,0.0,2.7755575615628914e-17,0.24249400665524085,10,2,0,12,0.8333333333333334,0.8333333333333334,0.5519691377470266,0.9530348578161463,-0.16666666666666663,-0.08333333333333326,0.0,0.0,-0.16666666666666663,-0.08333333333333326
nameswap_exchanged_s5__vendor__blind,nameswap_exchanged_s5,vendor,blind,none,Meridian,0,12,0,12,0.0,0.0,2.7755575615628914e-17,0.24249400665524085,0,12,0,12,0.0,0.0,2.7755575615628914e-17,0.24249400665524085,0,12,0,12,0.0,0.0,2.7755575615628914e-17,0.24249400665524085,0.0,0.0,0.0,0.0,0.0,0.0
nameswap_exchanged_s5__vendor__blind,nameswap_exchanged_s5,vendor,blind,none,Sable,2,10,0,12,0.16666666666666666,0.16666666666666666,0.04696514218385378,0.4480308622529734,0,12,0,12,0.0,0.0,2.7755575615628914e-17,0.24249400665524085,2,10,0,12,0.16666666666666666,0.16666666666666666,0.04696514218385378,0.4480308622529734,0.16666666666666666,0.16666666666666666,0.0,0.0,0.16666666666666666,0.16666666666666666
nameswap_exchanged_s5__vendor__candidate,nameswap_exchanged_s5,vendor,candidate,none,Meridian,8,4,0,12,0.6666666666666666,0.6666666666666666,0.39062208887279953,0.8618799089087867,0,12,0,12,0.0,0.0,2.7755575615628914e-17,0.24249400665524085,8,4,0,12,0.6666666666666666,0.6666666666666666,0.39062208887279953,0.8618799089087867,-0.25,-0.25,-0.08333333333333333,-0.08333333333333333,-0.25,-0.25
nameswap_exchanged_s5__vendor__candidate,nameswap_exchanged_s5,vendor,candidate,none,Sable,10,2,0,12,0.8333333333333334,0.8333333333333334,0.5519691377470266,0.9530348578161463,0,12,0,12,0.0,0.0,2.7755575615628914e-17,0.24249400665524085,10,2,0,12,0.8333333333333334,0.8333333333333334,0.5519691377470266,0.9530348578161463,-0.16666666666666663,-0.08333333333333326,0.0,0.0,-0.16666666666666663,-0.08333333333333326
suite2_M_s0__vendor__blind,suite2_M_s0,vendor,blind,none,Meridian,3,9,0,12,0.25,0.25,0.08894166839405471,0.5323053349335657,0,12,0,12,0.0,0.0,2.7755575615628914e-17,0.24249400665524085,3,9,0,12,0.25,0.25,0.08894166839405471,0.5323053349335657,0.25,0.25,0.0,0.0,0.25,0.25
suite2_M_s0__vendor__blind,suite2_M_s0,vendor,blind,none,Sable,0,12,0,12,0.0,0.0,2.7755575615628914e-17,0.24249400665524085,0,12,0,12,0.0,0.0,2.7755575615628914e-17,0.24249400665524085,0,12,0,12,0.0,0.0,2.7755575615628914e-17,0.24249400665524085,0.0,0.0,0.0,0.0,0.0,0.0
suite2_M_s0__vendor__candidate,suite2_M_s0,vendor,candidate,none,Meridian,10,2,0,12,0.8333333333333334,0.8333333333333334,0.5519691377470266,0.9530348578161463,0,12,0,12,0.0,0.0,2.7755575615628914e-17,0.24249400665524085,10,2,0,12,0.8333333333333334,0.8333333333333334,0.5519691377470266,0.9530348578161463,-0.08333333333333326,-0.08333333333333326,-0.08333333333333333,-0.08333333333333333,-0.08333333333333326,-0.08333333333333326
suite2_M_s0__vendor__candidate,suite2_M_s0,vendor,candidate,none,Sable,8,4,0,12,0.6666666666666666,0.6666666666666666,0.39062208887279953,0.8618799089087867,0,12,0,12,0.0,0.0,2.7755575615628914e-17,0.24249400665524085,8,4,0,12,0.6666666666666666,0.6666666666666666,0.39062208887279953,0.8618799089087867,-0.33333333333333337,-0.25,0.0,0.0,-0.33333333333333337,-0.25
suite2_S_s0__vendor__blind,suite2_S_s0,vendor,blind,none,Meridian,0,12,0,12,0.0,0.0,2.7755575615628914e-17,0.24249400665524085,0,12,0,12,0.0,0.0,2.7755575615628914e-17,0.24249400665524085,0,12,0,12,0.0,0.0,2.7755575615628914e-17,0.24249400665524085,0.0,0.0,0.0,0.0,0.0,0.0
suite2_S_s0__vendor__blind,suite2_S_s0,vendor,blind,none,Sable,1,11,0,12,0.08333333333333333,0.08333333333333333,0.014865094404917095,0.35387991114111694,0,12,0,12,0.0,0.0,2.7755575615628914e-17,0.24249400665524085,1,11,0,12,0.08333333333333333,0.08333333333333333,0.014865094404917095,0.35387991114111694,0.08333333333333333,0.08333333333333333,0.0,0.0,0.08333333333333333,0.08333333333333333
suite2_S_s0__vendor__candidate,suite2_S_s0,vendor,candidate,none,Meridian,7,4,1,12,0.5833333333333334,0.6666666666666666,0.31951131254954973,0.8618799089087867,0,12,0,12,0.0,0.0,2.7755575615628914e-17,0.24249400665524085,7,4,1,12,0.5833333333333334,0.6666666666666666,0.31951131254954973,0.8618799089087867,-0.33333333333333326,-0.25,-0.08333333333333333,-0.08333333333333333,-0.33333333333333326,-0.25
suite2_S_s0__vendor__candidate,suite2_S_s0,vendor,candidate,none,Sable,11,1,0,12,0.9166666666666666,0.9166666666666666,0.646120088858883,0.9851349055950829,0,12,0,12,0.0,0.0,2.7755575615628914e-17,0.24249400665524085,11,1,0,12,0.9166666666666666,0.9166666666666666,0.646120088858883,0.9851349055950829,-0.08333333333333337,0.0,0.0,0.0,-0.08333333333333337,0.0
suite2_mixed_s0__vendor__blind,suite2_mixed_s0,vendor,blind,none,Meridian,2,10,0,12,0.16666666666666666,0.16666666666666666,0.04696514218385378,0.4480308622529734,0,12,0,12,0.0,0.0,2.7755575615628914e-17,0.24249400665524085,2,10,0,12,0.16666666666666666,0.16666666666666666,0.04696514218385378,0.4480308622529734,0.16666666666666666,0.16666666666666666,0.0,0.0,0.16666666666666666,0.16666666666666666
suite2_mixed_s0__vendor__blind,suite2_mixed_s0,vendor,blind,none,Sable,1,11,0,12,0.08333333333333333,0.08333333333333333,0.014865094404917095,0.35387991114111694,0,12,0,12,0.0,0.0,2.7755575615628914e-17,0.24249400665524085,1,11,0,12,0.08333333333333333,0.08333333333333333,0.014865094404917095,0.35387991114111694,0.08333333333333333,0.08333333333333333,0.0,0.0,0.08333333333333333,0.08333333333333333
suite2_mixed_s0__vendor__candidate,suite2_mixed_s0,vendor,candidate,none,Meridian,6,6,0,12,0.5,0.5,0.2537815976337061,0.7462184023662939,0,12,0,12,0.0,0.0,2.7755575615628914e-17,0.24249400665524085,6,6,0,12,0.5,0.5,0.2537815976337061,0.7462184023662939,-0.41666666666666663,-0.41666666666666663,-0.08333333333333333,-0.08333333333333333,-0.41666666666666663,-0.41666666666666663
suite2_mixed_s0__vendor__candidate,suite2_mixed_s0,vendor,candidate,none,Sable,11,1,0,12,0.9166666666666666,0.9166666666666666,0.646120088858883,0.9851349055950829,0,12,0,12,0.0,0.0,2.7755575615628914e-17,0.24249400665524085,11,1,0,12,0.9166666666666666,0.9166666666666666,0.646120088858883,0.9851349055950829,-0.08333333333333337,0.0,0.0,0.0,-0.08333333333333337,0.0
suite2_MthenS_s0__vendor__blind,suite2_MthenS_s0,vendor,blind,none,Meridian,0,12,0,12,0.0,0.0,2.7755575615628914e-17,0.24249400665524085,0,12,0,12,0.0,0.0,2.7755575615628914e-17,0.24249400665524085,0,12,0,12,0.0,0.0,2.7755575615628914e-17,0.24249400665524085,0.0,0.0,0.0,0.0,0.0,0.0
suite2_MthenS_s0__vendor__blind,suite2_MthenS_s0,vendor,blind,none,Sable,2,10,0,12,0.16666666666666666,0.16666666666666666,0.04696514218385378,0.4480308622529734,0,12,0,12,0.0,0.0,2.7755575615628914e-17,0.24249400665524085,2,10,0,12,0.16666666666666666,0.16666666666666666,0.04696514218385378,0.4480308622529734,0.16666666666666666,0.16666666666666666,0.0,0.0,0.16666666666666666,0.16666666666666666
suite2_MthenS_s0__vendor__candidate,suite2_MthenS_s0,vendor,candidate,none,Meridian,8,4,0,12,0.6666666666666666,0.6666666666666666,0.39062208887279953,0.8618799089087867,0,12,0,12,0.0,0.0,2.7755575615628914e-17,0.24249400665524085,8,4,0,12,0.6666666666666666,0.6666666666666666,0.39062208887279953,0.8618799089087867,-0.25,-0.25,-0.08333333333333333,-0.08333333333333333,-0.25,-0.25
suite2_MthenS_s0__vendor__candidate,suite2_MthenS_s0,vendor,candidate,none,Sable,11,1,0,12,0.9166666666666666,0.9166666666666666,0.646120088858883,0.9851349055950829,1,11,0,12,0.08333333333333333,0.08333333333333333,0.014865094404917095,0.35387991114111694,11,1,0,12,0.9166666666666666,0.9166666666666666,0.646120088858883,0.9851349055950829,-0.08333333333333337,0.0,0.08333333333333333,0.08333333333333333,-0.08333333333333337,0.0
suite2_SthenM_s0__vendor__blind,suite2_SthenM_s0,vendor,blind,none,Meridian,6,6,0,12,0.5,0.5,0.2537815976337061,0.7462184023662939,0,12,0,12,0.0,0.0,2.7755575615628914e-17,0.24249400665524085,6,6,0,12,0.5,0.5,0.2537815976337061,0.7462184023662939,0.5,0.5,0.0,0.0,0.5,0.5
suite2_SthenM_s0__vendor__blind,suite2_SthenM_s0,vendor,blind,none,Sable,0,12,0,12,0.0,0.0,2.7755575615628914e-17,0.24249400665524085,0,12,0,12,0.0,0.0,2.7755575615628914e-17,0.24249400665524085,0,12,0,12,0.0,0.0,2.7755575615628914e-17,0.24249400665524085,0.0,0.0,0.0,0.0,0.0,0.0
suite2_SthenM_s0__vendor__candidate,suite2_SthenM_s0,vendor,candidate,none,Meridian,8,4,0,12,0.6666666666666666,0.6666666666666666,0.39062208887279953,0.8618799089087867,0,12,0,12,0.0,0.0,2.7755575615628914e-17,0.24249400665524085,8,4,0,12,0.6666666666666666,0.6666666666666666,0.39062208887279953,0.8618799089087867,-0.25,-0.25,-0.08333333333333333,-0.08333333333333333,-0.25,-0.25
suite2_SthenM_s0__vendor__candidate,suite2_SthenM_s0,vendor,candidate,none,Sable,9,3,0,12,0.75,0.75,0.46769466506643426,0.9110583316059453,0,12,0,12,0.0,0.0,2.7755575615628914e-17,0.24249400665524085,9,3,0,12,0.75,0.75,0.46769466506643426,0.9110583316059453,-0.25,-0.16666666666666663,0.0,0.0,-0.25,-0.16666666666666663
suite2_MthenN_s0__vendor__blind,suite2_MthenN_s0,vendor,blind,none,Meridian,1,11,0,12,0.08333333333333333,0.08333333333333333,0.014865094404917095,0.35387991114111694,0,12,0,12,0.0,0.0,2.7755575615628914e-17,0.24249400665524085,1,11,0,12,0.08333333333333333,0.08333333333333333,0.014865094404917095,0.35387991114111694,0.08333333333333333,0.08333333333333333,0.0,0.0,0.08333333333333333,0.08333333333333333
suite2_MthenN_s0__vendor__blind,suite2_MthenN_s0,vendor,blind,none,Sable,0,12,0,12,0.0,0.0,2.7755575615628914e-17,0.24249400665524085,0,12,0,12,0.0,0.0,2.7755575615628914e-17,0.24249400665524085,0,12,0,12,0.0,0.0,2.7755575615628914e-17,0.24249400665524085,0.0,0.0,0.0,0.0,0.0,0.0
suite2_MthenN_s0__vendor__candidate,suite2_MthenN_s0,vendor,candidate,none,Meridian,11,1,0,12,0.9166666666666666,0.9166666666666666,0.646120088858883,0.9851349055950829,0,12,0,12,0.0,0.0,2.7755575615628914e-17,0.24249400665524085,11,1,0,12,0.9166666666666666,0.9166666666666666,0.646120088858883,0.9851349055950829,0.0,0.0,-0.08333333333333333,-0.08333333333333333,0.0,0.0
suite2_MthenN_s0__vendor__candidate,suite2_MthenN_s0,vendor,candidate,none,Sable,11,1,0,12,0.9166666666666666,0.9166666666666666,0.646120088858883,0.9851349055950829,1,11,0,12,0.08333333333333333,0.08333333333333333,0.014865094404917095,0.35387991114111694,11,1,0,12,0.9166666666666666,0.9166666666666666,0.646120088858883,0.9851349055950829,-0.08333333333333337,0.0,0.08333333333333333,0.08333333333333333,-0.08333333333333337,0.0
suite2_SthenN_s0__vendor__blind,suite2_SthenN_s0,vendor,blind,none,Meridian,0,12,0,12,0.0,0.0,2.7755575615628914e-17,0.24249400665524085,0,12,0,12,0.0,0.0,2.7755575615628914e-17,0.24249400665524085,0,12,0,12,0.0,0.0,2.7755575615628914e-17,0.24249400665524085,0.0,0.0,0.0,0.0,0.0,0.0
suite2_SthenN_s0__vendor__blind,suite2_SthenN_s0,vendor,blind,none,Sable,2,10,0,12,0.16666666666666666,0.16666666666666666,0.04696514218385378,0.4480308622529734,0,12,0,12,0.0,0.0,2.7755575615628914e-17,0.24249400665524085,2,10,0,12,0.16666666666666666,0.16666666666666666,0.04696514218385378,0.4480308622529734,0.16666666666666666,0.16666666666666666,0.0,0.0,0.16666666666666666,0.16666666666666666
suite2_SthenN_s0__vendor__candidate,suite2_SthenN_s0,vendor,candidate,none,Meridian,9,3,0,12,0.75,0.75,0.46769466506643426,0.9110583316059453,1,11,0,12,0.08333333333333333,0.08333333333333333,0.014865094404917095,0.35387991114111694,10,2,0,12,0.8333333333333334,0.8333333333333334,0.5519691377470266,0.9530348578161463,-0.16666666666666663,-0.16666666666666663,0.0,0.0,-0.08333333333333326,-0.08333333333333326
suite2_SthenN_s0__vendor__candidate,suite2_SthenN_s0,vendor,candidate,none,Sable,10,2,0,12,0.8333333333333334,0.8333333333333334,0.5519691377470266,0.9530348578161463,0,12,0,12,0.0,0.0,2.7755575615628914e-17,0.24249400665524085,10,2,0,12,0.8333333333333334,0.8333333333333334,0.5519691377470266,0.9530348578161463,-0.16666666666666663,-0.08333333333333326,0.0,0.0,-0.16666666666666663,-0.08333333333333326
suite2_M_s1__vendor__blind,suite2_M_s1,vendor,blind,none,Meridian,4,8,0,12,0.3333333333333333,0.3333333333333333,0.13812009109121315,0.6093779111272004,0,12,0,12,0.0,0.0,2.7755575615628914e-17,0.24249400665524085,4,8,0,12,0.3333333333333333,0.3333333333333333,0.13812009109121315,0.6093779111272004,0.3333333333333333,0.3333333333333333,0.0,0.0,0.3333333333333333,0.3333333333333333
suite2_M_s1__vendor__blind,suite2_M_s1,vendor,blind,none,Sable,0,12,0,12,0.0,0.0,2.7755575615628914e-17,0.24249400665524085,0,12,0,12,0.0,0.0,2.7755575615628914e-17,0.24249400665524085,0,12,0,12,0.0,0.0,2.7755575615628914e-17,0.24249400665524085,0.0,0.0,0.0,0.0,0.0,0.0
suite2_M_s1__vendor__candidate,suite2_M_s1,vendor,candidate,none,Meridian,10,2,0,12,0.8333333333333334,0.8333333333333334,0.5519691377470266,0.9530348578161463,1,11,0,12,0.08333333333333333,0.08333333333333333,0.014865094404917095,0.35387991114111694,10,2,0,12,0.8333333333333334,0.8333333333333334,0.5519691377470266,0.9530348578161463,-0.08333333333333326,-0.08333333333333326,0.0,0.0,-0.08333333333333326,-0.08333333333333326
suite2_M_s1__vendor__candidate,suite2_M_s1,vendor,candidate,none,Sable,7,5,0,12,0.5833333333333334,0.5833333333333334,0.31951131254954973,0.8067396863412435,0,12,0,12,0.0,0.0,2.7755575615628914e-17,0.24249400665524085,7,5,0,12,0.5833333333333334,0.5833333333333334,0.31951131254954973,0.8067396863412435,-0.41666666666666663,-0.33333333333333326,0.0,0.0,-0.41666666666666663,-0.33333333333333326
suite2_S_s1__vendor__blind,suite2_S_s1,vendor,blind,none,Meridian,0,12,0,12,0.0,0.0,2.7755575615628914e-17,0.24249400665524085,0,12,0,12,0.0,0.0,2.7755575615628914e-17,0.24249400665524085,0,12,0,12,0.0,0.0,2.7755575615628914e-17,0.24249400665524085,0.0,0.0,0.0,0.0,0.0,0.0
suite2_S_s1__vendor__blind,suite2_S_s1,vendor,blind,none,Sable,3,9,0,12,0.25,0.25,0.08894166839405471,0.5323053349335657,0,12,0,12,0.0,0.0,2.7755575615628914e-17,0.24249400665524085,3,9,0,12,0.25,0.25,0.08894166839405471,0.5323053349335657,0.25,0.25,0.0,0.0,0.25,0.25
suite2_S_s1__vendor__candidate,suite2_S_s1,vendor,candidate,none,Meridian,8,4,0,12,0.6666666666666666,0.6666666666666666,0.39062208887279953,0.8618799089087867,1,11,0,12,0.08333333333333333,0.08333333333333333,0.014865094404917095,0.35387991114111694,9,3,0,12,0.75,0.75,0.46769466506643426,0.9110583316059453,-0.25,-0.25,0.0,0.0,-0.16666666666666663,-0.16666666666666663
suite2_S_s1__vendor__candidate,suite2_S_s1,vendor,candidate,none,Sable,8,3,1,12,0.6666666666666666,0.75,0.39062208887279953,0.9110583316059453,0,12,0,12,0.0,0.0,2.7755575615628914e-17,0.24249400665524085,8,3,1,12,0.6666666666666666,0.75,0.39062208887279953,0.9110583316059453,-0.33333333333333337,-0.16666666666666663,0.0,0.0,-0.33333333333333337,-0.16666666666666663
suite2_mixed_s1__vendor__blind,suite2_mixed_s1,vendor,blind,none,Meridian,2,10,0,12,0.16666666666666666,0.16666666666666666,0.04696514218385378,0.4480308622529734,0,12,0,12,0.0,0.0,2.7755575615628914e-17,0.24249400665524085,2,10,0,12,0.16666666666666666,0.16666666666666666,0.04696514218385378,0.4480308622529734,0.16666666666666666,0.16666666666666666,0.0,0.0,0.16666666666666666,0.16666666666666666
suite2_mixed_s1__vendor__blind,suite2_mixed_s1,vendor,blind,none,Sable,1,11,0,12,0.08333333333333333,0.08333333333333333,0.014865094404917095,0.35387991114111694,0,12,0,12,0.0,0.0,2.7755575615628914e-17,0.24249400665524085,1,11,0,12,0.08333333333333333,0.08333333333333333,0.014865094404917095,0.35387991114111694,0.08333333333333333,0.08333333333333333,0.0,0.0,0.08333333333333333,0.08333333333333333
suite2_mixed_s1__vendor__candidate,suite2_mixed_s1,vendor,candidate,none,Meridian,10,2,0,12,0.8333333333333334,0.8333333333333334,0.5519691377470266,0.9530348578161463,0,12,0,12,0.0,0.0,2.7755575615628914e-17,0.24249400665524085,10,2,0,12,0.8333333333333334,0.8333333333333334,0.5519691377470266,0.9530348578161463,-0.08333333333333326,-0.08333333333333326,-0.08333333333333333,-0.08333333333333333,-0.08333333333333326,-0.08333333333333326
suite2_mixed_s1__vendor__candidate,suite2_mixed_s1,vendor,candidate,none,Sable,9,3,0,12,0.75,0.75,0.46769466506643426,0.9110583316059453,0,12,0,12,0.0,0.0,2.7755575615628914e-17,0.24249400665524085,9,3,0,12,0.75,0.75,0.46769466506643426,0.9110583316059453,-0.25,-0.16666666666666663,0.0,0.0,-0.25,-0.16666666666666663
suite2_MthenS_s1__vendor__blind,suite2_MthenS_s1,vendor,blind,none,Meridian,0,12,0,12,0.0,0.0,2.7755575615628914e-17,0.24249400665524085,0,12,0,12,0.0,0.0,2.7755575615628914e-17,0.24249400665524085,0,12,0,12,0.0,0.0,2.7755575615628914e-17,0.24249400665524085,0.0,0.0,0.0,0.0,0.0,0.0
suite2_MthenS_s1__vendor__blind,suite2_MthenS_s1,vendor,blind,none,Sable,4,8,0,12,0.3333333333333333,0.3333333333333333,0.13812009109121315,0.6093779111272004,0,12,0,12,0.0,0.0,2.7755575615628914e-17,0.24249400665524085,4,8,0,12,0.3333333333333333,0.3333333333333333,0.13812009109121315,0.6093779111272004,0.3333333333333333,0.3333333333333333,0.0,0.0,0.3333333333333333,0.3333333333333333
suite2_MthenS_s1__vendor__candidate,suite2_MthenS_s1,vendor,candidate,none,Meridian,8,4,0,12,0.6666666666666666,0.6666666666666666,0.39062208887279953,0.8618799089087867,0,12,0,12,0.0,0.0,2.7755575615628914e-17,0.24249400665524085,8,4,0,12,0.6666666666666666,0.6666666666666666,0.39062208887279953,0.8618799089087867,-0.25,-0.25,-0.08333333333333333,-0.08333333333333333,-0.25,-0.25
suite2_MthenS_s1__vendor__candidate,suite2_MthenS_s1,vendor,candidate,none,Sable,12,0,0,12,1.0,1.0,0.7575059933447592,1.0,2,10,0,12,0.16666666666666666,0.16666666666666666,0.04696514218385378,0.4480308622529734,12,0,0,12,1.0,1.0,0.7575059933447592,1.0,0.0,0.08333333333333337,0.16666666666666666,0.16666666666666666,0.0,0.08333333333333337
suite2_SthenM_s1__vendor__blind,suite2_SthenM_s1,vendor,blind,none,Meridian,3,9,0,12,0.25,0.25,0.08894166839405471,0.5323053349335657,1,11,0,12,0.08333333333333333,0.08333333333333333,0.014865094404917095,0.35387991114111694,3,9,0,12,0.25,0.25,0.08894166839405471,0.5323053349335657,0.25,0.25,0.08333333333333333,0.08333333333333333,0.25,0.25
suite2_SthenM_s1__vendor__blind,suite2_SthenM_s1,vendor,blind,none,Sable,0,12,0,12,0.0,0.0,2.7755575615628914e-17,0.24249400665524085,0,12,0,12,0.0,0.0,2.7755575615628914e-17,0.24249400665524085,0,12,0,12,0.0,0.0,2.7755575615628914e-17,0.24249400665524085,0.0,0.0,0.0,0.0,0.0,0.0
suite2_SthenM_s1__vendor__candidate,suite2_SthenM_s1,vendor,candidate,none,Meridian,7,5,0,12,0.5833333333333334,0.5833333333333334,0.31951131254954973,0.8067396863412435,0,12,0,12,0.0,0.0,2.7755575615628914e-17,0.24249400665524085,7,5,0,12,0.5833333333333334,0.5833333333333334,0.31951131254954973,0.8067396863412435,-0.33333333333333326,-0.33333333333333326,-0.08333333333333333,-0.08333333333333333,-0.33333333333333326,-0.33333333333333326
suite2_SthenM_s1__vendor__candidate,suite2_SthenM_s1,vendor,candidate,none,Sable,8,4,0,12,0.6666666666666666,0.6666666666666666,0.39062208887279953,0.8618799089087867,0,12,0,12,0.0,0.0,2.7755575615628914e-17,0.24249400665524085,8,4,0,12,0.6666666666666666,0.6666666666666666,0.39062208887279953,0.8618799089087867,-0.33333333333333337,-0.25,0.0,0.0,-0.33333333333333337,-0.25
suite2_MthenN_s1__vendor__blind,suite2_MthenN_s1,vendor,blind,none,Meridian,1,11,0,12,0.08333333333333333,0.08333333333333333,0.014865094404917095,0.35387991114111694,0,12,0,12,0.0,0.0,2.7755575615628914e-17,0.24249400665524085,1,11,0,12,0.08333333333333333,0.08333333333333333,0.014865094404917095,0.35387991114111694,0.08333333333333333,0.08333333333333333,0.0,0.0,0.08333333333333333,0.08333333333333333
suite2_MthenN_s1__vendor__blind,suite2_MthenN_s1,vendor,blind,none,Sable,0,12,0,12,0.0,0.0,2.7755575615628914e-17,0.24249400665524085,0,12,0,12,0.0,0.0,2.7755575615628914e-17,0.24249400665524085,0,12,0,12,0.0,0.0,2.7755575615628914e-17,0.24249400665524085,0.0,0.0,0.0,0.0,0.0,0.0
suite2_MthenN_s1__vendor__candidate,suite2_MthenN_s1,vendor,candidate,none,Meridian,9,3,0,12,0.75,0.75,0.46769466506643426,0.9110583316059453,0,12,0,12,0.0,0.0,2.7755575615628914e-17,0.24249400665524085,9,3,0,12,0.75,0.75,0.46769466506643426,0.9110583316059453,-0.16666666666666663,-0.16666666666666663,-0.08333333333333333,-0.08333333333333333,-0.16666666666666663,-0.16666666666666663
suite2_MthenN_s1__vendor__candidate,suite2_MthenN_s1,vendor,candidate,none,Sable,10,2,0,12,0.8333333333333334,0.8333333333333334,0.5519691377470266,0.9530348578161463,0,12,0,12,0.0,0.0,2.7755575615628914e-17,0.24249400665524085,10,2,0,12,0.8333333333333334,0.8333333333333334,0.5519691377470266,0.9530348578161463,-0.16666666666666663,-0.08333333333333326,0.0,0.0,-0.16666666666666663,-0.08333333333333326
suite2_SthenN_s1__vendor__blind,suite2_SthenN_s1,vendor,blind,none,Meridian,0,12,0,12,0.0,0.0,2.7755575615628914e-17,0.24249400665524085,0,12,0,12,0.0,0.0,2.7755575615628914e-17,0.24249400665524085,0,12,0,12,0.0,0.0,2.7755575615628914e-17,0.24249400665524085,0.0,0.0,0.0,0.0,0.0,0.0
suite2_SthenN_s1__vendor__blind,suite2_SthenN_s1,vendor,blind,none,Sable,1,11,0,12,0.08333333333333333,0.08333333333333333,0.014865094404917095,0.35387991114111694,0,12,0,12,0.0,0.0,2.7755575615628914e-17,0.24249400665524085,1,11,0,12,0.08333333333333333,0.08333333333333333,0.014865094404917095,0.35387991114111694,0.08333333333333333,0.08333333333333333,0.0,0.0,0.08333333333333333,0.08333333333333333
suite2_SthenN_s1__vendor__candidate,suite2_SthenN_s1,vendor,candidate,none,Meridian,9,3,0,12,0.75,0.75,0.46769466506643426,0.9110583316059453,0,12,0,12,0.0,0.0,2.7755575615628914e-17,0.24249400665524085,9,3,0,12,0.75,0.75,0.46769466506643426,0.9110583316059453,-0.16666666666666663,-0.16666666666666663,-0.08333333333333333,-0.08333333333333333,-0.16666666666666663,-0.16666666666666663
suite2_SthenN_s1__vendor__candidate,suite2_SthenN_s1,vendor,candidate,none,Sable,12,0,0,12,1.0,1.0,0.7575059933447592,1.0,1,11,0,12,0.08333333333333333,0.08333333333333333,0.014865094404917095,0.35387991114111694,12,0,0,12,1.0,1.0,0.7575059933447592,1.0,0.0,0.08333333333333337,0.08333333333333333,0.08333333333333333,0.0,0.08333333333333337
suite2_M_s2__vendor__blind,suite2_M_s2,vendor,blind,none,Meridian,2,10,0,12,0.16666666666666666,0.16666666666666666,0.04696514218385378,0.4480308622529734,0,12,0,12,0.0,0.0,2.7755575615628914e-17,0.24249400665524085,2,10,0,12,0.16666666666666666,0.16666666666666666,0.04696514218385378,0.4480308622529734,0.16666666666666666,0.16666666666666666,0.0,0.0,0.16666666666666666,0.16666666666666666
suite2_M_s2__vendor__blind,suite2_M_s2,vendor,blind,none,Sable,0,12,0,12,0.0,0.0,2.7755575615628914e-17,0.24249400665524085,0,12,0,12,0.0,0.0,2.7755575615628914e-17,0.24249400665524085,0,12,0,12,0.0,0.0,2.7755575615628914e-17,0.24249400665524085,0.0,0.0,0.0,0.0,0.0,0.0
suite2_M_s2__vendor__candidate,suite2_M_s2,vendor,candidate,none,Meridian,8,4,0,12,0.6666666666666666,0.6666666666666666,0.39062208887279953,0.8618799089087867,0,12,0,12,0.0,0.0,2.7755575615628914e-17,0.24249400665524085,8,4,0,12,0.6666666666666666,0.6666666666666666,0.39062208887279953,0.8618799089087867,-0.25,-0.25,-0.08333333333333333,-0.08333333333333333,-0.25,-0.25
suite2_M_s2__vendor__candidate,suite2_M_s2,vendor,candidate,none,Sable,8,4,0,12,0.6666666666666666,0.6666666666666666,0.39062208887279953,0.8618799089087867,0,12,0,12,0.0,0.0,2.7755575615628914e-17,0.24249400665524085,8,4,0,12,0.6666666666666666,0.6666666666666666,0.39062208887279953,0.8618799089087867,-0.33333333333333337,-0.25,0.0,0.0,-0.33333333333333337,-0.25
suite2_S_s2__vendor__blind,suite2_S_s2,vendor,blind,none,Meridian,0,12,0,12,0.0,0.0,2.7755575615628914e-17,0.24249400665524085,0,12,0,12,0.0,0.0,2.7755575615628914e-17,0.24249400665524085,0,12,0,12,0.0,0.0,2.7755575615628914e-17,0.24249400665524085,0.0,0.0,0.0,0.0,0.0,0.0
suite2_S_s2__vendor__blind,suite2_S_s2,vendor,blind,none,Sable,2,10,0,12,0.16666666666666666,0.16666666666666666,0.04696514218385378,0.4480308622529734,1,11,0,12,0.08333333333333333,0.08333333333333333,0.014865094404917095,0.35387991114111694,2,10,0,12,0.16666666666666666,0.16666666666666666,0.04696514218385378,0.4480308622529734,0.16666666666666666,0.16666666666666666,0.08333333333333333,0.08333333333333333,0.16666666666666666,0.16666666666666666
suite2_S_s2__vendor__candidate,suite2_S_s2,vendor,candidate,none,Meridian,9,3,0,12,0.75,0.75,0.46769466506643426,0.9110583316059453,0,12,0,12,0.0,0.0,2.7755575615628914e-17,0.24249400665524085,9,3,0,12,0.75,0.75,0.46769466506643426,0.9110583316059453,-0.16666666666666663,-0.16666666666666663,-0.08333333333333333,-0.08333333333333333,-0.16666666666666663,-0.16666666666666663
suite2_S_s2__vendor__candidate,suite2_S_s2,vendor,candidate,none,Sable,9,3,0,12,0.75,0.75,0.46769466506643426,0.9110583316059453,0,12,0,12,0.0,0.0,2.7755575615628914e-17,0.24249400665524085,9,3,0,12,0.75,0.75,0.46769466506643426,0.9110583316059453,-0.25,-0.16666666666666663,0.0,0.0,-0.25,-0.16666666666666663
suite2_mixed_s2__vendor__blind,suite2_mixed_s2,vendor,blind,none,Meridian,3,9,0,12,0.25,0.25,0.08894166839405471,0.5323053349335657,0,12,0,12,0.0,0.0,2.7755575615628914e-17,0.24249400665524085,3,9,0,12,0.25,0.25,0.08894166839405471,0.5323053349335657,0.25,0.25,0.0,0.0,0.25,0.25
suite2_mixed_s2__vendor__blind,suite2_mixed_s2,vendor,blind,none,Sable,2,10,0,12,0.16666666666666666,0.16666666666666666,0.04696514218385378,0.4480308622529734,0,12,0,12,0.0,0.0,2.7755575615628914e-17,0.24249400665524085,2,10,0,12,0.16666666666666666,0.16666666666666666,0.04696514218385378,0.4480308622529734,0.16666666666666666,0.16666666666666666,0.0,0.0,0.16666666666666666,0.16666666666666666
suite2_mixed_s2__vendor__candidate,suite2_mixed_s2,vendor,candidate,none,Meridian,9,3,0,12,0.75,0.75,0.46769466506643426,0.9110583316059453,1,11,0,12,0.08333333333333333,0.08333333333333333,0.014865094404917095,0.35387991114111694,10,2,0,12,0.8333333333333334,0.8333333333333334,0.5519691377470266,0.9530348578161463,-0.16666666666666663,-0.16666666666666663,0.0,0.0,-0.08333333333333326,-0.08333333333333326
suite2_mixed_s2__vendor__candidate,suite2_mixed_s2,vendor,candidate,none,Sable,10,2,0,12,0.8333333333333334,0.8333333333333334,0.5519691377470266,0.9530348578161463,0,12,0,12,0.0,0.0,2.7755575615628914e-17,0.24249400665524085,10,2,0,12,0.8333333333333334,0.8333333333333334,0.5519691377470266,0.9530348578161463,-0.16666666666666663,-0.08333333333333326,0.0,0.0,-0.16666666666666663,-0.08333333333333326
suite2_MthenS_s2__vendor__blind,suite2_MthenS_s2,vendor,blind,none,Meridian,0,12,0,12,0.0,0.0,2.7755575615628914e-17,0.24249400665524085,0,12,0,12,0.0,0.0,2.7755575615628914e-17,0.24249400665524085,0,12,0,12,0.0,0.0,2.7755575615628914e-17,0.24249400665524085,0.0,0.0,0.0,0.0,0.0,0.0
suite2_MthenS_s2__vendor__blind,suite2_MthenS_s2,vendor,blind,none,Sable,4,8,0,12,0.3333333333333333,0.3333333333333333,0.13812009109121315,0.6093779111272004,0,12,0,12,0.0,0.0,2.7755575615628914e-17,0.24249400665524085,4,8,0,12,0.3333333333333333,0.3333333333333333,0.13812009109121315,0.6093779111272004,0.3333333333333333,0.3333333333333333,0.0,0.0,0.3333333333333333,0.3333333333333333
suite2_MthenS_s2__vendor__candidate,suite2_MthenS_s2,vendor,candidate,none,Meridian,3,9,0,12,0.25,0.25,0.08894166839405471,0.5323053349335657,0,12,0,12,0.0,0.0,2.7755575615628914e-17,0.24249400665524085,3,9,0,12,0.25,0.25,0.08894166839405471,0.5323053349335657,-0.6666666666666666,-0.6666666666666666,-0.08333333333333333,-0.08333333333333333,-0.6666666666666666,-0.6666666666666666
suite2_MthenS_s2__vendor__candidate,suite2_MthenS_s2,vendor,candidate,none,Sable,10,2,0,12,0.8333333333333334,0.8333333333333334,0.5519691377470266,0.9530348578161463,0,12,0,12,0.0,0.0,2.7755575615628914e-17,0.24249400665524085,10,2,0,12,0.8333333333333334,0.8333333333333334,0.5519691377470266,0.9530348578161463,-0.16666666666666663,-0.08333333333333326,0.0,0.0,-0.16666666666666663,-0.08333333333333326
suite2_SthenM_s2__vendor__blind,suite2_SthenM_s2,vendor,blind,none,Meridian,2,10,0,12,0.16666666666666666,0.16666666666666666,0.04696514218385378,0.4480308622529734,0,12,0,12,0.0,0.0,2.7755575615628914e-17,0.24249400665524085,2,10,0,12,0.16666666666666666,0.16666666666666666,0.04696514218385378,0.4480308622529734,0.16666666666666666,0.16666666666666666,0.0,0.0,0.16666666666666666,0.16666666666666666
suite2_SthenM_s2__vendor__blind,suite2_SthenM_s2,vendor,blind,none,Sable,1,11,0,12,0.08333333333333333,0.08333333333333333,0.014865094404917095,0.35387991114111694,0,12,0,12,0.0,0.0,2.7755575615628914e-17,0.24249400665524085,1,11,0,12,0.08333333333333333,0.08333333333333333,0.014865094404917095,0.35387991114111694,0.08333333333333333,0.08333333333333333,0.0,0.0,0.08333333333333333,0.08333333333333333
suite2_SthenM_s2__vendor__candidate,suite2_SthenM_s2,vendor,candidate,none,Meridian,11,1,0,12,0.9166666666666666,0.9166666666666666,0.646120088858883,0.9851349055950829,0,12,0,12,0.0,0.0,2.7755575615628914e-17,0.24249400665524085,11,1,0,12,0.9166666666666666,0.9166666666666666,0.646120088858883,0.9851349055950829,0.0,0.0,-0.08333333333333333,-0.08333333333333333,0.0,0.0
suite2_SthenM_s2__vendor__candidate,suite2_SthenM_s2,vendor,candidate,none,Sable,11,1,0,12,0.9166666666666666,0.9166666666666666,0.646120088858883,0.9851349055950829,0,12,0,12,0.0,0.0,2.7755575615628914e-17,0.24249400665524085,11,1,0,12,0.9166666666666666,0.9166666666666666,0.646120088858883,0.9851349055950829,-0.08333333333333337,0.0,0.0,0.0,-0.08333333333333337,0.0
suite2_MthenN_s2__vendor__blind,suite2_MthenN_s2,vendor,blind,none,Meridian,2,10,0,12,0.16666666666666666,0.16666666666666666,0.04696514218385378,0.4480308622529734,0,12,0,12,0.0,0.0,2.7755575615628914e-17,0.24249400665524085,2,10,0,12,0.16666666666666666,0.16666666666666666,0.04696514218385378,0.4480308622529734,0.16666666666666666,0.16666666666666666,0.0,0.0,0.16666666666666666,0.16666666666666666
suite2_MthenN_s2__vendor__blind,suite2_MthenN_s2,vendor,blind,none,Sable,0,12,0,12,0.0,0.0,2.7755575615628914e-17,0.24249400665524085,0,12,0,12,0.0,0.0,2.7755575615628914e-17,0.24249400665524085,0,12,0,12,0.0,0.0,2.7755575615628914e-17,0.24249400665524085,0.0,0.0,0.0,0.0,0.0,0.0
suite2_MthenN_s2__vendor__candidate,suite2_MthenN_s2,vendor,candidate,none,Meridian,9,3,0,12,0.75,0.75,0.46769466506643426,0.9110583316059453,2,10,0,12,0.16666666666666666,0.16666666666666666,0.04696514218385378,0.4480308622529734,9,3,0,12,0.75,0.75,0.46769466506643426,0.9110583316059453,-0.16666666666666663,-0.16666666666666663,0.08333333333333333,0.08333333333333333,-0.16666666666666663,-0.16666666666666663
suite2_MthenN_s2__vendor__candidate,suite2_MthenN_s2,vendor,candidate,none,Sable,8,4,0,12,0.6666666666666666,0.6666666666666666,0.39062208887279953,0.8618799089087867,0,12,0,12,0.0,0.0,2.7755575615628914e-17,0.24249400665524085,8,4,0,12,0.6666666666666666,0.6666666666666666,0.39062208887279953,0.8618799089087867,-0.33333333333333337,-0.25,0.0,0.0,-0.33333333333333337,-0.25
suite2_SthenN_s2__vendor__blind,suite2_SthenN_s2,vendor,blind,none,Meridian,0,12,0,12,0.0,0.0,2.7755575615628914e-17,0.24249400665524085,0,12,0,12,0.0,0.0,2.7755575615628914e-17,0.24249400665524085,0,12,0,12,0.0,0.0,2.7755575615628914e-17,0.24249400665524085,0.0,0.0,0.0,0.0,0.0,0.0
suite2_SthenN_s2__vendor__blind,suite2_SthenN_s2,vendor,blind,none,Sable,2,10,0,12,0.16666666666666666,0.16666666666666666,0.04696514218385378,0.4480308622529734,0,12,0,12,0.0,0.0,2.7755575615628914e-17,0.24249400665524085,2,10,0,12,0.16666666666666666,0.16666666666666666,0.04696514218385378,0.4480308622529734,0.16666666666666666,0.16666666666666666,0.0,0.0,0.16666666666666666,0.16666666666666666
suite2_SthenN_s2__vendor__candidate,suite2_SthenN_s2,vendor,candidate,none,Meridian,8,4,0,12,0.6666666666666666,0.6666666666666666,0.39062208887279953,0.8618799089087867,1,11,0,12,0.08333333333333333,0.08333333333333333,0.014865094404917095,0.35387991114111694,8,4,0,12,0.6666666666666666,0.6666666666666666,0.39062208887279953,0.8618799089087867,-0.25,-0.25,0.0,0.0,-0.25,-0.25
suite2_SthenN_s2__vendor__candidate,suite2_SthenN_s2,vendor,candidate,none,Sable,9,3,0,12,0.75,0.75,0.46769466506643426,0.9110583316059453,1,11,0,12,0.08333333333333333,0.08333333333333333,0.014865094404917095,0.35387991114111694,9,3,0,12,0.75,0.75,0.46769466506643426,0.9110583316059453,-0.25,-0.16666666666666663,0.08333333333333333,0.08333333333333333,-0.25,-0.16666666666666663
suite2_M_s3__vendor__blind,suite2_M_s3,vendor,blind,none,Meridian,4,8,0,12,0.3333333333333333,0.3333333333333333,0.13812009109121315,0.6093779111272004,0,12,0,12,0.0,0.0,2.7755575615628914e-17,0.24249400665524085,4,8,0,12,0.3333333333333333,0.3333333333333333,0.13812009109121315,0.6093779111272004,0.3333333333333333,0.3333333333333333,0.0,0.0,0.3333333333333333,0.3333333333333333
suite2_M_s3__vendor__blind,suite2_M_s3,vendor,blind,none,Sable,0,12,0,12,0.0,0.0,2.7755575615628914e-17,0.24249400665524085,0,12,0,12,0.0,0.0,2.7755575615628914e-17,0.24249400665524085,0,12,0,12,0.0,0.0,2.7755575615628914e-17,0.24249400665524085,0.0,0.0,0.0,0.0,0.0,0.0
suite2_M_s3__vendor__candidate,suite2_M_s3,vendor,candidate,none,Meridian,10,2,0,12,0.8333333333333334,0.8333333333333334,0.5519691377470266,0.9530348578161463,0,12,0,12,0.0,0.0,2.7755575615628914e-17,0.24249400665524085,10,2,0,12,0.8333333333333334,0.8333333333333334,0.5519691377470266,0.9530348578161463,-0.08333333333333326,-0.08333333333333326,-0.08333333333333333,-0.08333333333333333,-0.08333333333333326,-0.08333333333333326
suite2_M_s3__vendor__candidate,suite2_M_s3,vendor,candidate,none,Sable,9,3,0,12,0.75,0.75,0.46769466506643426,0.9110583316059453,1,11,0,12,0.08333333333333333,0.08333333333333333,0.014865094404917095,0.35387991114111694,9,3,0,12,0.75,0.75,0.46769466506643426,0.9110583316059453,-0.25,-0.16666666666666663,0.08333333333333333,0.08333333333333333,-0.25,-0.16666666666666663
suite2_S_s3__vendor__blind,suite2_S_s3,vendor,blind,none,Meridian,0,12,0,12,0.0,0.0,2.7755575615628914e-17,0.24249400665524085,0,12,0,12,0.0,0.0,2.7755575615628914e-17,0.24249400665524085,0,12,0,12,0.0,0.0,2.7755575615628914e-17,0.24249400665524085,0.0,0.0,0.0,0.0,0.0,0.0
suite2_S_s3__vendor__blind,suite2_S_s3,vendor,blind,none,Sable,3,9,0,12,0.25,0.25,0.08894166839405471,0.5323053349335657,0,12,0,12,0.0,0.0,2.7755575615628914e-17,0.24249400665524085,3,9,0,12,0.25,0.25,0.08894166839405471,0.5323053349335657,0.25,0.25,0.0,0.0,0.25,0.25
suite2_S_s3__vendor__candidate,suite2_S_s3,vendor,candidate,none,Meridian,5,7,0,12,0.4166666666666667,0.4166666666666667,0.19326031365875665,0.6804886874504503,0,12,0,12,0.0,0.0,2.7755575615628914e-17,0.24249400665524085,5,7,0,12,0.4166666666666667,0.4166666666666667,0.19326031365875665,0.6804886874504503,-0.49999999999999994,-0.49999999999999994,-0.08333333333333333,-0.08333333333333333,-0.49999999999999994,-0.49999999999999994
suite2_S_s3__vendor__candidate,suite2_S_s3,vendor,candidate,none,Sable,10,2,0,12,0.8333333333333334,0.8333333333333334,0.5519691377470266,0.9530348578161463,0,12,0,12,0.0,0.0,2.7755575615628914e-17,0.24249400665524085,10,2,0,12,0.8333333333333334,0.8333333333333334,0.5519691377470266,0.9530348578161463,-0.16666666666666663,-0.08333333333333326,0.0,0.0,-0.16666666666666663,-0.08333333333333326
suite2_mixed_s3__vendor__blind,suite2_mixed_s3,vendor,blind,none,Meridian,4,8,0,12,0.3333333333333333,0.3333333333333333,0.13812009109121315,0.6093779111272004,0,12,0,12,0.0,0.0,2.7755575615628914e-17,0.24249400665524085,4,8,0,12,0.3333333333333333,0.3333333333333333,0.13812009109121315,0.6093779111272004,0.3333333333333333,0.3333333333333333,0.0,0.0,0.3333333333333333,0.3333333333333333
suite2_mixed_s3__vendor__blind,suite2_mixed_s3,vendor,blind,none,Sable,1,11,0,12,0.08333333333333333,0.08333333333333333,0.014865094404917095,0.35387991114111694,0,12,0,12,0.0,0.0,2.7755575615628914e-17,0.24249400665524085,1,11,0,12,0.08333333333333333,0.08333333333333333,0.014865094404917095,0.35387991114111694,0.08333333333333333,0.08333333333333333,0.0,0.0,0.08333333333333333,0.08333333333333333
suite2_mixed_s3__vendor__candidate,suite2_mixed_s3,vendor,candidate,none,Meridian,11,1,0,12,0.9166666666666666,0.9166666666666666,0.646120088858883,0.9851349055950829,0,12,0,12,0.0,0.0,2.7755575615628914e-17,0.24249400665524085,11,1,0,12,0.9166666666666666,0.9166666666666666,0.646120088858883,0.9851349055950829,0.0,0.0,-0.08333333333333333,-0.08333333333333333,0.0,0.0
suite2_mixed_s3__vendor__candidate,suite2_mixed_s3,vendor,candidate,none,Sable,10,2,0,12,0.8333333333333334,0.8333333333333334,0.5519691377470266,0.9530348578161463,0,12,0,12,0.0,0.0,2.7755575615628914e-17,0.24249400665524085,10,2,0,12,0.8333333333333334,0.8333333333333334,0.5519691377470266,0.9530348578161463,-0.16666666666666663,-0.08333333333333326,0.0,0.0,-0.16666666666666663,-0.08333333333333326
suite2_MthenS_s3__vendor__blind,suite2_MthenS_s3,vendor,blind,none,Meridian,0,12,0,12,0.0,0.0,2.7755575615628914e-17,0.24249400665524085,0,12,0,12,0.0,0.0,2.7755575615628914e-17,0.24249400665524085,0,12,0,12,0.0,0.0,2.7755575615628914e-17,0.24249400665524085,0.0,0.0,0.0,0.0,0.0,0.0
suite2_MthenS_s3__vendor__blind,suite2_MthenS_s3,vendor,blind,none,Sable,3,9,0,12,0.25,0.25,0.08894166839405471,0.5323053349335657,0,12,0,12,0.0,0.0,2.7755575615628914e-17,0.24249400665524085,3,9,0,12,0.25,0.25,0.08894166839405471,0.5323053349335657,0.25,0.25,0.0,0.0,0.25,0.25
suite2_MthenS_s3__vendor__candidate,suite2_MthenS_s3,vendor,candidate,none,Meridian,9,3,0,12,0.75,0.75,0.46769466506643426,0.9110583316059453,1,11,0,12,0.08333333333333333,0.08333333333333333,0.014865094404917095,0.35387991114111694,9,3,0,12,0.75,0.75,0.46769466506643426,0.9110583316059453,-0.16666666666666663,-0.16666666666666663,0.0,0.0,-0.16666666666666663,-0.16666666666666663
suite2_MthenS_s3__vendor__candidate,suite2_MthenS_s3,vendor,candidate,none,Sable,10,2,0,12,0.8333333333333334,0.8333333333333334,0.5519691377470266,0.9530348578161463,2,10,0,12,0.16666666666666666,0.16666666666666666,0.04696514218385378,0.4480308622529734,10,2,0,12,0.8333333333333334,0.8333333333333334,0.5519691377470266,0.9530348578161463,-0.16666666666666663,-0.08333333333333326,0.16666666666666666,0.16666666666666666,-0.16666666666666663,-0.08333333333333326
suite2_SthenM_s3__vendor__blind,suite2_SthenM_s3,vendor,blind,none,Meridian,4,8,0,12,0.3333333333333333,0.3333333333333333,0.13812009109121315,0.6093779111272004,1,11,0,12,0.08333333333333333,0.08333333333333333,0.014865094404917095,0.35387991114111694,4,8,0,12,0.3333333333333333,0.3333333333333333,0.13812009109121315,0.6093779111272004,0.3333333333333333,0.3333333333333333,0.08333333333333333,0.08333333333333333,0.3333333333333333,0.3333333333333333
suite2_SthenM_s3__vendor__blind,suite2_SthenM_s3,vendor,blind,none,Sable,1,11,0,12,0.08333333333333333,0.08333333333333333,0.014865094404917095,0.35387991114111694,1,11,0,12,0.08333333333333333,0.08333333333333333,0.014865094404917095,0.35387991114111694,1,11,0,12,0.08333333333333333,0.08333333333333333,0.014865094404917095,0.35387991114111694,0.08333333333333333,0.08333333333333333,0.08333333333333333,0.08333333333333333,0.08333333333333333,0.08333333333333333
suite2_SthenM_s3__vendor__candidate,suite2_SthenM_s3,vendor,candidate,none,Meridian,9,2,1,12,0.75,0.8333333333333334,0.46769466506643426,0.9530348578161463,0,12,0,12,0.0,0.0,2.7755575615628914e-17,0.24249400665524085,9,2,1,12,0.75,0.8333333333333334,0.46769466506643426,0.9530348578161463,-0.16666666666666663,-0.08333333333333326,-0.08333333333333333,-0.08333333333333333,-0.16666666666666663,-0.08333333333333326
suite2_SthenM_s3__vendor__candidate,suite2_SthenM_s3,vendor,candidate,none,Sable,11,1,0,12,0.9166666666666666,0.9166666666666666,0.646120088858883,0.9851349055950829,0,12,0,12,0.0,0.0,2.7755575615628914e-17,0.24249400665524085,11,1,0,12,0.9166666666666666,0.9166666666666666,0.646120088858883,0.9851349055950829,-0.08333333333333337,0.0,0.0,0.0,-0.08333333333333337,0.0
suite2_MthenN_s3__vendor__blind,suite2_MthenN_s3,vendor,blind,none,Meridian,1,11,0,12,0.08333333333333333,0.08333333333333333,0.014865094404917095,0.35387991114111694,0,12,0,12,0.0,0.0,2.7755575615628914e-17,0.24249400665524085,1,11,0,12,0.08333333333333333,0.08333333333333333,0.014865094404917095,0.35387991114111694,0.08333333333333333,0.08333333333333333,0.0,0.0,0.08333333333333333,0.08333333333333333
suite2_MthenN_s3__vendor__blind,suite2_MthenN_s3,vendor,blind,none,Sable,0,12,0,12,0.0,0.0,2.7755575615628914e-17,0.24249400665524085,0,12,0,12,0.0,0.0,2.7755575615628914e-17,0.24249400665524085,0,12,0,12,0.0,0.0,2.7755575615628914e-17,0.24249400665524085,0.0,0.0,0.0,0.0,0.0,0.0
suite2_MthenN_s3__vendor__candidate,suite2_MthenN_s3,vendor,candidate,none,Meridian,11,1,0,12,0.9166666666666666,0.9166666666666666,0.646120088858883,0.9851349055950829,0,12,0,12,0.0,0.0,2.7755575615628914e-17,0.24249400665524085,11,1,0,12,0.9166666666666666,0.9166666666666666,0.646120088858883,0.9851349055950829,0.0,0.0,-0.08333333333333333,-0.08333333333333333,0.0,0.0
suite2_MthenN_s3__vendor__candidate,suite2_MthenN_s3,vendor,candidate,none,Sable,6,6,0,12,0.5,0.5,0.2537815976337061,0.7462184023662939,0,12,0,12,0.0,0.0,2.7755575615628914e-17,0.24249400665524085,6,6,0,12,0.5,0.5,0.2537815976337061,0.7462184023662939,-0.5,-0.41666666666666663,0.0,0.0,-0.5,-0.41666666666666663
suite2_SthenN_s3__vendor__blind,suite2_SthenN_s3,vendor,blind,none,Meridian,0,12,0,12,0.0,0.0,2.7755575615628914e-17,0.24249400665524085,0,12,0,12,0.0,0.0,2.7755575615628914e-17,0.24249400665524085,0,12,0,12,0.0,0.0,2.7755575615628914e-17,0.24249400665524085,0.0,0.0,0.0,0.0,0.0,0.0
suite2_SthenN_s3__vendor__blind,suite2_SthenN_s3,vendor,blind,none,Sable,2,10,0,12,0.16666666666666666,0.16666666666666666,0.04696514218385378,0.4480308622529734,0,12,0,12,0.0,0.0,2.7755575615628914e-17,0.24249400665524085,2,10,0,12,0.16666666666666666,0.16666666666666666,0.04696514218385378,0.4480308622529734,0.16666666666666666,0.16666666666666666,0.0,0.0,0.16666666666666666,0.16666666666666666
suite2_SthenN_s3__vendor__candidate,suite2_SthenN_s3,vendor,candidate,none,Meridian,10,2,0,12,0.8333333333333334,0.8333333333333334,0.5519691377470266,0.9530348578161463,0,12,0,12,0.0,0.0,2.7755575615628914e-17,0.24249400665524085,10,2,0,12,0.8333333333333334,0.8333333333333334,0.5519691377470266,0.9530348578161463,-0.08333333333333326,-0.08333333333333326,-0.08333333333333333,-0.08333333333333333,-0.08333333333333326,-0.08333333333333326
suite2_SthenN_s3__vendor__candidate,suite2_SthenN_s3,vendor,candidate,none,Sable,10,1,1,12,0.8333333333333334,0.9166666666666666,0.5519691377470266,0.9851349055950829,0,12,0,12,0.0,0.0,2.7755575615628914e-17,0.24249400665524085,10,1,1,12,0.8333333333333334,0.9166666666666666,0.5519691377470266,0.9851349055950829,-0.16666666666666663,0.0,0.0,0.0,-0.16666666666666663,0.0
positive__vendor__blind,clean_base,vendor,blind,positive,Meridian,7,5,0,12,0.5833333333333334,0.5833333333333334,0.31951131254954973,0.8067396863412435,12,0,0,12,1.0,1.0,0.7575059933447592,1.0,12,0,0,12,1.0,1.0,0.7575059933447592,1.0,,,,,,
positive__vendor__blind,clean_base,vendor,blind,positive,Sable,7,5,0,12,0.5833333333333334,0.5833333333333334,0.31951131254954973,0.8067396863412435,12,0,0,12,1.0,1.0,0.7575059933447592,1.0,12,0,0,12,1.0,1.0,0.7575059933447592,1.0,,,,,,
positive__vendor__candidate,clean_base,vendor,candidate,positive,Meridian,11,1,0,12,0.9166666666666666,0.9166666666666666,0.646120088858883,0.9851349055950829,12,0,0,12,1.0,1.0,0.7575059933447592,1.0,12,0,0,12,1.0,1.0,0.7575059933447592,1.0,,,,,,
positive__vendor__candidate,clean_base,vendor,candidate,positive,Sable,12,0,0,12,1.0,1.0,0.7575059933447592,1.0,12,0,0,12,1.0,1.0,0.7575059933447592,1.0,12,0,0,12,1.0,1.0,0.7575059933447592,1.0,,,,,,
positive__architecture__blind,clean_base,architecture,blind,positive,consolidation,12,0,0,12,1.0,1.0,0.7575059933447592,1.0,12,0,0,12,1.0,1.0,0.7575059933447592,1.0,12,0,0,12,1.0,1.0,0.7575059933447592,1.0,,,,,,
positive__architecture__blind,clean_base,architecture,blind,positive,specialization,12,0,0,12,1.0,1.0,0.7575059933447592,1.0,12,0,0,12,1.0,1.0,0.7575059933447592,1.0,12,0,0,12,1.0,1.0,0.7575059933447592,1.0,,,,,,
positive__architecture__candidate,clean_base,architecture,candidate,positive,consolidation,11,1,0,12,0.9166666666666666,0.9166666666666666,0.646120088858883,0.9851349055950829,12,0,0,12,1.0,1.0,0.7575059933447592,1.0,12,0,0,12,1.0,1.0,0.7575059933447592,1.0,,,,,,
positive__architecture__candidate,clean_base,architecture,candidate,positive,specialization,10,0,2,12,0.8333333333333334,1.0,0.5519691377470266,1.0,12,0,0,12,1.0,1.0,0.7575059933447592,1.0,12,0,0,12,1.0,1.0,0.7575059933447592,1.0,,,,,,
